<?xml version="1.0" encoding="UTF-8"?><CodeSystem xmlns="http://hl7.org/fhir"><id value="cs-thcc-screening-result"/><text><status value="generated"/><div xmlns="http://www.w3.org/1999/xhtml"><p>This code system http://terms.sil-th.org/CodeSystem/cs-thcc-screening-result defines the following codes:</p><table class="codes"><tr><td style="white-space:nowrap"><b>Code</b></td><td><b>Display</b></td></tr><tr><td style="white-space:nowrap">1<a name="cs-thcc-screening-result-1"> </a></td><td>ปกติ</td></tr><tr><td style="white-space:nowrap">2<a name="cs-thcc-screening-result-2"> </a></td><td>ผิดปกติ</td></tr><tr><td style="white-space:nowrap">3<a name="cs-thcc-screening-result-3"> </a></td><td>ไม่ตรวจ</td></tr><tr><td style="white-space:nowrap">4<a name="cs-thcc-screening-result-4"> </a></td><td>รอผลการตรวจ</td></tr><tr><td style="white-space:nowrap">9<a name="cs-thcc-screening-result-9"> </a></td><td>ไม่ทราบ</td></tr></table></div></text><url value="http://terms.sil-th.org/CodeSystem/cs-thcc-screening-result"/><version value="0.1.0"/><name value="CS_THCC_ScreeningResult"/><title value="รหัสผลการตรวจคัดกรองทางอนามัยแม่และเด็ก "/><status value="active"/><date value="2022-08-17T01:34:31+07:00"/><description value="รหัสผลการตรวจคัดกรองทางอนามัยแม่และเด็ก เพื่อใช้ประกอบโครงสร้างข้อมูล 43 แฟ้ม"/><jurisdiction><coding><system value="urn:iso:std:iso:3166"/><code value="TH"/></coding></jurisdiction><content value="complete"/><count value="5"/><concept><code value="1"/><display value="ปกติ"/></concept><concept><code value="2"/><display value="ผิดปกติ"/></concept><concept><code value="3"/><display value="ไม่ตรวจ"/></concept><concept><code value="4"/><display value="รอผลการตรวจ"/></concept><concept><code value="9"/><display value="ไม่ทราบ"/></concept></CodeSystem>