<?xml version="1.0" encoding="UTF-8"?><CodeSystem xmlns="http://hl7.org/fhir"><id value="cs-thcc-child-food"/><text><status value="generated"/><div xmlns="http://www.w3.org/1999/xhtml"><p>This code system http://terms.sil-th.org/CodeSystem/cs-thcc-child-food defines the following codes:</p><table class="codes"><tr><td style="white-space:nowrap"><b>Code</b></td><td><b>Display</b></td></tr><tr><td style="white-space:nowrap">0<a name="cs-thcc-child-food-0"> </a></td><td>เลิกดื่มนมแล้ว บันทึกเฉพาะอายุเด็ก 0-2 ปี 11 เดือน 29 วัน</td></tr><tr><td style="white-space:nowrap">1<a name="cs-thcc-child-food-1"> </a></td><td>นมแม่อย่างเดียว</td></tr><tr><td style="white-space:nowrap">2<a name="cs-thcc-child-food-2"> </a></td><td>นมแม่และน้ำ</td></tr><tr><td style="white-space:nowrap">3<a name="cs-thcc-child-food-3"> </a></td><td>นมแม่และนมผสม</td></tr><tr><td style="white-space:nowrap">4<a name="cs-thcc-child-food-4"> </a></td><td>นมผสมอย่างเดียว</td></tr><tr><td style="white-space:nowrap">5<a name="cs-thcc-child-food-5"> </a></td><td>นมและอาหารอื่นๆ</td></tr></table></div></text><url value="http://terms.sil-th.org/CodeSystem/cs-thcc-child-food"/><version value="0.1.0"/><name value="CS_THCC_ChildFood"/><title value="รหัสอาหารที่รับประทานปัจจุบัน"/><status value="active"/><date value="2022-08-17T01:34:31+07:00"/><description value="รหัสอาหารที่รับประทานปัจจุบัน สำหรับใช้ในโครงสร้างข้อมูล 43 แฟ้ม"/><jurisdiction><coding><system value="urn:iso:std:iso:3166"/><code value="TH"/></coding></jurisdiction><content value="complete"/><count value="6"/><concept><code value="0"/><display value="เลิกดื่มนมแล้ว บันทึกเฉพาะอายุเด็ก 0-2 ปี 11 เดือน 29 วัน"/></concept><concept><code value="1"/><display value="นมแม่อย่างเดียว"/></concept><concept><code value="2"/><display value="นมแม่และน้ำ"/></concept><concept><code value="3"/><display value="นมแม่และนมผสม"/></concept><concept><code value="4"/><display value="นมผสมอย่างเดียว"/></concept><concept><code value="5"/><display value="นมและอาหารอื่นๆ"/></concept></CodeSystem>