<?xml version="1.0" encoding="UTF-8"?><CodeSystem xmlns="http://hl7.org/fhir"><id value="cs-thcc-disability-type"/><text><status value="generated"/><div xmlns="http://www.w3.org/1999/xhtml"><p>This code system https://terms.sil-th.org/CodeSystem/cs-thcc-disability-type defines the following codes:</p><table class="codes"><tr><td style="white-space:nowrap"><b>Code</b></td><td><b>Display</b></td></tr><tr><td style="white-space:nowrap">1<a name="cs-thcc-disability-type-1"> </a></td><td>ความพิการทางการเห็น</td></tr><tr><td style="white-space:nowrap">2<a name="cs-thcc-disability-type-2"> </a></td><td>ความพิการทางการได้ยินหรือการสื่อความหมาย</td></tr><tr><td style="white-space:nowrap">3<a name="cs-thcc-disability-type-3"> </a></td><td>ความพิการการเคลื่อนไหวหรือทางร่างกาย</td></tr><tr><td style="white-space:nowrap">4<a name="cs-thcc-disability-type-4"> </a></td><td>ความพิการทางจิตใจหรือพฤติกรรมหรือออทิสติก</td></tr><tr><td style="white-space:nowrap">5<a name="cs-thcc-disability-type-5"> </a></td><td>ความพิการทางสติปัญญา</td></tr><tr><td style="white-space:nowrap">6<a name="cs-thcc-disability-type-6"> </a></td><td>ความพิการทางการเรียนรู้</td></tr><tr><td style="white-space:nowrap">7<a name="cs-thcc-disability-type-7"> </a></td><td>ความพิการทางออทิสติก</td></tr></table></div></text><url value="https://terms.sil-th.org/CodeSystem/cs-thcc-disability-type"/><version value="0.1.0"/><name value="CS_THCC_DisabilityType"/><title value="รหัสประเภทความพิการ"/><status value="active"/><date value="2022-08-15T02:16:31+07:00"/><description value="รหัสประเภทความพิการ จาก THCC ซึ่งใช้ในโครงสร้างข้อมูล 43 แฟ้ม"/><jurisdiction><coding><system value="urn:iso:std:iso:3166"/><code value="TH"/></coding></jurisdiction><content value="complete"/><count value="7"/><concept><code value="1"/><display value="ความพิการทางการเห็น"/></concept><concept><code value="2"/><display value="ความพิการทางการได้ยินหรือการสื่อความหมาย"/></concept><concept><code value="3"/><display value="ความพิการการเคลื่อนไหวหรือทางร่างกาย"/></concept><concept><code value="4"/><display value="ความพิการทางจิตใจหรือพฤติกรรมหรือออทิสติก"/></concept><concept><code value="5"/><display value="ความพิการทางสติปัญญา"/></concept><concept><code value="6"/><display value="ความพิการทางการเรียนรู้"/></concept><concept><code value="7"/><display value="ความพิการทางออทิสติก"/></concept></CodeSystem>