<?xml version="1.0" encoding="UTF-8"?><CodeSystem xmlns="http://hl7.org/fhir"><id value="cs-qn-dental"/><text><status value="generated"/><div xmlns="http://www.w3.org/1999/xhtml"><p>This code system http://terms.sil-th.org/CodeSystem/cs-qn-dental defines the following codes:</p><table class="codes"><tr><td style="white-space:nowrap"><b>Code</b></td><td><b>Display</b></td></tr><tr><td style="white-space:nowrap">Q01-1<a name="cs-qn-dental-Q01-1"> </a></td><td>กลุ่มหญิงตั้งครรภ์</td></tr><tr><td style="white-space:nowrap">Q01-2<a name="cs-qn-dental-Q01-2"> </a></td><td>กลุ่มเด็กก่อนวัยเรียน (อายุ 0-5 ปี)</td></tr><tr><td style="white-space:nowrap">Q01-3<a name="cs-qn-dental-Q01-3"> </a></td><td>กลุ่มเด็กวัยเรียน (อายุ 6-12 ปี)</td></tr><tr><td style="white-space:nowrap">Q01-4<a name="cs-qn-dental-Q01-4"> </a></td><td>กลุ่มผู้สูงอายุ (อายุ 60 ปีขึ้น ไป)</td></tr><tr><td style="white-space:nowrap">Q01-5<a name="cs-qn-dental-Q01-5"> </a></td><td>กลุ่มอื่น ๆ (นอกเหนือจาก 4 กลุ่มแรก)</td></tr><tr><td style="white-space:nowrap">Q10-1<a name="cs-qn-dental-Q10-1"> </a></td><td>ต้องทา/เคลือบฟูลออไรด์</td></tr><tr><td style="white-space:nowrap">Q10-2<a name="cs-qn-dental-Q10-2"> </a></td><td>ไม่ต้องทา/เคลือบฟูลออไรด์</td></tr><tr><td style="white-space:nowrap">Q11-1<a name="cs-qn-dental-Q11-1"> </a></td><td>ต้องขูดหินน้ำลาย</td></tr><tr><td style="white-space:nowrap">Q11-2<a name="cs-qn-dental-Q11-2"> </a></td><td>ไม่ต้องขูดหินน้ำลาย</td></tr><tr><td style="white-space:nowrap">Q17-1<a name="cs-qn-dental-Q17-1"> </a></td><td>ต้องใส่ฟันเทียมบนและล่าง</td></tr><tr><td style="white-space:nowrap">Q17-2<a name="cs-qn-dental-Q17-2"> </a></td><td>ต้องใส่ฟันเทียมบน</td></tr><tr><td style="white-space:nowrap">Q17-3<a name="cs-qn-dental-Q17-3"> </a></td><td>ต้องใส่ฟันเทียมล่าง</td></tr><tr><td style="white-space:nowrap">Q17-4<a name="cs-qn-dental-Q17-4"> </a></td><td>ไม่ต้องใส่ฟันเทียม</td></tr><tr><td style="white-space:nowrap">Q21-0<a name="cs-qn-dental-Q21-0"> </a></td><td>ปกติ</td></tr><tr><td style="white-space:nowrap">Q21-1<a name="cs-qn-dental-Q21-1"> </a></td><td>เหงือกอักเสบ</td></tr><tr><td style="white-space:nowrap">Q21-2<a name="cs-qn-dental-Q21-2"> </a></td><td>มีหินน้ำลายชัดเจน</td></tr><tr><td style="white-space:nowrap">Q21-3<a name="cs-qn-dental-Q21-3"> </a></td><td>ปริทันต์อักเสบหรือมีฟันโยก</td></tr><tr><td style="white-space:nowrap">Q21-9<a name="cs-qn-dental-Q21-9"> </a></td><td>ไม่มีฟันหรือตรวจไม่ได้</td></tr><tr><td style="white-space:nowrap">Q22-1<a name="cs-qn-dental-Q22-1"> </a></td><td>ศพด.</td></tr><tr><td style="white-space:nowrap">Q22-2<a name="cs-qn-dental-Q22-2"> </a></td><td>ประถมศึกษารัฐบาล</td></tr><tr><td style="white-space:nowrap">Q22-3<a name="cs-qn-dental-Q22-3"> </a></td><td>ประถมศึกษาเทศบาล</td></tr><tr><td style="white-space:nowrap">Q22-4<a name="cs-qn-dental-Q22-4"> </a></td><td>ประถมศึกษาท้องถิ่น</td></tr><tr><td style="white-space:nowrap">Q22-5<a name="cs-qn-dental-Q22-5"> </a></td><td>ประถมศึกษาเอกชน</td></tr><tr><td style="white-space:nowrap">Q22-6<a name="cs-qn-dental-Q22-6"> </a></td><td>มัธยมศึกษารัฐบาล</td></tr><tr><td style="white-space:nowrap">Q22-7<a name="cs-qn-dental-Q22-7"> </a></td><td>มัธยมศึกษาเทศบาล</td></tr><tr><td style="white-space:nowrap">Q22-8<a name="cs-qn-dental-Q22-8"> </a></td><td>มัธยมศึกษาท้องถิ่น</td></tr><tr><td style="white-space:nowrap">Q22-9<a name="cs-qn-dental-Q22-9"> </a></td><td>มัธยมศึกษาเอกชน</td></tr></table></div></text><url value="http://terms.sil-th.org/CodeSystem/cs-qn-dental"/><version value="0.1.0"/><name value="CS_QN_Dental"/><title value="รหัสคำตอบสำหรับตอบแบบสำรวจทันตกรรม"/><status value="active"/><date value="2022-08-16T21:51:46+07:00"/><description value="รหัสคำตอบสำหรับตอบแบบสำรวจทันตกรรม ตามโครงสร้างข้อมูล 43 แฟ้ม"/><jurisdiction><coding><system value="urn:iso:std:iso:3166"/><code value="TH"/></coding></jurisdiction><content value="complete"/><count value="27"/><concept><code value="Q01-1"/><display value="กลุ่มหญิงตั้งครรภ์"/></concept><concept><code value="Q01-2"/><display value="กลุ่มเด็กก่อนวัยเรียน (อายุ 0-5 ปี)"/></concept><concept><code value="Q01-3"/><display value="กลุ่มเด็กวัยเรียน (อายุ 6-12 ปี)"/></concept><concept><code value="Q01-4"/><display value="กลุ่มผู้สูงอายุ (อายุ 60 ปีขึ้น ไป)"/></concept><concept><code value="Q01-5"/><display value="กลุ่มอื่น ๆ (นอกเหนือจาก 4 กลุ่มแรก)"/></concept><concept><code value="Q10-1"/><display value="ต้องทา/เคลือบฟูลออไรด์"/></concept><concept><code value="Q10-2"/><display value="ไม่ต้องทา/เคลือบฟูลออไรด์"/></concept><concept><code value="Q11-1"/><display value="ต้องขูดหินน้ำลาย"/></concept><concept><code value="Q11-2"/><display value="ไม่ต้องขูดหินน้ำลาย"/></concept><concept><code value="Q17-1"/><display value="ต้องใส่ฟันเทียมบนและล่าง"/></concept><concept><code value="Q17-2"/><display value="ต้องใส่ฟันเทียมบน"/></concept><concept><code value="Q17-3"/><display value="ต้องใส่ฟันเทียมล่าง"/></concept><concept><code value="Q17-4"/><display value="ไม่ต้องใส่ฟันเทียม"/></concept><concept><code value="Q21-0"/><display value="ปกติ"/></concept><concept><code value="Q21-1"/><display value="เหงือกอักเสบ"/></concept><concept><code value="Q21-2"/><display value="มีหินน้ำลายชัดเจน"/></concept><concept><code value="Q21-3"/><display value="ปริทันต์อักเสบหรือมีฟันโยก"/></concept><concept><code value="Q21-9"/><display value="ไม่มีฟันหรือตรวจไม่ได้"/></concept><concept><code value="Q22-1"/><display value="ศพด."/></concept><concept><code value="Q22-2"/><display value="ประถมศึกษารัฐบาล"/></concept><concept><code value="Q22-3"/><display value="ประถมศึกษาเทศบาล"/></concept><concept><code value="Q22-4"/><display value="ประถมศึกษาท้องถิ่น"/></concept><concept><code value="Q22-5"/><display value="ประถมศึกษาเอกชน"/></concept><concept><code value="Q22-6"/><display value="มัธยมศึกษารัฐบาล"/></concept><concept><code value="Q22-7"/><display value="มัธยมศึกษาเทศบาล"/></concept><concept><code value="Q22-8"/><display value="มัธยมศึกษาท้องถิ่น"/></concept><concept><code value="Q22-9"/><display value="มัธยมศึกษาเอกชน"/></concept></CodeSystem>