<?xml version="1.0" encoding="UTF-8"?><CodeSystem xmlns="http://hl7.org/fhir"><id value="cs-thcc-2digit-lab"/><text><status value="generated"/><div xmlns="http://www.w3.org/1999/xhtml"><p>This code system http://terms.sil-th.org/CodeSystem/cs-thcc-2digit-lab defines the following codes:</p><table class="codes"><tr><td style="white-space:nowrap"><b>Code</b></td><td><b>Display</b></td></tr><tr><td style="white-space:nowrap">01<a name="cs-thcc-2digit-lab-01"> </a></td><td>ตรวจน้ำตาลในเลือด จากหลอดเลือดดำ หลังอดอาหาร</td></tr><tr><td style="white-space:nowrap">02<a name="cs-thcc-2digit-lab-02"> </a></td><td>ตรวจน้ำตาลในเลือด จากหลอดเลือดดำ โดยไม่อดอาหาร</td></tr><tr><td style="white-space:nowrap">03<a name="cs-thcc-2digit-lab-03"> </a></td><td>ตรวจน้ำตาลในเลือด จากเส้นเลือดฝอย หลังอดอาหาร</td></tr><tr><td style="white-space:nowrap">04<a name="cs-thcc-2digit-lab-04"> </a></td><td>ตรวจน้ำตาลในเลือด จากเส้นเลือดฝอย โดยไม่อดอาหาร</td></tr><tr><td style="white-space:nowrap">05<a name="cs-thcc-2digit-lab-05"> </a></td><td>ตรวจ HbA1C</td></tr><tr><td style="white-space:nowrap">06<a name="cs-thcc-2digit-lab-06"> </a></td><td>ตรวจ Triglyceride</td></tr><tr><td style="white-space:nowrap">07<a name="cs-thcc-2digit-lab-07"> </a></td><td>ตรวจ Total Cholesterol</td></tr><tr><td style="white-space:nowrap">08<a name="cs-thcc-2digit-lab-08"> </a></td><td>ตรวจ HDL Cholesterol</td></tr><tr><td style="white-space:nowrap">09<a name="cs-thcc-2digit-lab-09"> </a></td><td>ตรวจ LDL Cholesterol</td></tr><tr><td style="white-space:nowrap">10<a name="cs-thcc-2digit-lab-10"> </a></td><td>ตรวจ BUN ในเลือด</td></tr><tr><td style="white-space:nowrap">11<a name="cs-thcc-2digit-lab-11"> </a></td><td>ตรวจ Creatinine ในเลือด</td></tr><tr><td style="white-space:nowrap">12<a name="cs-thcc-2digit-lab-12"> </a></td><td>ตรวจโปรตีน microalbumin ในปัสสาวะ</td></tr><tr><td style="white-space:nowrap">13<a name="cs-thcc-2digit-lab-13"> </a></td><td>ตรวจ  CREATININE ในปัสสาวะ</td></tr><tr><td style="white-space:nowrap">14<a name="cs-thcc-2digit-lab-14"> </a></td><td>ตรวจโปรตีน macroalbumin ในปัสสาวะ</td></tr><tr><td style="white-space:nowrap">15<a name="cs-thcc-2digit-lab-15"> </a></td><td>ตรวจหาค่า eGFR (ใช้สูตร CKD-EPI  formula)</td></tr><tr><td style="white-space:nowrap">16<a name="cs-thcc-2digit-lab-16"> </a></td><td>ตรวจ Hb</td></tr><tr><td style="white-space:nowrap">17<a name="cs-thcc-2digit-lab-17"> </a></td><td>ตรวจ UPCR (Urine protein creatinine ratio)</td></tr><tr><td style="white-space:nowrap">18<a name="cs-thcc-2digit-lab-18"> </a></td><td>ตรวจ K (กรณี CKD stage 3 ขึ้นไป หรือได้ยา ACEI//ARBs) (serum/plasma)</td></tr><tr><td style="white-space:nowrap">19<a name="cs-thcc-2digit-lab-19"> </a></td><td>ตรวจ Bicarb (กรณี CKD stage 3 ขึ้นไป)</td></tr><tr><td style="white-space:nowrap">20<a name="cs-thcc-2digit-lab-20"> </a></td><td>ตรวจ phosphate (กรณี CKD stage 3 ขึ้นไป) (serum/plasma)</td></tr><tr><td style="white-space:nowrap">21<a name="cs-thcc-2digit-lab-21"> </a></td><td>ตรวจ PTH (กรณี CKD stage 3 ขึ้นไป)</td></tr></table></div></text><url value="http://terms.sil-th.org/CodeSystem/cs-thcc-2digit-lab"/><version value="0.1.0"/><name value="CS_THCC_2DigitLab"/><title value="รหัสการตรวจทางห้องปฎิบัติการ 2 หลัก"/><status value="active"/><date value="2022-08-16T00:23:13+07:00"/><description value="รหัสการตรวจทางห้องปฎิบัติการ 2 หลัก ของ THCC ซึ่งใช้ในโครงสร้างข้อมูล 43 แฟ้ม"/><jurisdiction><coding><system value="urn:iso:std:iso:3166"/><code value="TH"/></coding></jurisdiction><content value="complete"/><count value="21"/><concept><code value="01"/><display value="ตรวจน้ำตาลในเลือด จากหลอดเลือดดำ หลังอดอาหาร"/></concept><concept><code value="02"/><display value="ตรวจน้ำตาลในเลือด จากหลอดเลือดดำ โดยไม่อดอาหาร"/></concept><concept><code value="03"/><display value="ตรวจน้ำตาลในเลือด จากเส้นเลือดฝอย หลังอดอาหาร"/></concept><concept><code value="04"/><display value="ตรวจน้ำตาลในเลือด จากเส้นเลือดฝอย โดยไม่อดอาหาร"/></concept><concept><code value="05"/><display value="ตรวจ HbA1C"/></concept><concept><code value="06"/><display value="ตรวจ Triglyceride"/></concept><concept><code value="07"/><display value="ตรวจ Total Cholesterol"/></concept><concept><code value="08"/><display value="ตรวจ HDL Cholesterol"/></concept><concept><code value="09"/><display value="ตรวจ LDL Cholesterol"/></concept><concept><code value="10"/><display value="ตรวจ BUN ในเลือด"/></concept><concept><code value="11"/><display value="ตรวจ Creatinine ในเลือด"/></concept><concept><code value="12"/><display value="ตรวจโปรตีน microalbumin ในปัสสาวะ"/></concept><concept><code value="13"/><display value="ตรวจ  CREATININE ในปัสสาวะ"/></concept><concept><code value="14"/><display value="ตรวจโปรตีน macroalbumin ในปัสสาวะ"/></concept><concept><code value="15"/><display value="ตรวจหาค่า eGFR (ใช้สูตร CKD-EPI  formula)"/></concept><concept><code value="16"/><display value="ตรวจ Hb"/></concept><concept><code value="17"/><display value="ตรวจ UPCR (Urine protein creatinine ratio)"/></concept><concept><code value="18"/><display value="ตรวจ K (กรณี CKD stage 3 ขึ้นไป หรือได้ยา ACEI//ARBs) (serum/plasma)"/></concept><concept><code value="19"/><display value="ตรวจ Bicarb (กรณี CKD stage 3 ขึ้นไป)"/></concept><concept><code value="20"/><display value="ตรวจ phosphate (กรณี CKD stage 3 ขึ้นไป) (serum/plasma)"/></concept><concept><code value="21"/><display value="ตรวจ PTH (กรณี CKD stage 3 ขึ้นไป)"/></concept></CodeSystem>