<?xml version="1.0" encoding="UTF-8"?><CodeSystem xmlns="http://hl7.org/fhir"><id value="cs-thcc-rehab-device"/><text><status value="generated"/><div xmlns="http://www.w3.org/1999/xhtml"><p>This code system http://terms.sil-th.org/CodeSystem/cs-thcc-rehab-device defines the following codes:</p><table class="codes"><tr><td style="white-space:nowrap"><b>Code</b></td><td><b>Display</b></td></tr><tr><td style="white-space:nowrap">8005<a name="cs-thcc-rehab-device-8005"> </a></td><td>นิ้วเทียมหรือถุงมือยางสำหรับมือขาดบางส่วน</td></tr><tr><td style="white-space:nowrap">8101<a name="cs-thcc-rehab-device-8101"> </a></td><td>แขนเทียมต่ำกว่าระดับศอกส่วนปลายชนิดห้านิ้วมีระบบการใช้งาน</td></tr><tr><td style="white-space:nowrap">8102<a name="cs-thcc-rehab-device-8102"> </a></td><td>แขนเทียมต่ำกว่าระดับศอกส่วนปลายชนิดห้านิ้วไม่มีระบบการใช้งาน</td></tr><tr><td style="white-space:nowrap">8103<a name="cs-thcc-rehab-device-8103"> </a></td><td>แขนเทียมต่ำกว่าระดับศอกส่วนปลายชนิดตะขอโลหะ</td></tr><tr><td style="white-space:nowrap">8104<a name="cs-thcc-rehab-device-8104"> </a></td><td>แขนเทียมเหนือศอกส่วนปลายชนิดห้านิ้วมีระบบใช้งานข้อศอกล็อคได้ด้วยมือ</td></tr><tr><td style="white-space:nowrap">8105<a name="cs-thcc-rehab-device-8105"> </a></td><td>แขนเทียมเหนือศอกส่วนปลายชนิดตะขอโลหะข้อศอกล็อคได้ด้วยมือ</td></tr><tr><td style="white-space:nowrap">8106<a name="cs-thcc-rehab-device-8106"> </a></td><td>แขนเทียมชิดไหล่หรือแบบไหล่ส่วนปลายชนิดห้านิ้วไม่มีระบบใช้งานข้อศอกล็อคได้ด้วยมือ(ระบบแกนนอก)</td></tr><tr><td style="white-space:nowrap">8107<a name="cs-thcc-rehab-device-8107"> </a></td><td>แขนเทียมเหนือศอกส่วนปลายชนิดห้านิ้วมีระบบใช้งานข้อศอกล็อคได้ด้วยมือ</td></tr><tr><td style="white-space:nowrap">8108<a name="cs-thcc-rehab-device-8108"> </a></td><td>เบ้าแขนเทียมใต้ศอก (สำหรับเปลี่ยนเฉพาะเบ้า)</td></tr><tr><td style="white-space:nowrap">8109<a name="cs-thcc-rehab-device-8109"> </a></td><td>เบ้าแขนเทียมระดับศอก (สำหรับเปลี่ยนเฉพาะเบ้า)</td></tr><tr><td style="white-space:nowrap">8110<a name="cs-thcc-rehab-device-8110"> </a></td><td>เบ้าแขนเทียมระดับเหนือศอก (สำหรับเปลี่ยนเฉพาะเบ้า)</td></tr><tr><td style="white-space:nowrap">8111<a name="cs-thcc-rehab-device-8111"> </a></td><td>เบ้าแขนเทียมระดับไหล่ (สำหรับเปลี่ยนเฉพาะเบ้า)</td></tr><tr><td style="white-space:nowrap">8112<a name="cs-thcc-rehab-device-8112"> </a></td><td>สายบังคับแขนเทียม (สำหรับเปลี่ยนเฉพาะสาย)</td></tr><tr><td style="white-space:nowrap">8201<a name="cs-thcc-rehab-device-8201"> </a></td><td>ขาเทียมระดับข้อเท้า (Syme)</td></tr><tr><td style="white-space:nowrap">8202<a name="cs-thcc-rehab-device-8202"> </a></td><td>ขาเทียมระดับใต้เข่าแกนนอก</td></tr><tr><td style="white-space:nowrap">8205<a name="cs-thcc-rehab-device-8205"> </a></td><td>ขาเทียมระดับเหนือเข่าแกนนอก</td></tr><tr><td style="white-space:nowrap">8206<a name="cs-thcc-rehab-device-8206"> </a></td><td>ขาเทียมระดับเหนือเข่าแกนนอก</td></tr><tr><td style="white-space:nowrap">8209<a name="cs-thcc-rehab-device-8209"> </a></td><td>เท้าเทียมที่ต้องใส่ร่วมกับขาเทียมแบบต่างๆ</td></tr><tr><td style="white-space:nowrap">8218<a name="cs-thcc-rehab-device-8218"> </a></td><td>เบ้าขาเทียมใต้เข่า/ข้อเท้า</td></tr><tr><td style="white-space:nowrap">8219<a name="cs-thcc-rehab-device-8219"> </a></td><td>เบ้าขาเทียมระดับเข่า</td></tr><tr><td style="white-space:nowrap">8220<a name="cs-thcc-rehab-device-8220"> </a></td><td>เบ้าขาเทียมเหนือเข่า</td></tr><tr><td style="white-space:nowrap">8221<a name="cs-thcc-rehab-device-8221"> </a></td><td>เบ้าขาเทียมสะโพก</td></tr><tr><td style="white-space:nowrap">8222<a name="cs-thcc-rehab-device-8222"> </a></td><td>สายเข็มขัดเทียม</td></tr><tr><td style="white-space:nowrap">8223<a name="cs-thcc-rehab-device-8223"> </a></td><td>แป้นสายเข็มขัด</td></tr><tr><td style="white-space:nowrap">8305<a name="cs-thcc-rehab-device-8305"> </a></td><td>อุปกรณ์พยุงลำตัว</td></tr><tr><td style="white-space:nowrap">8306<a name="cs-thcc-rehab-device-8306"> </a></td><td>โลหะหรือพลาสติกดามหลังคด</td></tr><tr><td style="white-space:nowrap">8501<a name="cs-thcc-rehab-device-8501"> </a></td><td>โลหะ/พลาสติกดามขาเด็กเล็กชนิดยาวไม่มีข้อเข่า(long leg posterior slap)</td></tr><tr><td style="white-space:nowrap">8502<a name="cs-thcc-rehab-device-8502"> </a></td><td>พลาสติกดามขาชนิดยาวมีข้อเข่าล็อกได้ไม่มีข้อเท้า (Hybrid KO)</td></tr><tr><td style="white-space:nowrap">8503<a name="cs-thcc-rehab-device-8503"> </a></td><td>โลหะดามขาชนิดยาวมีข้อเข่าล็อคได้มีข้อเท้า(Metal KAFO)</td></tr><tr><td style="white-space:nowrap">8507<a name="cs-thcc-rehab-device-8507"> </a></td><td>โลหะดามขามีข้อเข่าล็อกได้ (Metal KO)</td></tr><tr><td style="white-space:nowrap">8508<a name="cs-thcc-rehab-device-8508"> </a></td><td>เบ้ารับน้ำหนักที่กระดูกก้นกบ (Ischium seat)</td></tr><tr><td style="white-space:nowrap">8510<a name="cs-thcc-rehab-device-8510"> </a></td><td>พลาสติกดามขาชนิดสั้นไม่มีข้อ (Plastic AFO)</td></tr><tr><td style="white-space:nowrap">8511<a name="cs-thcc-rehab-device-8511"> </a></td><td>โลหะดามขาชนิดสั้น (Metal AFO)</td></tr><tr><td style="white-space:nowrap">8519<a name="cs-thcc-rehab-device-8519"> </a></td><td>พลาสติกดามข้อเท้า (Foot Orthosis)</td></tr><tr><td style="white-space:nowrap">8520<a name="cs-thcc-rehab-device-8520"> </a></td><td>สายรัดกันเท้าตก (Foot sling)</td></tr><tr><td style="white-space:nowrap">8524<a name="cs-thcc-rehab-device-8524"> </a></td><td>PTB brace ชนิดโลหะแบบมีข้อเท้า</td></tr><tr><td style="white-space:nowrap">8526<a name="cs-thcc-rehab-device-8526"> </a></td><td>ที่คลุมเข่า (Knee pad)</td></tr><tr><td style="white-space:nowrap">8605<a name="cs-thcc-rehab-device-8605"> </a></td><td>แผ่นโลหะ/พลาสติกบังคับเชิงกรานเด็กชนิดมีข้อสะโพก(Pelvic band)</td></tr><tr><td style="white-space:nowrap">8606<a name="cs-thcc-rehab-device-8606"> </a></td><td>แผ่นโลหะ/พลาสติกบังคับเชิงกรานผู้ใหญ่ ชนิดมีข้อสะโพก(Pelvic band)</td></tr><tr><td style="white-space:nowrap">8609<a name="cs-thcc-rehab-device-8609"> </a></td><td>อุปกรณ์พยุงส้นเท้าและ/หรือฝ่าเท้าชนิดสำเร็จรูป</td></tr><tr><td style="white-space:nowrap">8610<a name="cs-thcc-rehab-device-8610"> </a></td><td>อุปกรณ์พยุงส้นเท้าและฝ่าเท้าชนิดหล่อพิเศษ เฉพาะราย</td></tr><tr><td style="white-space:nowrap">8612<a name="cs-thcc-rehab-device-8612"> </a></td><td>อุปกรณ์พยุงส้นเท้าและฝ่าเท้าสำหรับผู้ป่วยเบาหวานที่มีความเสี่ยงเพื่อป้องกันการเกิดแผล แผลซ้ำซ้อนและการตัดเท้าชนิดตัดเฉพาะราย</td></tr><tr><td style="white-space:nowrap">8801<a name="cs-thcc-rehab-device-8801"> </a></td><td>รองเท้าคนพิการขนาดเล็กชนิดตัดเฉพาะราย</td></tr><tr><td style="white-space:nowrap">8802<a name="cs-thcc-rehab-device-8802"> </a></td><td>รองเท้าคนพิการขนาดกลางชนิดตัดเฉพาะราย</td></tr><tr><td style="white-space:nowrap">8803<a name="cs-thcc-rehab-device-8803"> </a></td><td>รองเท้าคนพิการขนาดใหญ่ชนิดตัดเฉพาะราย</td></tr><tr><td style="white-space:nowrap">8804<a name="cs-thcc-rehab-device-8804"> </a></td><td>รองเท้าคนพิการขนาดใหญ่พิเศษชนิดตัดเฉพาะราย</td></tr><tr><td style="white-space:nowrap">8805<a name="cs-thcc-rehab-device-8805"> </a></td><td>ค่าดัดแปลงรองเท้าคนพิการ</td></tr><tr><td style="white-space:nowrap">8813<a name="cs-thcc-rehab-device-8813"> </a></td><td>รองเท้าสำหรับผู้ป่วยเบาหวานที่มีความเสี่ยงเพื่อป้องกันการเกิดแผล,แผลซ้ำซ้อน และการตัดเท้า (Extra depth shoes) ชนิดสำเร็จรูป</td></tr><tr><td style="white-space:nowrap">8814<a name="cs-thcc-rehab-device-8814"> </a></td><td>รองเท้าสำหรับผู้ป่วยเบาหวานที่มีความเสี่ยงสูง ที่มีเท้าผิดรูป เนื่องจากบางส่วนถูกตัดหรือมีแผลที่เท้า ชนิดตัดเฉพาะราย</td></tr><tr><td style="white-space:nowrap">8809<a name="cs-thcc-rehab-device-8809"> </a></td><td>เสริมฝ่าเท้าส่วนหน้า</td></tr><tr><td style="white-space:nowrap">8810<a name="cs-thcc-rehab-device-8810"> </a></td><td>T-strap</td></tr><tr><td style="white-space:nowrap">8901<a name="cs-thcc-rehab-device-8901"> </a></td><td>รถนั่งคนพิการชนิดพับได้ทำด้วยโลหะ แบบปรับให้เหมาะสมกับความพิการได้</td></tr><tr><td style="white-space:nowrap">8902<a name="cs-thcc-rehab-device-8902"> </a></td><td>รถนั่งคนพิการชนิดพับได้ทำด้วยโลหะ แบบปรับไม่ได้</td></tr><tr><td style="white-space:nowrap">8903<a name="cs-thcc-rehab-device-8903"> </a></td><td>เบาะรองนั่งสำหรับผู้พิการ</td></tr><tr><td style="white-space:nowrap">8904<a name="cs-thcc-rehab-device-8904"> </a></td><td>รถสามล้อโยกสำหรับคนพิการ</td></tr></table></div></text><url value="http://terms.sil-th.org/CodeSystem/cs-thcc-rehab-device"/><version value="0.1.0"/><name value="CS_THCC_RehabDevice"/><title value="รหัสกายอุปกรณ์ที่ได้รับ"/><status value="active"/><date value="2022-08-16T21:51:46+07:00"/><description value="รหัสกายอุปกรณ์ที่ได้รับ ตามโครงสร้างข้อมูล 43 แฟ้ม"/><jurisdiction><coding><system value="urn:iso:std:iso:3166"/><code value="TH"/></coding></jurisdiction><content value="complete"/><count value="55"/><concept><code value="8005"/><display value="นิ้วเทียมหรือถุงมือยางสำหรับมือขาดบางส่วน"/></concept><concept><code value="8101"/><display value="แขนเทียมต่ำกว่าระดับศอกส่วนปลายชนิดห้านิ้วมีระบบการใช้งาน"/></concept><concept><code value="8102"/><display value="แขนเทียมต่ำกว่าระดับศอกส่วนปลายชนิดห้านิ้วไม่มีระบบการใช้งาน"/></concept><concept><code value="8103"/><display value="แขนเทียมต่ำกว่าระดับศอกส่วนปลายชนิดตะขอโลหะ"/></concept><concept><code value="8104"/><display value="แขนเทียมเหนือศอกส่วนปลายชนิดห้านิ้วมีระบบใช้งานข้อศอกล็อคได้ด้วยมือ"/></concept><concept><code value="8105"/><display value="แขนเทียมเหนือศอกส่วนปลายชนิดตะขอโลหะข้อศอกล็อคได้ด้วยมือ"/></concept><concept><code value="8106"/><display value="แขนเทียมชิดไหล่หรือแบบไหล่ส่วนปลายชนิดห้านิ้วไม่มีระบบใช้งานข้อศอกล็อคได้ด้วยมือ(ระบบแกนนอก)"/></concept><concept><code value="8107"/><display value="แขนเทียมเหนือศอกส่วนปลายชนิดห้านิ้วมีระบบใช้งานข้อศอกล็อคได้ด้วยมือ"/></concept><concept><code value="8108"/><display value="เบ้าแขนเทียมใต้ศอก (สำหรับเปลี่ยนเฉพาะเบ้า)"/></concept><concept><code value="8109"/><display value="เบ้าแขนเทียมระดับศอก (สำหรับเปลี่ยนเฉพาะเบ้า)"/></concept><concept><code value="8110"/><display value="เบ้าแขนเทียมระดับเหนือศอก (สำหรับเปลี่ยนเฉพาะเบ้า)"/></concept><concept><code value="8111"/><display value="เบ้าแขนเทียมระดับไหล่ (สำหรับเปลี่ยนเฉพาะเบ้า)"/></concept><concept><code value="8112"/><display value="สายบังคับแขนเทียม (สำหรับเปลี่ยนเฉพาะสาย)"/></concept><concept><code value="8201"/><display value="ขาเทียมระดับข้อเท้า (Syme)"/></concept><concept><code value="8202"/><display value="ขาเทียมระดับใต้เข่าแกนนอก"/></concept><concept><code value="8205"/><display value="ขาเทียมระดับเหนือเข่าแกนนอก"/></concept><concept><code value="8206"/><display value="ขาเทียมระดับเหนือเข่าแกนนอก"/></concept><concept><code value="8209"/><display value="เท้าเทียมที่ต้องใส่ร่วมกับขาเทียมแบบต่างๆ"/></concept><concept><code value="8218"/><display value="เบ้าขาเทียมใต้เข่า/ข้อเท้า"/></concept><concept><code value="8219"/><display value="เบ้าขาเทียมระดับเข่า"/></concept><concept><code value="8220"/><display value="เบ้าขาเทียมเหนือเข่า"/></concept><concept><code value="8221"/><display value="เบ้าขาเทียมสะโพก"/></concept><concept><code value="8222"/><display value="สายเข็มขัดเทียม"/></concept><concept><code value="8223"/><display value="แป้นสายเข็มขัด"/></concept><concept><code value="8305"/><display value="อุปกรณ์พยุงลำตัว"/></concept><concept><code value="8306"/><display value="โลหะหรือพลาสติกดามหลังคด"/></concept><concept><code value="8501"/><display value="โลหะ/พลาสติกดามขาเด็กเล็กชนิดยาวไม่มีข้อเข่า(long leg posterior slap)"/></concept><concept><code value="8502"/><display value="พลาสติกดามขาชนิดยาวมีข้อเข่าล็อกได้ไม่มีข้อเท้า (Hybrid KO)"/></concept><concept><code value="8503"/><display value="โลหะดามขาชนิดยาวมีข้อเข่าล็อคได้มีข้อเท้า(Metal KAFO)"/></concept><concept><code value="8507"/><display value="โลหะดามขามีข้อเข่าล็อกได้ (Metal KO)"/></concept><concept><code value="8508"/><display value="เบ้ารับน้ำหนักที่กระดูกก้นกบ (Ischium seat)"/></concept><concept><code value="8510"/><display value="พลาสติกดามขาชนิดสั้นไม่มีข้อ (Plastic AFO)"/></concept><concept><code value="8511"/><display value="โลหะดามขาชนิดสั้น (Metal AFO)"/></concept><concept><code value="8519"/><display value="พลาสติกดามข้อเท้า (Foot Orthosis)"/></concept><concept><code value="8520"/><display value="สายรัดกันเท้าตก (Foot sling)"/></concept><concept><code value="8524"/><display value="PTB brace ชนิดโลหะแบบมีข้อเท้า"/></concept><concept><code value="8526"/><display value="ที่คลุมเข่า (Knee pad)"/></concept><concept><code value="8605"/><display value="แผ่นโลหะ/พลาสติกบังคับเชิงกรานเด็กชนิดมีข้อสะโพก(Pelvic band)"/></concept><concept><code value="8606"/><display value="แผ่นโลหะ/พลาสติกบังคับเชิงกรานผู้ใหญ่ ชนิดมีข้อสะโพก(Pelvic band)"/></concept><concept><code value="8609"/><display value="อุปกรณ์พยุงส้นเท้าและ/หรือฝ่าเท้าชนิดสำเร็จรูป"/></concept><concept><code value="8610"/><display value="อุปกรณ์พยุงส้นเท้าและฝ่าเท้าชนิดหล่อพิเศษ เฉพาะราย"/></concept><concept><code value="8612"/><display value="อุปกรณ์พยุงส้นเท้าและฝ่าเท้าสำหรับผู้ป่วยเบาหวานที่มีความเสี่ยงเพื่อป้องกันการเกิดแผล แผลซ้ำซ้อนและการตัดเท้าชนิดตัดเฉพาะราย"/></concept><concept><code value="8801"/><display value="รองเท้าคนพิการขนาดเล็กชนิดตัดเฉพาะราย"/></concept><concept><code value="8802"/><display value="รองเท้าคนพิการขนาดกลางชนิดตัดเฉพาะราย"/></concept><concept><code value="8803"/><display value="รองเท้าคนพิการขนาดใหญ่ชนิดตัดเฉพาะราย"/></concept><concept><code value="8804"/><display value="รองเท้าคนพิการขนาดใหญ่พิเศษชนิดตัดเฉพาะราย"/></concept><concept><code value="8805"/><display value="ค่าดัดแปลงรองเท้าคนพิการ"/></concept><concept><code value="8813"/><display value="รองเท้าสำหรับผู้ป่วยเบาหวานที่มีความเสี่ยงเพื่อป้องกันการเกิดแผล,แผลซ้ำซ้อน และการตัดเท้า (Extra depth shoes) ชนิดสำเร็จรูป"/></concept><concept><code value="8814"/><display value="รองเท้าสำหรับผู้ป่วยเบาหวานที่มีความเสี่ยงสูง ที่มีเท้าผิดรูป เนื่องจากบางส่วนถูกตัดหรือมีแผลที่เท้า ชนิดตัดเฉพาะราย"/></concept><concept><code value="8809"/><display value="เสริมฝ่าเท้าส่วนหน้า"/></concept><concept><code value="8810"/><display value="T-strap"/></concept><concept><code value="8901"/><display value="รถนั่งคนพิการชนิดพับได้ทำด้วยโลหะ แบบปรับให้เหมาะสมกับความพิการได้"/></concept><concept><code value="8902"/><display value="รถนั่งคนพิการชนิดพับได้ทำด้วยโลหะ แบบปรับไม่ได้"/></concept><concept><code value="8903"/><display value="เบาะรองนั่งสำหรับผู้พิการ"/></concept><concept><code value="8904"/><display value="รถสามล้อโยกสำหรับคนพิการ"/></concept></CodeSystem>