<?xml version="1.0" encoding="UTF-8"?><CodeSystem xmlns="http://hl7.org/fhir"><id value="cs-thcc-ncd-foot-exam"/><text><status value="generated"/><div xmlns="http://www.w3.org/1999/xhtml"><p>This code system http://terms.sil-th.org/CodeSystem/cs-thcc-ncd-foot-exam defines the following codes:</p><table class="codes"><tr><td style="white-space:nowrap"><b>Code</b></td><td><b>Display</b></td></tr><tr><td style="white-space:nowrap">1<a name="cs-thcc-ncd-foot-exam-1"> </a></td><td>ตรวจ ผลปกติ</td></tr><tr><td style="white-space:nowrap">2<a name="cs-thcc-ncd-foot-exam-2"> </a></td><td>ไม่ตรวจ</td></tr><tr><td style="white-space:nowrap">3<a name="cs-thcc-ncd-foot-exam-3"> </a></td><td>ตรวจ ผลไม่ปกติ</td></tr><tr><td style="white-space:nowrap">9<a name="cs-thcc-ncd-foot-exam-9"> </a></td><td>ไม่ทราบ</td></tr></table></div></text><url value="http://terms.sil-th.org/CodeSystem/cs-thcc-ncd-foot-exam"/><version value="0.1.0"/><name value="CS_THCC_NcdFootExam"/><title value="รหัสตรวจเท้า"/><status value="active"/><date value="2022-08-16T00:23:13+07:00"/><description value="รหัสตรวจเท้า ตามโครงสร้างข้อมูล 43 แฟ้ม"/><jurisdiction><coding><system value="urn:iso:std:iso:3166"/><code value="TH"/></coding></jurisdiction><content value="complete"/><count value="4"/><concept><code value="1"/><display value="ตรวจ ผลปกติ"/></concept><concept><code value="2"/><display value="ไม่ตรวจ"/></concept><concept><code value="3"/><display value="ตรวจ ผลไม่ปกติ"/></concept><concept><code value="9"/><display value="ไม่ทราบ"/></concept></CodeSystem>