<?xml version="1.0" encoding="UTF-8"?><CodeSystem xmlns="http://hl7.org/fhir"><id value="cs-thcc-coverage-type"/><text><status value="generated"/><div xmlns="http://www.w3.org/1999/xhtml"><p>This code system https://terms.sil-th.org/CodeSystem/cs-thcc-coverage-type defines the following codes:</p><table class="codes"><tr><td style="white-space:nowrap"><b>Code</b></td><td><b>Display</b></td></tr><tr><td style="white-space:nowrap">0100<a name="cs-thcc-coverage-type-0100"> </a></td><td>หลักประกันสุขภาพ</td></tr><tr><td style="white-space:nowrap">1100<a name="cs-thcc-coverage-type-1100"> </a></td><td>ข้าราชการประจำ</td></tr><tr><td style="white-space:nowrap">1200<a name="cs-thcc-coverage-type-1200"> </a></td><td>ข้าราชการบำนาญ</td></tr><tr><td style="white-space:nowrap">1300<a name="cs-thcc-coverage-type-1300"> </a></td><td>ลูกจ้างประจำ</td></tr><tr><td style="white-space:nowrap">1400<a name="cs-thcc-coverage-type-1400"> </a></td><td>ลูกจ้างประจำบำนาญ</td></tr><tr><td style="white-space:nowrap">1900<a name="cs-thcc-coverage-type-1900"> </a></td><td>ข้าราชการการเมือง</td></tr><tr><td style="white-space:nowrap">2101<a name="cs-thcc-coverage-type-2101"> </a></td><td>ข้าราชการประจำกรุงเทพมหานคร</td></tr><tr><td style="white-space:nowrap">2102<a name="cs-thcc-coverage-type-2102"> </a></td><td>ข้าราชการบำนาญกรุงเทพมหานคร</td></tr><tr><td style="white-space:nowrap">2103<a name="cs-thcc-coverage-type-2103"> </a></td><td>ลูกจ้างประจำกรุงเทพมหานคร</td></tr><tr><td style="white-space:nowrap">2104<a name="cs-thcc-coverage-type-2104"> </a></td><td>ลูกจ้างประจำบำนาญกรุงเทพมหานคร</td></tr><tr><td style="white-space:nowrap">2105<a name="cs-thcc-coverage-type-2105"> </a></td><td>ข้าราชการประจำเมืองพัทยา</td></tr><tr><td style="white-space:nowrap">2106<a name="cs-thcc-coverage-type-2106"> </a></td><td>ข้าราชการบำนาญเมืองพัทยา</td></tr><tr><td style="white-space:nowrap">2107<a name="cs-thcc-coverage-type-2107"> </a></td><td>ลูกจ้างประจำเมืองพัทยา</td></tr><tr><td style="white-space:nowrap">2108<a name="cs-thcc-coverage-type-2108"> </a></td><td>ลูกจ้างประจำบำนาญเมืองพัทยา</td></tr><tr><td style="white-space:nowrap">2201<a name="cs-thcc-coverage-type-2201"> </a></td><td>ข้าราชการประจำเทศบาล</td></tr><tr><td style="white-space:nowrap">2202<a name="cs-thcc-coverage-type-2202"> </a></td><td>ข้าราชการบำนาญเทศบาล</td></tr><tr><td style="white-space:nowrap">2203<a name="cs-thcc-coverage-type-2203"> </a></td><td>ลูกจ้างประจำเทศบาล</td></tr><tr><td style="white-space:nowrap">2204<a name="cs-thcc-coverage-type-2204"> </a></td><td>ลูกจ้างประจำบำนาญเทศบาล</td></tr><tr><td style="white-space:nowrap">2301<a name="cs-thcc-coverage-type-2301"> </a></td><td>ข้าราชการประจำองค์การบริหารส่วนจังหวัด</td></tr><tr><td style="white-space:nowrap">2302<a name="cs-thcc-coverage-type-2302"> </a></td><td>ข้าราชการบำนาญองค์การบริหารส่วนจังหวัด</td></tr><tr><td style="white-space:nowrap">2303<a name="cs-thcc-coverage-type-2303"> </a></td><td>ลูกจ้างประจำองค์การบริหารส่วนจังหวัด</td></tr><tr><td style="white-space:nowrap">2304<a name="cs-thcc-coverage-type-2304"> </a></td><td>ลูกจ้างประจำบำนาญองค์การบริหารส่วนจังหวัด             </td></tr><tr><td style="white-space:nowrap">2401<a name="cs-thcc-coverage-type-2401"> </a></td><td>ข้าราชการประจำองค์การบริหารส่วนตำบล</td></tr><tr><td style="white-space:nowrap">2402<a name="cs-thcc-coverage-type-2402"> </a></td><td>ข้าราชการบำนาญองค์การบริหารส่วนตำบล</td></tr><tr><td style="white-space:nowrap">2403<a name="cs-thcc-coverage-type-2403"> </a></td><td>ลูกจ้างประจำองค์การบริหารส่วนตำบล</td></tr><tr><td style="white-space:nowrap">2404<a name="cs-thcc-coverage-type-2404"> </a></td><td>ลูกจ้างประจำบำนาญองค์การบริหารส่วนตำบล</td></tr><tr><td style="white-space:nowrap">2501<a name="cs-thcc-coverage-type-2501"> </a></td><td>ข้าราชการการเมืองกรุงเทพมหานคร</td></tr><tr><td style="white-space:nowrap">2502<a name="cs-thcc-coverage-type-2502"> </a></td><td>ข้าราชการการเมืองเมืองพัทยา</td></tr><tr><td style="white-space:nowrap">2601<a name="cs-thcc-coverage-type-2601"> </a></td><td>ข้าราชการการเมืองเทศบาล</td></tr><tr><td style="white-space:nowrap">2701<a name="cs-thcc-coverage-type-2701"> </a></td><td>ข้าราชการการเมืององค์การบริหารส่วนจังหวัด</td></tr><tr><td style="white-space:nowrap">2801<a name="cs-thcc-coverage-type-2801"> </a></td><td>ข้าราชการการเมืององค์การบริหารส่วนตำบล</td></tr><tr><td style="white-space:nowrap">3101<a name="cs-thcc-coverage-type-3101"> </a></td><td>การไฟฟ้านครหลวง</td></tr><tr><td style="white-space:nowrap">3102<a name="cs-thcc-coverage-type-3102"> </a></td><td>การไฟฟ้าฝ่ายผลิตแห่งประเทศไทย</td></tr><tr><td style="white-space:nowrap">3103<a name="cs-thcc-coverage-type-3103"> </a></td><td>การไฟฟ้าส่วนภูมิภาค</td></tr><tr><td style="white-space:nowrap">3104<a name="cs-thcc-coverage-type-3104"> </a></td><td>บริษัท ปตท. จำกัด (มหาชน)</td></tr><tr><td style="white-space:nowrap">3201<a name="cs-thcc-coverage-type-3201"> </a></td><td>การทางพิเศษแห่งประเทศไทย</td></tr><tr><td style="white-space:nowrap">3202<a name="cs-thcc-coverage-type-3202"> </a></td><td>การท่าเรือแห่งประเทศไทย</td></tr><tr><td style="white-space:nowrap">3203<a name="cs-thcc-coverage-type-3203"> </a></td><td>การรถไฟฟ้ามวลชนแห่งประเทศไทย</td></tr><tr><td style="white-space:nowrap">3204<a name="cs-thcc-coverage-type-3204"> </a></td><td>การรถไฟแห่งประเทศไทย</td></tr><tr><td style="white-space:nowrap">3205<a name="cs-thcc-coverage-type-3205"> </a></td><td>บริษัท การบินไทย จำกัด (มหาชน)</td></tr><tr><td style="white-space:nowrap">3206<a name="cs-thcc-coverage-type-3206"> </a></td><td>บริษัทขนส่ง จำกัด</td></tr><tr><td style="white-space:nowrap">3207<a name="cs-thcc-coverage-type-3207"> </a></td><td>บริษัท ท่าอากาศยายไทย จำกัด (มหาชน)</td></tr><tr><td style="white-space:nowrap">3208<a name="cs-thcc-coverage-type-3208"> </a></td><td>ไทยเดินเรือทะเล จำกัด</td></tr><tr><td style="white-space:nowrap">3209<a name="cs-thcc-coverage-type-3209"> </a></td><td>บริษัท วิทยุการบินแห่งประเทศไทย จำกัด</td></tr><tr><td style="white-space:nowrap">3210<a name="cs-thcc-coverage-type-3210"> </a></td><td>สถาบันการบินพลเรือน</td></tr><tr><td style="white-space:nowrap">3211<a name="cs-thcc-coverage-type-3211"> </a></td><td>องค์การขนส่งมวลชนกรุงเทพ</td></tr><tr><td style="white-space:nowrap">3301<a name="cs-thcc-coverage-type-3301"> </a></td><td>บริษัท กสท. โทรคมนาคม จำกัด (มหาชน)</td></tr><tr><td style="white-space:nowrap">3302<a name="cs-thcc-coverage-type-3302"> </a></td><td>บริษัท ทีโอที จำกัด (มหาชน)</td></tr><tr><td style="white-space:nowrap">3303<a name="cs-thcc-coverage-type-3303"> </a></td><td>บริษัทไปรษณีย์ไทย จำกัด</td></tr><tr><td style="white-space:nowrap">3304<a name="cs-thcc-coverage-type-3304"> </a></td><td>บริษัท อสมท. จำกัด</td></tr><tr><td style="white-space:nowrap">3401<a name="cs-thcc-coverage-type-3401"> </a></td><td>การเคหะแห่งชาติ</td></tr><tr><td style="white-space:nowrap">3402<a name="cs-thcc-coverage-type-3402"> </a></td><td>การประปานครหลวง</td></tr><tr><td style="white-space:nowrap">3403<a name="cs-thcc-coverage-type-3403"> </a></td><td>การประปาส่วนภูมิภาค</td></tr><tr><td style="white-space:nowrap">3404<a name="cs-thcc-coverage-type-3404"> </a></td><td>องค์การจัดการน้ำเสีย</td></tr><tr><td style="white-space:nowrap">3501<a name="cs-thcc-coverage-type-3501"> </a></td><td>การนิคมอุตสาหกรรมแห่งประเทศไทย</td></tr><tr><td style="white-space:nowrap">3502<a name="cs-thcc-coverage-type-3502"> </a></td><td>บริษัท อู่กรุงเทพ จำกัด</td></tr><tr><td style="white-space:nowrap">3503<a name="cs-thcc-coverage-type-3503"> </a></td><td>โรงงานไพ่ กรมสรรพสามิต</td></tr><tr><td style="white-space:nowrap">3504<a name="cs-thcc-coverage-type-3504"> </a></td><td>โรงงานยาสูบ กระทรวงการคลัง</td></tr><tr><td style="white-space:nowrap">3505<a name="cs-thcc-coverage-type-3505"> </a></td><td>โรงพิมพ์ตำรวจ สำนักงานตำรวจแห่งชาติ</td></tr><tr><td style="white-space:nowrap">3506<a name="cs-thcc-coverage-type-3506"> </a></td><td>องค์การสุรา กรมสรรพสามิต</td></tr><tr><td style="white-space:nowrap">3601<a name="cs-thcc-coverage-type-3601"> </a></td><td>บริษัท ส่งเสริมธุรกิจเกษตรกรไทย จำกัด</td></tr><tr><td style="white-space:nowrap">3602<a name="cs-thcc-coverage-type-3602"> </a></td><td>สำนักงานกองทุนสงเคราะห์การทำสวนยาง</td></tr><tr><td style="white-space:nowrap">3603<a name="cs-thcc-coverage-type-3603"> </a></td><td>องค์การสุรา กรมสรรพสามิต</td></tr><tr><td style="white-space:nowrap">3604<a name="cs-thcc-coverage-type-3604"> </a></td><td>องค์การส่งเสริมกิจการโคนมแห่งประเทศไทย</td></tr><tr><td style="white-space:nowrap">3605<a name="cs-thcc-coverage-type-3605"> </a></td><td>องค์การสวนพฤกษศาสตร์</td></tr><tr><td style="white-space:nowrap">3606<a name="cs-thcc-coverage-type-3606"> </a></td><td>องค์การสวนยาง</td></tr><tr><td style="white-space:nowrap">3607<a name="cs-thcc-coverage-type-3607"> </a></td><td>องค์การสะพานปลา</td></tr><tr><td style="white-space:nowrap">3608<a name="cs-thcc-coverage-type-3608"> </a></td><td>องค์การอุตสาหกรรมป่าไม้</td></tr><tr><td style="white-space:nowrap">3701<a name="cs-thcc-coverage-type-3701"> </a></td><td>บริษัท ธนารักษ์พัฒนาสินทรัพย์ จำกัด</td></tr><tr><td style="white-space:nowrap">3702<a name="cs-thcc-coverage-type-3702"> </a></td><td>สหโรงแรมไทยและการท่องเที่ยว จำกัด</td></tr><tr><td style="white-space:nowrap">3703<a name="cs-thcc-coverage-type-3703"> </a></td><td>สำนักงานสลากกินแบ่งรัฐบาล</td></tr><tr><td style="white-space:nowrap">3704<a name="cs-thcc-coverage-type-3704"> </a></td><td>องค์การคลังสินค้า</td></tr><tr><td style="white-space:nowrap">3705<a name="cs-thcc-coverage-type-3705"> </a></td><td>องค์การตลาด</td></tr><tr><td style="white-space:nowrap">3801<a name="cs-thcc-coverage-type-3801"> </a></td><td>การกีฬาแห่งประเทศไทย</td></tr><tr><td style="white-space:nowrap">3802<a name="cs-thcc-coverage-type-3802"> </a></td><td>การท่องเที่ยวแห่งประเทศไทย</td></tr><tr><td style="white-space:nowrap">3803<a name="cs-thcc-coverage-type-3803"> </a></td><td>สถาบันวิจัยวิทยาศาสตร์และเทคโนโลยีแห่งประเทศไทย</td></tr><tr><td style="white-space:nowrap">3804<a name="cs-thcc-coverage-type-3804"> </a></td><td>สำนักงานธนานุเคราะห์ กรมพัฒนาสังคมและสวัสดิการ</td></tr><tr><td style="white-space:nowrap">3805<a name="cs-thcc-coverage-type-3805"> </a></td><td>องค์การพิพิธภัณฑ์วิทยาศาสตร์แห่งชาติ</td></tr><tr><td style="white-space:nowrap">3806<a name="cs-thcc-coverage-type-3806"> </a></td><td>องค์การเภสัชกรรม</td></tr><tr><td style="white-space:nowrap">3807<a name="cs-thcc-coverage-type-3807"> </a></td><td>องค์การสวนสัตว์</td></tr><tr><td style="white-space:nowrap">3901<a name="cs-thcc-coverage-type-3901"> </a></td><td>ธนาคารกรุงไทย จำกัด (มหาชน)</td></tr><tr><td style="white-space:nowrap">3902<a name="cs-thcc-coverage-type-3902"> </a></td><td>ธนาคารพัฒนาวิสาหกิจขนาดกลางและขนาดย่อมแห่งประเทศไทย  </td></tr><tr><td style="white-space:nowrap">3903<a name="cs-thcc-coverage-type-3903"> </a></td><td>ธนาคารเพื่อการเกษตรและสหกรณ์การเกษตร</td></tr><tr><td style="white-space:nowrap">3904<a name="cs-thcc-coverage-type-3904"> </a></td><td>ธนาคารเพื่อการส่งออกและนำเข้าแห่งประเทศไทย</td></tr><tr><td style="white-space:nowrap">3905<a name="cs-thcc-coverage-type-3905"> </a></td><td>ธนาคารออมสิน</td></tr><tr><td style="white-space:nowrap">3906<a name="cs-thcc-coverage-type-3906"> </a></td><td>ธนาคารอาคารสงเคราะห์</td></tr><tr><td style="white-space:nowrap">3907<a name="cs-thcc-coverage-type-3907"> </a></td><td>ธนาคารอิสลามแห่งประเทศไทย</td></tr><tr><td style="white-space:nowrap">3908<a name="cs-thcc-coverage-type-3908"> </a></td><td>บรรษัทตลาดรองสินเชื่อที่อยู่อาศัย</td></tr><tr><td style="white-space:nowrap">3909<a name="cs-thcc-coverage-type-3909"> </a></td><td>บรรษัทประกันสินเชื่ออุตสาหกรรมขนาดย่อม</td></tr><tr><td style="white-space:nowrap">4100<a name="cs-thcc-coverage-type-4100"> </a></td><td>กองทุนเงินทดแทน</td></tr><tr><td style="white-space:nowrap">4200<a name="cs-thcc-coverage-type-4200"> </a></td><td>กองทุนประกันสังคม</td></tr><tr><td style="white-space:nowrap">5100<a name="cs-thcc-coverage-type-5100"> </a></td><td>ประกันสุขภาพภาคเอกชน</td></tr><tr><td style="white-space:nowrap">6100<a name="cs-thcc-coverage-type-6100"> </a></td><td>กองทุนผู้ประสบภัยจากรถ</td></tr><tr><td style="white-space:nowrap">7100<a name="cs-thcc-coverage-type-7100"> </a></td><td>พนักงาน/เจ้าหน้าที่หรือผู้ปฏิบัติงานสังกัดองค์กรอิสระตามรัฐธรรมนูญ</td></tr><tr><td style="white-space:nowrap">8100<a name="cs-thcc-coverage-type-8100"> </a></td><td>สิทธิพิเศษเฉพาะกลุ่มอนุเคราะห์</td></tr><tr><td style="white-space:nowrap">8200<a name="cs-thcc-coverage-type-8200"> </a></td><td>สิทธิที่โรงพยาบาลให้การอนุเคราะห์</td></tr><tr><td style="white-space:nowrap">8300<a name="cs-thcc-coverage-type-8300"> </a></td><td>บุคคลที่มีปัญหาสถานะ ชำระเงินเอง</td></tr><tr><td style="white-space:nowrap">8301<a name="cs-thcc-coverage-type-8301"> </a></td><td>บุคคลที่มีปัญหาสถานะบุคคลที่มีปัญหาสถานะ และใช้สิทธิ์ตามโครงการคืนสิทธิ์ของกระทรวงสาธารณสุข</td></tr><tr><td style="white-space:nowrap">8302<a name="cs-thcc-coverage-type-8302"> </a></td><td>บุคคลที่มีปัญหาสถานะ ชำระเงินเต็มจำนวน</td></tr><tr><td style="white-space:nowrap">8308<a name="cs-thcc-coverage-type-8308"> </a></td><td>บุคคลที่มีปัญหาสถานะ ใช้สิทธิ์อื่นๆ</td></tr><tr><td style="white-space:nowrap">8400<a name="cs-thcc-coverage-type-8400"> </a></td><td>บุคคลที่มีสิทธิต่างด้าว ชำระเงินเอง</td></tr><tr><td style="white-space:nowrap">8401<a name="cs-thcc-coverage-type-8401"> </a></td><td>ประชากรต่างด้าวเข้าเมืองถูกกฎหมาย และซื้อประกันสุขภาพกับกระทรวงสาธารณสุข</td></tr><tr><td style="white-space:nowrap">8402<a name="cs-thcc-coverage-type-8402"> </a></td><td>ประชากรต่างด้าวเข้าเมืองถูกกฎหมาย และอยู่ในระบบประกันสังคม</td></tr><tr><td style="white-space:nowrap">8403<a name="cs-thcc-coverage-type-8403"> </a></td><td>ประชากรต่างด้าวเข้าเมืองถูกกฎหมาย สามารถเสียค่าใช้จ่ายในการรักษาพยาบาลได้เองบางส่วน</td></tr><tr><td style="white-space:nowrap">8404<a name="cs-thcc-coverage-type-8404"> </a></td><td>ประชากรต่างด้าวเข้าเมืองถูกกฎหมาย ไม่สามารถจ่ายค่ารักษาพยาบาลเองได้</td></tr><tr><td style="white-space:nowrap">8405<a name="cs-thcc-coverage-type-8405"> </a></td><td>ประชากรต่างด้าวเข้าเมืองไม่ถูกกฎหมาย แต่ซื้อประกันสุขภาพกับกระทรวงสาธารณสุขได้</td></tr><tr><td style="white-space:nowrap">8406<a name="cs-thcc-coverage-type-8406"> </a></td><td>ประชากรต่างด้าวเข้าเมืองไม่ถูกกฎหมาย เสียค่าใช้จ่ายในการรักษาพยาบาลได้เองบางส่วน</td></tr><tr><td style="white-space:nowrap">8407<a name="cs-thcc-coverage-type-8407"> </a></td><td>ประชากรต่างด้าวเข้าเมืองไม่ถูกกฎหมาย ไม่สามารถจ่ายค่ารักษาพยาบาลเองได้</td></tr><tr><td style="white-space:nowrap">8408<a name="cs-thcc-coverage-type-8408"> </a></td><td>บุคคลที่มีสิทธิต่างด้าว ที่มีสิทธิ์อื่นๆ</td></tr><tr><td style="white-space:nowrap">9100<a name="cs-thcc-coverage-type-9100"> </a></td><td>ชำระเงินเอง</td></tr></table></div></text><url value="https://terms.sil-th.org/CodeSystem/cs-thcc-coverage-type"/><version value="0.1.0"/><name value="CS_THCC_CoverageType"/><title value="ชุดรหัสสิทธิการรักษาพยาบาล"/><status value="active"/><date value="2022-08-17T01:34:31+07:00"/><description value="ชุดรหัสสิทธิการรักษาพยาบาล จาก THCC ซึ่งใช้ในโครงสร้างข้อมูล 43 แฟ้ม"/><jurisdiction><coding><system value="urn:iso:std:iso:3166"/><code value="TH"/></coding></jurisdiction><content value="complete"/><count value="110"/><concept><code value="0100"/><display value="หลักประกันสุขภาพ"/></concept><concept><code value="1100"/><display value="ข้าราชการประจำ"/></concept><concept><code value="1200"/><display value="ข้าราชการบำนาญ"/></concept><concept><code value="1300"/><display value="ลูกจ้างประจำ"/></concept><concept><code value="1400"/><display value="ลูกจ้างประจำบำนาญ"/></concept><concept><code value="1900"/><display value="ข้าราชการการเมือง"/></concept><concept><code value="2101"/><display value="ข้าราชการประจำกรุงเทพมหานคร"/></concept><concept><code value="2102"/><display value="ข้าราชการบำนาญกรุงเทพมหานคร"/></concept><concept><code value="2103"/><display value="ลูกจ้างประจำกรุงเทพมหานคร"/></concept><concept><code value="2104"/><display value="ลูกจ้างประจำบำนาญกรุงเทพมหานคร"/></concept><concept><code value="2105"/><display value="ข้าราชการประจำเมืองพัทยา"/></concept><concept><code value="2106"/><display value="ข้าราชการบำนาญเมืองพัทยา"/></concept><concept><code value="2107"/><display value="ลูกจ้างประจำเมืองพัทยา"/></concept><concept><code value="2108"/><display value="ลูกจ้างประจำบำนาญเมืองพัทยา"/></concept><concept><code value="2201"/><display value="ข้าราชการประจำเทศบาล"/></concept><concept><code value="2202"/><display value="ข้าราชการบำนาญเทศบาล"/></concept><concept><code value="2203"/><display value="ลูกจ้างประจำเทศบาล"/></concept><concept><code value="2204"/><display value="ลูกจ้างประจำบำนาญเทศบาล"/></concept><concept><code value="2301"/><display value="ข้าราชการประจำองค์การบริหารส่วนจังหวัด"/></concept><concept><code value="2302"/><display value="ข้าราชการบำนาญองค์การบริหารส่วนจังหวัด"/></concept><concept><code value="2303"/><display value="ลูกจ้างประจำองค์การบริหารส่วนจังหวัด"/></concept><concept><code value="2304"/><display value="ลูกจ้างประจำบำนาญองค์การบริหารส่วนจังหวัด             "/></concept><concept><code value="2401"/><display value="ข้าราชการประจำองค์การบริหารส่วนตำบล"/></concept><concept><code value="2402"/><display value="ข้าราชการบำนาญองค์การบริหารส่วนตำบล"/></concept><concept><code value="2403"/><display value="ลูกจ้างประจำองค์การบริหารส่วนตำบล"/></concept><concept><code value="2404"/><display value="ลูกจ้างประจำบำนาญองค์การบริหารส่วนตำบล"/></concept><concept><code value="2501"/><display value="ข้าราชการการเมืองกรุงเทพมหานคร"/></concept><concept><code value="2502"/><display value="ข้าราชการการเมืองเมืองพัทยา"/></concept><concept><code value="2601"/><display value="ข้าราชการการเมืองเทศบาล"/></concept><concept><code value="2701"/><display value="ข้าราชการการเมืององค์การบริหารส่วนจังหวัด"/></concept><concept><code value="2801"/><display value="ข้าราชการการเมืององค์การบริหารส่วนตำบล"/></concept><concept><code value="3101"/><display value="การไฟฟ้านครหลวง"/></concept><concept><code value="3102"/><display value="การไฟฟ้าฝ่ายผลิตแห่งประเทศไทย"/></concept><concept><code value="3103"/><display value="การไฟฟ้าส่วนภูมิภาค"/></concept><concept><code value="3104"/><display value="บริษัท ปตท. จำกัด (มหาชน)"/></concept><concept><code value="3201"/><display value="การทางพิเศษแห่งประเทศไทย"/></concept><concept><code value="3202"/><display value="การท่าเรือแห่งประเทศไทย"/></concept><concept><code value="3203"/><display value="การรถไฟฟ้ามวลชนแห่งประเทศไทย"/></concept><concept><code value="3204"/><display value="การรถไฟแห่งประเทศไทย"/></concept><concept><code value="3205"/><display value="บริษัท การบินไทย จำกัด (มหาชน)"/></concept><concept><code value="3206"/><display value="บริษัทขนส่ง จำกัด"/></concept><concept><code value="3207"/><display value="บริษัท ท่าอากาศยายไทย จำกัด (มหาชน)"/></concept><concept><code value="3208"/><display value="ไทยเดินเรือทะเล จำกัด"/></concept><concept><code value="3209"/><display value="บริษัท วิทยุการบินแห่งประเทศไทย จำกัด"/></concept><concept><code value="3210"/><display value="สถาบันการบินพลเรือน"/></concept><concept><code value="3211"/><display value="องค์การขนส่งมวลชนกรุงเทพ"/></concept><concept><code value="3301"/><display value="บริษัท กสท. โทรคมนาคม จำกัด (มหาชน)"/></concept><concept><code value="3302"/><display value="บริษัท ทีโอที จำกัด (มหาชน)"/></concept><concept><code value="3303"/><display value="บริษัทไปรษณีย์ไทย จำกัด"/></concept><concept><code value="3304"/><display value="บริษัท อสมท. จำกัด"/></concept><concept><code value="3401"/><display value="การเคหะแห่งชาติ"/></concept><concept><code value="3402"/><display value="การประปานครหลวง"/></concept><concept><code value="3403"/><display value="การประปาส่วนภูมิภาค"/></concept><concept><code value="3404"/><display value="องค์การจัดการน้ำเสีย"/></concept><concept><code value="3501"/><display value="การนิคมอุตสาหกรรมแห่งประเทศไทย"/></concept><concept><code value="3502"/><display value="บริษัท อู่กรุงเทพ จำกัด"/></concept><concept><code value="3503"/><display value="โรงงานไพ่ กรมสรรพสามิต"/></concept><concept><code value="3504"/><display value="โรงงานยาสูบ กระทรวงการคลัง"/></concept><concept><code value="3505"/><display value="โรงพิมพ์ตำรวจ สำนักงานตำรวจแห่งชาติ"/></concept><concept><code value="3506"/><display value="องค์การสุรา กรมสรรพสามิต"/></concept><concept><code value="3601"/><display value="บริษัท ส่งเสริมธุรกิจเกษตรกรไทย จำกัด"/></concept><concept><code value="3602"/><display value="สำนักงานกองทุนสงเคราะห์การทำสวนยาง"/></concept><concept><code value="3603"/><display value="องค์การสุรา กรมสรรพสามิต"/></concept><concept><code value="3604"/><display value="องค์การส่งเสริมกิจการโคนมแห่งประเทศไทย"/></concept><concept><code value="3605"/><display value="องค์การสวนพฤกษศาสตร์"/></concept><concept><code value="3606"/><display value="องค์การสวนยาง"/></concept><concept><code value="3607"/><display value="องค์การสะพานปลา"/></concept><concept><code value="3608"/><display value="องค์การอุตสาหกรรมป่าไม้"/></concept><concept><code value="3701"/><display value="บริษัท ธนารักษ์พัฒนาสินทรัพย์ จำกัด"/></concept><concept><code value="3702"/><display value="สหโรงแรมไทยและการท่องเที่ยว จำกัด"/></concept><concept><code value="3703"/><display value="สำนักงานสลากกินแบ่งรัฐบาล"/></concept><concept><code value="3704"/><display value="องค์การคลังสินค้า"/></concept><concept><code value="3705"/><display value="องค์การตลาด"/></concept><concept><code value="3801"/><display value="การกีฬาแห่งประเทศไทย"/></concept><concept><code value="3802"/><display value="การท่องเที่ยวแห่งประเทศไทย"/></concept><concept><code value="3803"/><display value="สถาบันวิจัยวิทยาศาสตร์และเทคโนโลยีแห่งประเทศไทย"/></concept><concept><code value="3804"/><display value="สำนักงานธนานุเคราะห์ กรมพัฒนาสังคมและสวัสดิการ"/></concept><concept><code value="3805"/><display value="องค์การพิพิธภัณฑ์วิทยาศาสตร์แห่งชาติ"/></concept><concept><code value="3806"/><display value="องค์การเภสัชกรรม"/></concept><concept><code value="3807"/><display value="องค์การสวนสัตว์"/></concept><concept><code value="3901"/><display value="ธนาคารกรุงไทย จำกัด (มหาชน)"/></concept><concept><code value="3902"/><display value="ธนาคารพัฒนาวิสาหกิจขนาดกลางและขนาดย่อมแห่งประเทศไทย  "/></concept><concept><code value="3903"/><display value="ธนาคารเพื่อการเกษตรและสหกรณ์การเกษตร"/></concept><concept><code value="3904"/><display value="ธนาคารเพื่อการส่งออกและนำเข้าแห่งประเทศไทย"/></concept><concept><code value="3905"/><display value="ธนาคารออมสิน"/></concept><concept><code value="3906"/><display value="ธนาคารอาคารสงเคราะห์"/></concept><concept><code value="3907"/><display value="ธนาคารอิสลามแห่งประเทศไทย"/></concept><concept><code value="3908"/><display value="บรรษัทตลาดรองสินเชื่อที่อยู่อาศัย"/></concept><concept><code value="3909"/><display value="บรรษัทประกันสินเชื่ออุตสาหกรรมขนาดย่อม"/></concept><concept><code value="4100"/><display value="กองทุนเงินทดแทน"/></concept><concept><code value="4200"/><display value="กองทุนประกันสังคม"/></concept><concept><code value="5100"/><display value="ประกันสุขภาพภาคเอกชน"/></concept><concept><code value="6100"/><display value="กองทุนผู้ประสบภัยจากรถ"/></concept><concept><code value="7100"/><display value="พนักงาน/เจ้าหน้าที่หรือผู้ปฏิบัติงานสังกัดองค์กรอิสระตามรัฐธรรมนูญ"/></concept><concept><code value="8100"/><display value="สิทธิพิเศษเฉพาะกลุ่มอนุเคราะห์"/></concept><concept><code value="8200"/><display value="สิทธิที่โรงพยาบาลให้การอนุเคราะห์"/></concept><concept><code value="8300"/><display value="บุคคลที่มีปัญหาสถานะ ชำระเงินเอง"/></concept><concept><code value="8301"/><display value="บุคคลที่มีปัญหาสถานะบุคคลที่มีปัญหาสถานะ และใช้สิทธิ์ตามโครงการคืนสิทธิ์ของกระทรวงสาธารณสุข"/></concept><concept><code value="8302"/><display value="บุคคลที่มีปัญหาสถานะ ชำระเงินเต็มจำนวน"/></concept><concept><code value="8308"/><display value="บุคคลที่มีปัญหาสถานะ ใช้สิทธิ์อื่นๆ"/></concept><concept><code value="8400"/><display value="บุคคลที่มีสิทธิต่างด้าว ชำระเงินเอง"/></concept><concept><code value="8401"/><display value="ประชากรต่างด้าวเข้าเมืองถูกกฎหมาย และซื้อประกันสุขภาพกับกระทรวงสาธารณสุข"/></concept><concept><code value="8402"/><display value="ประชากรต่างด้าวเข้าเมืองถูกกฎหมาย และอยู่ในระบบประกันสังคม"/></concept><concept><code value="8403"/><display value="ประชากรต่างด้าวเข้าเมืองถูกกฎหมาย สามารถเสียค่าใช้จ่ายในการรักษาพยาบาลได้เองบางส่วน"/></concept><concept><code value="8404"/><display value="ประชากรต่างด้าวเข้าเมืองถูกกฎหมาย ไม่สามารถจ่ายค่ารักษาพยาบาลเองได้"/></concept><concept><code value="8405"/><display value="ประชากรต่างด้าวเข้าเมืองไม่ถูกกฎหมาย แต่ซื้อประกันสุขภาพกับกระทรวงสาธารณสุขได้"/></concept><concept><code value="8406"/><display value="ประชากรต่างด้าวเข้าเมืองไม่ถูกกฎหมาย เสียค่าใช้จ่ายในการรักษาพยาบาลได้เองบางส่วน"/></concept><concept><code value="8407"/><display value="ประชากรต่างด้าวเข้าเมืองไม่ถูกกฎหมาย ไม่สามารถจ่ายค่ารักษาพยาบาลเองได้"/></concept><concept><code value="8408"/><display value="บุคคลที่มีสิทธิต่างด้าว ที่มีสิทธิ์อื่นๆ"/></concept><concept><code value="9100"/><display value="ชำระเงินเอง"/></concept></CodeSystem>