<?xml version="1.0" encoding="UTF-8"?><CodeSystem xmlns="http://hl7.org/fhir"><id value="cs-thcc-accident-cause-group"/><text><status value="generated"/><div xmlns="http://www.w3.org/1999/xhtml"><p>This code system http://terms.sil-th.org/CodeSystem/cs-thcc-accident-cause-group defines the following codes:</p><table class="codes"><tr><td style="white-space:nowrap"><b>Code</b></td><td><b>Display</b></td></tr><tr><td style="white-space:nowrap">01<a name="cs-thcc-accident-cause-group-01"> </a></td><td>Transport accidents</td></tr><tr><td style="white-space:nowrap">02<a name="cs-thcc-accident-cause-group-02"> </a></td><td>Falls</td></tr><tr><td style="white-space:nowrap">03<a name="cs-thcc-accident-cause-group-03"> </a></td><td>Exposure to inanimate mechanical forces</td></tr><tr><td style="white-space:nowrap">04<a name="cs-thcc-accident-cause-group-04"> </a></td><td>Exposure to animate mechanical forces</td></tr><tr><td style="white-space:nowrap">05<a name="cs-thcc-accident-cause-group-05"> </a></td><td>Accidental drowning and submersion</td></tr><tr><td style="white-space:nowrap">06<a name="cs-thcc-accident-cause-group-06"> </a></td><td>Other accidental threats to  breathing</td></tr><tr><td style="white-space:nowrap">07<a name="cs-thcc-accident-cause-group-07"> </a></td><td>Exposure to electric current, radiation and extreme ambient air temperature and pressure</td></tr><tr><td style="white-space:nowrap">08<a name="cs-thcc-accident-cause-group-08"> </a></td><td>Exposure to smoke, fire and flames</td></tr><tr><td style="white-space:nowrap">09<a name="cs-thcc-accident-cause-group-09"> </a></td><td>Contact with heat and hot substances</td></tr><tr><td style="white-space:nowrap">10<a name="cs-thcc-accident-cause-group-10"> </a></td><td>Contact with other and unspecified heat and hot substances</td></tr><tr><td style="white-space:nowrap">11<a name="cs-thcc-accident-cause-group-11"> </a></td><td>Exposure to forces of nature</td></tr><tr><td style="white-space:nowrap">12<a name="cs-thcc-accident-cause-group-12"> </a></td><td>Accidental poisoning by and   exposure to noxious substances</td></tr><tr><td style="white-space:nowrap">13<a name="cs-thcc-accident-cause-group-13"> </a></td><td>Overexertion ,Travel and privation</td></tr><tr><td style="white-space:nowrap">14<a name="cs-thcc-accident-cause-group-14"> </a></td><td>Accidental exposure to  other and unspecified factors</td></tr><tr><td style="white-space:nowrap">15<a name="cs-thcc-accident-cause-group-15"> </a></td><td>Intentional self-harm</td></tr><tr><td style="white-space:nowrap">16<a name="cs-thcc-accident-cause-group-16"> </a></td><td>Assault</td></tr><tr><td style="white-space:nowrap">17<a name="cs-thcc-accident-cause-group-17"> </a></td><td>Event of undetermined intent</td></tr><tr><td style="white-space:nowrap">18<a name="cs-thcc-accident-cause-group-18"> </a></td><td>legal intervention and operations of war</td></tr><tr><td style="white-space:nowrap">19<a name="cs-thcc-accident-cause-group-19"> </a></td><td>Unspecified event, undetermined intent</td></tr></table></div></text><url value="http://terms.sil-th.org/CodeSystem/cs-thcc-accident-cause-group"/><version value="0.1.0"/><name value="CS_THCC_AccidentCauseGroup"/><title value="รหัสประเภทผู้ป่วยอุบัติเหตุ 19 สาเหตุ"/><status value="active"/><date value="2022-08-16T23:36:06+07:00"/><description value="ใช้ระบุรหัสประเภทผู้ป่วยอุบัติเหตุ 19 สาเหตุ ตามโครงสร้างข้อมูล 43 แฟ้ม"/><jurisdiction><coding><system value="urn:iso:std:iso:3166"/><code value="TH"/></coding></jurisdiction><content value="complete"/><count value="19"/><concept><code value="01"/><display value="Transport accidents"/></concept><concept><code value="02"/><display value="Falls"/></concept><concept><code value="03"/><display value="Exposure to inanimate mechanical forces"/></concept><concept><code value="04"/><display value="Exposure to animate mechanical forces"/></concept><concept><code value="05"/><display value="Accidental drowning and submersion"/></concept><concept><code value="06"/><display value="Other accidental threats to  breathing"/></concept><concept><code value="07"/><display value="Exposure to electric current, radiation and extreme ambient air temperature and pressure"/></concept><concept><code value="08"/><display value="Exposure to smoke, fire and flames"/></concept><concept><code value="09"/><display value="Contact with heat and hot substances"/></concept><concept><code value="10"/><display value="Contact with other and unspecified heat and hot substances"/></concept><concept><code value="11"/><display value="Exposure to forces of nature"/></concept><concept><code value="12"/><display value="Accidental poisoning by and   exposure to noxious substances"/></concept><concept><code value="13"/><display value="Overexertion ,Travel and privation"/></concept><concept><code value="14"/><display value="Accidental exposure to  other and unspecified factors"/></concept><concept><code value="15"/><display value="Intentional self-harm"/></concept><concept><code value="16"/><display value="Assault"/></concept><concept><code value="17"/><display value="Event of undetermined intent"/></concept><concept><code value="18"/><display value="legal intervention and operations of war"/></concept><concept><code value="19"/><display value="Unspecified event, undetermined intent"/></concept></CodeSystem>