<?xml version="1.0" encoding="UTF-8"?><CodeSystem xmlns="http://hl7.org/fhir"><id value="cs-thcc-ncd-alchohol"/><text><status value="generated"/><div xmlns="http://www.w3.org/1999/xhtml"><p>This code system http://terms.sil-th.org/CodeSystem/cs-thcc-ncd-alchohol defines the following codes:</p><table class="codes"><tr><td style="white-space:nowrap"><b>Code</b></td><td><b>Display</b></td></tr><tr><td style="white-space:nowrap">1<a name="cs-thcc-ncd-alchohol-1"> </a></td><td>ไม่ดื่ม (ไม่ดื่มในรอบ 12 เดือนที่ผ่านมา)</td></tr><tr><td style="white-space:nowrap">2<a name="cs-thcc-ncd-alchohol-2"> </a></td><td>ดื่มนานๆครั้ง (ดื่ม 1-3 วัน/เดือน หรือ ดื่ม 1-11 วัน/ปี)</td></tr><tr><td style="white-space:nowrap">3<a name="cs-thcc-ncd-alchohol-3"> </a></td><td>ดื่มเป็นครั้งคราว (ดื่ม 1-4 วัน/สัปดาห์)</td></tr><tr><td style="white-space:nowrap">4<a name="cs-thcc-ncd-alchohol-4"> </a></td><td>ดื่มเป็นประจำ (ดื่ม 5-7 วัน/สัปดาห์)</td></tr><tr><td style="white-space:nowrap">9<a name="cs-thcc-ncd-alchohol-9"> </a></td><td>ไม่ทราบ</td></tr></table></div></text><url value="http://terms.sil-th.org/CodeSystem/cs-thcc-ncd-alchohol"/><version value="0.1.0"/><name value="CS_THCC_NcdAlcohol"/><title value="รหัสประวัติดื่มเครื่องดื่มแอลกอฮอลล์"/><status value="active"/><date value="2022-08-16T21:51:46+07:00"/><description value="รหัสประวัติดื่มเครื่องดื่มแอลกอฮอลล์ ตามโครงสร้างข้อมูล 43 แฟ้ม"/><jurisdiction><coding><system value="urn:iso:std:iso:3166"/><code value="TH"/></coding></jurisdiction><content value="complete"/><count value="5"/><concept><code value="1"/><display value="ไม่ดื่ม (ไม่ดื่มในรอบ 12 เดือนที่ผ่านมา)"/></concept><concept><code value="2"/><display value="ดื่มนานๆครั้ง (ดื่ม 1-3 วัน/เดือน หรือ ดื่ม 1-11 วัน/ปี)"/></concept><concept><code value="3"/><display value="ดื่มเป็นครั้งคราว (ดื่ม 1-4 วัน/สัปดาห์)"/></concept><concept><code value="4"/><display value="ดื่มเป็นประจำ (ดื่ม 5-7 วัน/สัปดาห์)"/></concept><concept><code value="9"/><display value="ไม่ทราบ"/></concept></CodeSystem>