<?xml version="1.0" encoding="UTF-8"?><CodeSystem xmlns="http://hl7.org/fhir"><id value="cs-thcc-admit-source"/><text><status value="generated"/><div xmlns="http://www.w3.org/1999/xhtml"><p>This code system http://terms.sil-th.org/CodeSystem/cs-thcc-admit-source defines the following codes:</p><table class="codes"><tr><td style="white-space:nowrap"><b>Code</b></td><td><b>Display</b></td></tr><tr><td style="white-space:nowrap">1<a name="cs-thcc-admit-source-1"> </a></td><td>มารับบริการเอง</td></tr><tr><td style="white-space:nowrap">2<a name="cs-thcc-admit-source-2"> </a></td><td>มารับบริการตามนัดหมาย</td></tr><tr><td style="white-space:nowrap">3<a name="cs-thcc-admit-source-3"> </a></td><td>ได้รับการส่งต่อจากสถานพยาบาลอื่น</td></tr><tr><td style="white-space:nowrap">4<a name="cs-thcc-admit-source-4"> </a></td><td>ได้รับการส่งตัวจากบริการ EMS</td></tr><tr><td style="white-space:nowrap">5<a name="cs-thcc-admit-source-5"> </a></td><td>รับบริการสาธารณสุขทางไกล (Telehealth / Telemedicine)</td></tr></table></div></text><url value="http://terms.sil-th.org/CodeSystem/cs-thcc-admit-source"/><version value="0.1.0"/><name value="CS_THCC_AdmitSource"/><title value="รหัสประเภทการมารับบริการ"/><status value="active"/><date value="2022-08-14T01:41:38+07:00"/><description value="รหัสประเภทการมารับบริการ ตามโครงสร้างข้อมูล 43 แฟ้ม"/><jurisdiction><coding><system value="urn:iso:std:iso:3166"/><code value="TH"/></coding></jurisdiction><content value="complete"/><count value="5"/><concept><code value="1"/><display value="มารับบริการเอง"/></concept><concept><code value="2"/><display value="มารับบริการตามนัดหมาย"/></concept><concept><code value="3"/><display value="ได้รับการส่งต่อจากสถานพยาบาลอื่น"/></concept><concept><code value="4"/><display value="ได้รับการส่งตัวจากบริการ EMS"/></concept><concept><code value="5"/><display value="รับบริการสาธารณสุขทางไกล (Telehealth / Telemedicine)"/></concept></CodeSystem>