<?xml version="1.0" encoding="UTF-8"?><CodeSystem xmlns="http://hl7.org/fhir"><id value="cs-thcc-no-contraceptive"/><text><status value="generated"/><div xmlns="http://www.w3.org/1999/xhtml"><p>This code system https://terms.sil-th.org/CodeSystem/cs-thcc-no-contraceptive defines the following codes:</p><table class="codes"><tr><td style="white-space:nowrap"><b>Code</b></td><td><b>Display</b></td></tr><tr><td style="white-space:nowrap">1<a name="cs-thcc-no-contraceptive-1"> </a></td><td>ต้องการบุตร</td></tr><tr><td style="white-space:nowrap">2<a name="cs-thcc-no-contraceptive-2"> </a></td><td>หมันธรรมชาติ</td></tr><tr><td style="white-space:nowrap">3<a name="cs-thcc-no-contraceptive-3"> </a></td><td>อื่นๆ</td></tr></table></div></text><url value="https://terms.sil-th.org/CodeSystem/cs-thcc-no-contraceptive"/><version value="0.1.0"/><name value="CS_THCC_NoContraceptive"/><title value="รหัสสาเหตุที่ไม่คุมกำเนิด"/><status value="active"/><date value="2022-08-16T21:51:46+07:00"/><description value="รหัสสาเหตุที่ไม่คุมกำเนิด ซึ่งใช้ในโครงสร้างข้อมูล 43 แฟ้ม"/><jurisdiction><coding><system value="urn:iso:std:iso:3166"/><code value="TH"/></coding></jurisdiction><content value="complete"/><count value="3"/><concept><code value="1"/><display value="ต้องการบุตร"/></concept><concept><code value="2"/><display value="หมันธรรมชาติ"/></concept><concept><code value="3"/><display value="อื่นๆ"/></concept></CodeSystem>