<?xml version="1.0" encoding="UTF-8"?><CodeSystem xmlns="http://hl7.org/fhir"><id value="cs-qn-village"/><text><status value="generated"/><div xmlns="http://www.w3.org/1999/xhtml"><p>This code system http://terms.sil-th.org/CodeSystem/cs-qn-village defines the following codes:</p><table class="codes"><tr><td style="white-space:nowrap"><b>Code</b></td><td><b>Display</b></td></tr><tr><td style="white-space:nowrap">Q21-0<a name="cs-qn-village-Q21-0"> </a></td><td>ไม่มี</td></tr><tr><td style="white-space:nowrap">Q21-1<a name="cs-qn-village-Q21-1"> </a></td><td>มี</td></tr><tr><td style="white-space:nowrap">Q21-9<a name="cs-qn-village-Q21-9"> </a></td><td>ไม่ทราบ</td></tr><tr><td style="white-space:nowrap">Q22-0<a name="cs-qn-village-Q22-0"> </a></td><td>ไม่ทราบ</td></tr><tr><td style="white-space:nowrap">Q22-1<a name="cs-qn-village-Q22-1"> </a></td><td>ไม่มี</td></tr><tr><td style="white-space:nowrap">Q22-2<a name="cs-qn-village-Q22-2"> </a></td><td>มีสถานที่ฝังกลบ</td></tr><tr><td style="white-space:nowrap">Q22-3<a name="cs-qn-village-Q22-3"> </a></td><td>มีสถานที่เผา</td></tr><tr><td style="white-space:nowrap">Q22-4<a name="cs-qn-village-Q22-4"> </a></td><td>มีสถานที่รวบรวม คัดแยก และนำมูลฝอยไปใช้ประโยชน์</td></tr><tr><td style="white-space:nowrap">Q22-5<a name="cs-qn-village-Q22-5"> </a></td><td>มีสถานที่รวบรวมมูลฝอยเพื่อนำไปกำจัดที่อื่น</td></tr><tr><td style="white-space:nowrap">Q22-6<a name="cs-qn-village-Q22-6"> </a></td><td>มีสถานที่หมักทำปุ๋ย</td></tr><tr><td style="white-space:nowrap">Q22-9<a name="cs-qn-village-Q22-9"> </a></td><td>กำจัดขยะด้วยวิธีอื่น</td></tr></table></div></text><url value="http://terms.sil-th.org/CodeSystem/cs-qn-village"/><version value="0.1.0"/><name value="CS_QN_Village"/><title value="รหัสคำตอบสำหรับตอบแบบสำรวจหมู่บ้าน"/><status value="active"/><date value="2022-08-16T21:51:46+07:00"/><description value="รหัสคำตอบสำหรับตอบแบบสำรวจหมู่บ้าน ตามโครงสร้างข้อมูล 43 แฟ้ม"/><jurisdiction><coding><system value="urn:iso:std:iso:3166"/><code value="TH"/></coding></jurisdiction><content value="complete"/><count value="11"/><concept><code value="Q21-0"/><display value="ไม่มี"/></concept><concept><code value="Q21-1"/><display value="มี"/></concept><concept><code value="Q21-9"/><display value="ไม่ทราบ"/></concept><concept><code value="Q22-0"/><display value="ไม่ทราบ"/></concept><concept><code value="Q22-1"/><display value="ไม่มี"/></concept><concept><code value="Q22-2"/><display value="มีสถานที่ฝังกลบ"/></concept><concept><code value="Q22-3"/><display value="มีสถานที่เผา"/></concept><concept><code value="Q22-4"/><display value="มีสถานที่รวบรวม คัดแยก และนำมูลฝอยไปใช้ประโยชน์"/></concept><concept><code value="Q22-5"/><display value="มีสถานที่รวบรวมมูลฝอยเพื่อนำไปกำจัดที่อื่น"/></concept><concept><code value="Q22-6"/><display value="มีสถานที่หมักทำปุ๋ย"/></concept><concept><code value="Q22-9"/><display value="กำจัดขยะด้วยวิธีอื่น"/></concept></CodeSystem>