<?xml version="1.0" encoding="UTF-8"?><CodeSystem xmlns="http://hl7.org/fhir"><id value="cs-thcc-ncd-smoking"/><text><status value="generated"/><div xmlns="http://www.w3.org/1999/xhtml"><p>This code system http://terms.sil-th.org/CodeSystem/cs-thcc-ncd-smoking defines the following codes:</p><table class="codes"><tr><td style="white-space:nowrap"><b>Code</b></td><td><b>Display</b></td></tr><tr><td style="white-space:nowrap">1<a name="cs-thcc-ncd-smoking-1"> </a></td><td>ไม่สูบ</td></tr><tr><td style="white-space:nowrap">2<a name="cs-thcc-ncd-smoking-2"> </a></td><td>สูบนานๆครั้ง</td></tr><tr><td style="white-space:nowrap">3<a name="cs-thcc-ncd-smoking-3"> </a></td><td>สูบเป็นครั้งคราว</td></tr><tr><td style="white-space:nowrap">4<a name="cs-thcc-ncd-smoking-4"> </a></td><td>สูบเป็นประจำ</td></tr><tr><td style="white-space:nowrap">9<a name="cs-thcc-ncd-smoking-9"> </a></td><td>ไม่ทราบ</td></tr></table></div></text><url value="http://terms.sil-th.org/CodeSystem/cs-thcc-ncd-smoking"/><version value="0.1.0"/><name value="CS_THCC_NcdSmoking"/><title value="รหัสประวัติสูบบุหรี่"/><status value="active"/><date value="2022-08-16T00:23:13+07:00"/><description value="รหัสประวัติสูบบุหรี่ ตามโครงสร้างข้อมูล 43 แฟ้ม"/><jurisdiction><coding><system value="urn:iso:std:iso:3166"/><code value="TH"/></coding></jurisdiction><content value="complete"/><count value="5"/><concept><code value="1"/><display value="ไม่สูบ"/></concept><concept><code value="2"/><display value="สูบนานๆครั้ง"/></concept><concept><code value="3"/><display value="สูบเป็นครั้งคราว"/></concept><concept><code value="4"/><display value="สูบเป็นประจำ"/></concept><concept><code value="9"/><display value="ไม่ทราบ"/></concept></CodeSystem>