<?xml version="1.0" encoding="UTF-8"?><CodeSystem xmlns="http://hl7.org/fhir"><id value="cs-thcc-death-pregnancy"/><text><status value="generated"/><div xmlns="http://www.w3.org/1999/xhtml"><p>This code system https://terms.sil-th.org/CodeSystem/cs-thcc-death-pregnancy defines the following codes:</p><table class="codes"><tr><td style="white-space:nowrap"><b>Code</b></td><td><b>Display</b></td></tr><tr><td style="white-space:nowrap">1<a name="cs-thcc-death-pregnancy-1"> </a></td><td>เสียชีวิตระหว่างตั้งครรภ์</td></tr><tr><td style="white-space:nowrap">2<a name="cs-thcc-death-pregnancy-2"> </a></td><td>เสียชีวิตระหว่างคลอดหรือหลังคลอดภายใน 42 วัน</td></tr><tr><td style="white-space:nowrap">3<a name="cs-thcc-death-pregnancy-3"> </a></td><td>ไม่ตั้งครรภ์</td></tr><tr><td style="white-space:nowrap">4<a name="cs-thcc-death-pregnancy-4"> </a></td><td>ผู้ชาย</td></tr><tr><td style="white-space:nowrap">9<a name="cs-thcc-death-pregnancy-9"> </a></td><td>ไม่ทราบ (ตัด 3 4 9 ออก)</td></tr></table></div></text><url value="https://terms.sil-th.org/CodeSystem/cs-thcc-death-pregnancy"/><version value="0.1.0"/><name value="CS_THCC_DeathPregnancy"/><title value="การเสียชีวิตที่เกี่ยวข้องกับตั้งครรภ์และการคลอด"/><status value="active"/><date value="2022-08-16T23:36:06+07:00"/><description value="การเสียชีวิตที่เกี่ยวข้องกับตั้งครรภ์และการคลอด จาก THCC ซึ่งใช้ในโครงสร้างข้อมูล 43 แฟ้ม"/><jurisdiction><coding><system value="urn:iso:std:iso:3166"/><code value="TH"/></coding></jurisdiction><content value="complete"/><count value="5"/><concept><code value="1"/><display value="เสียชีวิตระหว่างตั้งครรภ์"/></concept><concept><code value="2"/><display value="เสียชีวิตระหว่างคลอดหรือหลังคลอดภายใน 42 วัน"/></concept><concept><code value="3"/><display value="ไม่ตั้งครรภ์"/></concept><concept><code value="4"/><display value="ผู้ชาย"/></concept><concept><code value="9"/><display value="ไม่ทราบ (ตัด 3 4 9 ออก)"/></concept></CodeSystem>