<?xml version="1.0" encoding="UTF-8"?><CodeSystem xmlns="http://hl7.org/fhir"><id value="cs-thcc-death-location-type"/><text><status value="generated"/><div xmlns="http://www.w3.org/1999/xhtml"><p>This code system https://terms.sil-th.org/CodeSystem/cs-thcc-death-location-type defines the following codes:</p><table class="codes"><tr><td style="white-space:nowrap"><b>Code</b></td><td><b>Display</b></td></tr><tr><td style="white-space:nowrap">1<a name="cs-thcc-death-location-type-1"> </a></td><td>ในสถานพยาบาล</td></tr><tr><td style="white-space:nowrap">2<a name="cs-thcc-death-location-type-2"> </a></td><td>นอกสถานพยาบาล</td></tr></table></div></text><url value="https://terms.sil-th.org/CodeSystem/cs-thcc-death-location-type"/><version value="0.1.0"/><name value="CS_THCC_DeathLocType"/><title value="รหัสสถานที่ตาย"/><status value="active"/><date value="2022-08-17T01:34:31+07:00"/><description value="รหัสสถานที่ตาย จาก THCC ซึ่งใช้ในโครงสร้างข้อมูล 43 แฟ้ม"/><jurisdiction><coding><system value="urn:iso:std:iso:3166"/><code value="TH"/></coding></jurisdiction><content value="complete"/><count value="2"/><concept><code value="1"/><display value="ในสถานพยาบาล"/></concept><concept><code value="2"/><display value="นอกสถานพยาบาล"/></concept></CodeSystem>