<?xml version="1.0" encoding="UTF-8"?><CodeSystem xmlns="http://hl7.org/fhir"><id value="cs-thcc-labor-location"/><text><status value="generated"/><div xmlns="http://www.w3.org/1999/xhtml"><p>This code system http://terms.sil-th.org/CodeSystem/cs-thcc-labor-location defines the following codes:</p><table class="codes"><tr><td style="white-space:nowrap"><b>Code</b></td><td><b>Display</b></td></tr><tr><td style="white-space:nowrap">1<a name="cs-thcc-labor-location-1"> </a></td><td>โรงพยาบาล</td></tr><tr><td style="white-space:nowrap">2<a name="cs-thcc-labor-location-2"> </a></td><td>สถานีอนามัย</td></tr><tr><td style="white-space:nowrap">3<a name="cs-thcc-labor-location-3"> </a></td><td>บ้าน</td></tr><tr><td style="white-space:nowrap">4<a name="cs-thcc-labor-location-4"> </a></td><td>ระหว่างทาง</td></tr><tr><td style="white-space:nowrap">5<a name="cs-thcc-labor-location-5"> </a></td><td>อื่นๆ</td></tr></table></div></text><url value="http://terms.sil-th.org/CodeSystem/cs-thcc-labor-location"/><version value="0.1.0"/><name value="CS_THCC_LaborLocation"/><title value="รหัสสถานที่คลอด"/><status value="active"/><date value="2022-08-16T23:36:06+07:00"/><description value="รหัสสถานที่คลอด  ตามโครงสร้างข้อมูล 43 แฟ้ม"/><jurisdiction><coding><system value="urn:iso:std:iso:3166"/><code value="TH"/></coding></jurisdiction><content value="complete"/><count value="5"/><concept><code value="1"/><display value="โรงพยาบาล"/></concept><concept><code value="2"/><display value="สถานีอนามัย"/></concept><concept><code value="3"/><display value="บ้าน"/></concept><concept><code value="4"/><display value="ระหว่างทาง"/></concept><concept><code value="5"/><display value="อื่นๆ"/></concept></CodeSystem>