<?xml version="1.0" encoding="UTF-8"?><CodeSystem xmlns="http://hl7.org/fhir"><id value="cs-thcc-refer-outcome"/><text><status value="generated"/><div xmlns="http://www.w3.org/1999/xhtml"><p>This code system http://terms.sil-th.org/CodeSystem/cs-thcc-refer-outcome defines the following codes:</p><table class="codes"><tr><td style="white-space:nowrap"><b>Code</b></td><td><b>Display</b></td></tr><tr><td style="white-space:nowrap">1<a name="cs-thcc-refer-outcome-1"> </a></td><td>สถานบริการปลายทางรับการส่งต่อผู้ป่วย</td></tr><tr><td style="white-space:nowrap">2<a name="cs-thcc-refer-outcome-2"> </a></td><td>สถานบริการปลายทางไม่รับการส่งต่อผู้ป่วย</td></tr><tr><td style="white-space:nowrap">3<a name="cs-thcc-refer-outcome-3"> </a></td><td>ผู้ป่วยไม่ไปรับบริการที่สถานพยาบาลปลายทาง</td></tr><tr><td style="white-space:nowrap">9<a name="cs-thcc-refer-outcome-9"> </a></td><td>ไม่ทราบ</td></tr></table></div></text><url value="http://terms.sil-th.org/CodeSystem/cs-thcc-refer-outcome"/><version value="0.1.0"/><name value="CS_THCC_ReferOutcome"/><title value="รหัสผลการส่งต่อไปรับบริการในสถานพยาบาลอื่น"/><status value="active"/><date value="2022-08-15T02:16:31+07:00"/><description value="รหัสผลการส่งต่อไปรับบริการในสถานพยาบาลอื่น ตามโครงสร้างข้อมูล 43 แฟ้ม"/><jurisdiction><coding><system value="urn:iso:std:iso:3166"/><code value="TH"/></coding></jurisdiction><content value="complete"/><count value="4"/><concept><code value="1"/><display value="สถานบริการปลายทางรับการส่งต่อผู้ป่วย"/></concept><concept><code value="2"/><display value="สถานบริการปลายทางไม่รับการส่งต่อผู้ป่วย"/></concept><concept><code value="3"/><display value="ผู้ป่วยไม่ไปรับบริการที่สถานพยาบาลปลายทาง"/></concept><concept><code value="9"/><display value="ไม่ทราบ"/></concept></CodeSystem>