<?xml version="1.0" encoding="UTF-8"?><CodeSystem xmlns="http://hl7.org/fhir"><id value="cs-thcc-accident-breathing"/><text><status value="generated"/><div xmlns="http://www.w3.org/1999/xhtml"><p>This code system http://terms.sil-th.org/CodeSystem/cs-thcc-accident-breathing defines the following codes:</p><table class="codes"><tr><td style="white-space:nowrap"><b>Code</b></td><td><b>Display</b></td></tr><tr><td style="white-space:nowrap">1<a name="cs-thcc-accident-breathing-1"> </a></td><td>มีการดูแลการหายใจก่อนมาถึงเหมาะสม</td></tr><tr><td style="white-space:nowrap">2<a name="cs-thcc-accident-breathing-2"> </a></td><td>ไม่มีการดูแลการหายใจก่อนมาถึง</td></tr><tr><td style="white-space:nowrap">3<a name="cs-thcc-accident-breathing-3"> </a></td><td>ไม่จำเป็น</td></tr><tr><td style="white-space:nowrap">4<a name="cs-thcc-accident-breathing-4"> </a></td><td>มีการดูแลการหายใจก่อนมาถึงไม่เหมาะสม</td></tr></table></div></text><url value="http://terms.sil-th.org/CodeSystem/cs-thcc-accident-breathing"/><version value="0.1.0"/><name value="CS_THCC_AccidentBreathing"/><title value="ชนิดการดูแลการหายใจ"/><status value="active"/><date value="2022-08-16T00:23:13+07:00"/><description value="ใช้ระบุชนิดการดูแลการหายใจ ซึ่งใช้ในโครงสร้างข้อมูล 43 แฟ้ม"/><jurisdiction><coding><system value="urn:iso:std:iso:3166"/><code value="TH"/></coding></jurisdiction><content value="complete"/><count value="4"/><concept><code value="1"/><display value="มีการดูแลการหายใจก่อนมาถึงเหมาะสม"/></concept><concept><code value="2"/><display value="ไม่มีการดูแลการหายใจก่อนมาถึง"/></concept><concept><code value="3"/><display value="ไม่จำเป็น"/></concept><concept><code value="4"/><display value="มีการดูแลการหายใจก่อนมาถึงไม่เหมาะสม"/></concept></CodeSystem>