<?xml version="1.0" encoding="UTF-8"?><CodeSystem xmlns="http://hl7.org/fhir"><id value="cs-thcc-social-obs-type"/><text><status value="generated"/><div xmlns="http://www.w3.org/1999/xhtml"><p>This code system https://terms.sil-th.org/CodeSystem/cs-thcc-soical-obs-type defines the following codes:</p><table class="codes"><tr><td style="white-space:nowrap"><b>Code</b></td><td><b>Display</b></td></tr><tr><td style="white-space:nowrap">fstatus<a name="cs-thcc-social-obs-type-fstatus"> </a></td><td>สถานะในครอบครัว</td></tr><tr><td style="white-space:nowrap">vstatus<a name="cs-thcc-social-obs-type-vstatus"> </a></td><td>สถานะในชุมชน</td></tr><tr><td style="white-space:nowrap">annual-income<a name="cs-thcc-social-obs-type-annual-income"> </a></td><td>รายได้เฉลี่ยต่อปี</td></tr><tr><td style="white-space:nowrap">risk-behavior<a name="cs-thcc-social-obs-type-risk-behavior"> </a></td><td>พฤติกรรมเสี่ยง</td></tr></table></div></text><url value="https://terms.sil-th.org/CodeSystem/cs-thcc-soical-obs-type"/><version value="0.1.0"/><name value="CS_THCC_SocialObsType"/><title value="ชนิดประวัติทางสังคม"/><status value="active"/><date value="2022-08-17T01:34:31+07:00"/><description value="ใช้ระบุชนิดประวัติทางสังคมต่าง ๆ ซึ่งใช้ในโครงสร้างข้อมูล 43 แฟ้ม"/><jurisdiction><coding><system value="urn:iso:std:iso:3166"/><code value="TH"/></coding></jurisdiction><content value="complete"/><count value="4"/><concept><code value="fstatus"/><display value="สถานะในครอบครัว"/></concept><concept><code value="vstatus"/><display value="สถานะในชุมชน"/></concept><concept><code value="annual-income"/><display value="รายได้เฉลี่ยต่อปี"/></concept><concept><code value="risk-behavior"/><display value="พฤติกรรมเสี่ยง"/></concept></CodeSystem>