<?xml version="1.0" encoding="UTF-8"?><CodeSystem xmlns="http://hl7.org/fhir"><id value="cs-thcc-ncd-fbs-method"/><text><status value="generated"/><div xmlns="http://www.w3.org/1999/xhtml"><p>This code system http://terms.sil-th.org/CodeSystem/cs-thcc-ncd-fbs-method defines the following codes:</p><table class="codes"><tr><td style="white-space:nowrap"><b>Code</b></td><td><b>Display</b></td></tr><tr><td style="white-space:nowrap">1<a name="cs-thcc-ncd-fbs-method-1"> </a></td><td>ตรวจน้ำตาลในเลือด จากหลอดเลือดดำ หลังอดอาหาร</td></tr><tr><td style="white-space:nowrap">2<a name="cs-thcc-ncd-fbs-method-2"> </a></td><td>ตรวจน้ำตาลในเลือด จากหลอดเลือดดำ โดยไม่อดอาหาร</td></tr><tr><td style="white-space:nowrap">3<a name="cs-thcc-ncd-fbs-method-3"> </a></td><td>ตรวจน้ำตาลในเลือด จากเส้นเลือดฝอย หลังอดอาหาร</td></tr><tr><td style="white-space:nowrap">4<a name="cs-thcc-ncd-fbs-method-4"> </a></td><td>ตรวจน้ำตาลในเลือด จากเส้นเลือดฝอย โดยไม่อดอาหาร</td></tr><tr><td style="white-space:nowrap">9<a name="cs-thcc-ncd-fbs-method-9"> </a></td><td>ไม่ตรวจน้ำตาลในเลือดเนื่องจากคัดกรองแบบสอบถามปากเปล่าปกติ</td></tr></table></div></text><url value="http://terms.sil-th.org/CodeSystem/cs-thcc-ncd-fbs-method"/><version value="0.1.0"/><name value="CS_THCC_NcdFbsMethod"/><title value="รหัสวิธีการตรวจน้ำตาลในเลือด"/><status value="active"/><date value="2022-08-15T02:16:31+07:00"/><description value="รหัสวิธีการตรวจน้ำตาลในเลือด ตามโครงสร้างข้อมูล 43 แฟ้ม"/><jurisdiction><coding><system value="urn:iso:std:iso:3166"/><code value="TH"/></coding></jurisdiction><content value="complete"/><count value="5"/><concept><code value="1"/><display value="ตรวจน้ำตาลในเลือด จากหลอดเลือดดำ หลังอดอาหาร"/></concept><concept><code value="2"/><display value="ตรวจน้ำตาลในเลือด จากหลอดเลือดดำ โดยไม่อดอาหาร"/></concept><concept><code value="3"/><display value="ตรวจน้ำตาลในเลือด จากเส้นเลือดฝอย หลังอดอาหาร"/></concept><concept><code value="4"/><display value="ตรวจน้ำตาลในเลือด จากเส้นเลือดฝอย โดยไม่อดอาหาร"/></concept><concept><code value="9"/><display value="ไม่ตรวจน้ำตาลในเลือดเนื่องจากคัดกรองแบบสอบถามปากเปล่าปกติ"/></concept></CodeSystem>