<?xml version="1.0" encoding="UTF-8"?><CodeSystem xmlns="http://hl7.org/fhir"><id value="cs-thcc-service-location"/><text><status value="generated"/><div xmlns="http://www.w3.org/1999/xhtml"><p>This code system http://terms.sil-th.org/CodeSystem/cs-thcc-service-location defines the following codes:</p><table class="codes"><tr><td style="white-space:nowrap"><b>Code</b></td><td><b>Display</b></td></tr><tr><td style="white-space:nowrap">1<a name="cs-thcc-service-location-1"> </a></td><td>ในสถานบริการ</td></tr><tr><td style="white-space:nowrap">2<a name="cs-thcc-service-location-2"> </a></td><td>นอกสถานบริการ</td></tr></table></div></text><url value="http://terms.sil-th.org/CodeSystem/cs-thcc-service-location"/><version value="0.1.0"/><name value="CS_THCC_ServiceLocation"/><title value="รหัสสถานที่รับบริการ"/><status value="active"/><date value="2022-08-11T00:50:32+07:00"/><description value="รหัสสถานที่รับบริการ ตามโครงสร้างข้อมูล 43 แฟ้ม"/><jurisdiction><coding><system value="urn:iso:std:iso:3166"/><code value="TH"/></coding></jurisdiction><content value="complete"/><count value="2"/><concept><code value="1"/><display value="ในสถานบริการ"/></concept><concept><code value="2"/><display value="นอกสถานบริการ"/></concept></CodeSystem>