<?xml version="1.0" encoding="UTF-8"?><CodeSystem xmlns="http://hl7.org/fhir"><id value="cs-thcc-qualification-issuer"/><text><status value="generated"/><div xmlns="http://www.w3.org/1999/xhtml"><p>This code system https://terms.sil-th.org/CodeSystem/cs-thcc-qualification-issuer defines the following codes:</p><table class="codes"><tr><td style="white-space:nowrap"><b>Code</b></td><td><b>Display</b></td></tr><tr><td style="white-space:nowrap">01<a name="cs-thcc-qualification-issuer-01"> </a></td><td>แพทยสภา</td></tr><tr><td style="white-space:nowrap">02<a name="cs-thcc-qualification-issuer-02"> </a></td><td>สภาการพยาบาล</td></tr><tr><td style="white-space:nowrap">03<a name="cs-thcc-qualification-issuer-03"> </a></td><td>สภาเภสัชกรรม</td></tr><tr><td style="white-space:nowrap">04<a name="cs-thcc-qualification-issuer-04"> </a></td><td>ทันตแพทยสภา</td></tr><tr><td style="white-space:nowrap">05<a name="cs-thcc-qualification-issuer-05"> </a></td><td>สภากายภาพบำบัด</td></tr><tr><td style="white-space:nowrap">06<a name="cs-thcc-qualification-issuer-06"> </a></td><td>สภาเทคนิคการแพทย์</td></tr><tr><td style="white-space:nowrap">07<a name="cs-thcc-qualification-issuer-07"> </a></td><td>สัตวแพทยสภา</td></tr></table></div></text><url value="https://terms.sil-th.org/CodeSystem/cs-thcc-qualification-issuer"/><version value="0.1.0"/><name value="CS_THCC_QualificationIssuer"/><title value="รหัสสภาวิชาชีพ"/><status value="active"/><date value="2022-08-10T01:32:39+07:00"/><description value="รหัสสภาวิชาชีพ ตามโครงสร้างข้อมูล 43 แฟ้ม"/><jurisdiction><coding><system value="urn:iso:std:iso:3166"/><code value="TH"/></coding></jurisdiction><content value="complete"/><count value="7"/><concept><code value="01"/><display value="แพทยสภา"/></concept><concept><code value="02"/><display value="สภาการพยาบาล"/></concept><concept><code value="03"/><display value="สภาเภสัชกรรม"/></concept><concept><code value="04"/><display value="ทันตแพทยสภา"/></concept><concept><code value="05"/><display value="สภากายภาพบำบัด"/></concept><concept><code value="06"/><display value="สภาเทคนิคการแพทย์"/></concept><concept><code value="07"/><display value="สัตวแพทยสภา"/></concept></CodeSystem>