<?xml version="1.0" encoding="UTF-8"?><CodeSystem xmlns="http://hl7.org/fhir"><id value="cs-thcc-provider-type"/><text><status value="generated"/><div xmlns="http://www.w3.org/1999/xhtml"><p>This code system http://terms.sil-th.org/CodeSystem/cs-thcc-provider-type defines the following codes:</p><table class="codes"><tr><td style="white-space:nowrap"><b>Code</b></td><td><b>Display</b></td></tr><tr><td style="white-space:nowrap">1<a name="cs-thcc-provider-type-1"> </a></td><td>Main Contractor</td></tr><tr><td style="white-space:nowrap">2<a name="cs-thcc-provider-type-2"> </a></td><td>Sub Contractor</td></tr><tr><td style="white-space:nowrap">3<a name="cs-thcc-provider-type-3"> </a></td><td>Supra Contractor</td></tr><tr><td style="white-space:nowrap">4<a name="cs-thcc-provider-type-4"> </a></td><td>Excellent</td></tr><tr><td style="white-space:nowrap">5<a name="cs-thcc-provider-type-5"> </a></td><td>Super tertiary</td></tr></table></div></text><url value="http://terms.sil-th.org/CodeSystem/cs-thcc-provider-type"/><version value="0.1.0"/><name value="CS_THCC_ProviderType"/><title value="รหัสประเภทสถานพยาบาลที่รักษา"/><status value="active"/><date value="2022-08-17T01:34:31+07:00"/><description value="รหัสประเภทสถานพยาบาลที่รักษา ตามโครงสร้างข้อมูล 43 แฟ้ม"/><jurisdiction><coding><system value="urn:iso:std:iso:3166"/><code value="TH"/></coding></jurisdiction><content value="complete"/><count value="5"/><concept><code value="1"/><display value="Main Contractor"/></concept><concept><code value="2"/><display value="Sub Contractor"/></concept><concept><code value="3"/><display value="Supra Contractor"/></concept><concept><code value="4"/><display value="Excellent"/></concept><concept><code value="5"/><display value="Super tertiary"/></concept></CodeSystem>