<?xml version="1.0" encoding="UTF-8"?><CodeSystem xmlns="http://hl7.org/fhir"><id value="cs-thcc-participant-type"/><text><status value="generated"/><div xmlns="http://www.w3.org/1999/xhtml"><p>This code system http://terms.sil-th.org/CodeSystem/cs-thcc-participant-type defines the following codes:</p><table class="codes"><tr><td style="white-space:nowrap"><b>Code</b></td><td><b>Display</b></td></tr><tr><td style="white-space:nowrap">PPRF<a name="cs-thcc-participant-type-PPRF"> </a></td><td>แพทย์เจ้าของคนไข้</td></tr><tr><td style="white-space:nowrap">CON<a name="cs-thcc-participant-type-CON"> </a></td><td>แพทย์ผู้ให้คำปรึกษา</td></tr><tr><td style="white-space:nowrap">REF<a name="cs-thcc-participant-type-REF"> </a></td><td>แพทย์ผู้ที่ทำการส่งต่อ</td></tr><tr><td style="white-space:nowrap">CAN<a name="cs-thcc-participant-type-CAN"> </a></td><td>แพทย์/เจ้าหน้าที่ทำยกเลิกการให้บริการ (ถ้ามี)</td></tr></table></div></text><url value="http://terms.sil-th.org/CodeSystem/cs-thcc-participant-type"/><version value="0.1.0"/><name value="CS_THCC_ParticipantType"/><title value="ประเภทแพทย์เพิ่มเติม"/><status value="active"/><date value="2022-08-16T21:51:46+07:00"/><description value="ประเภทแพทย์เพิ่มเติม ตามโครงสร้างข้อมูล 43 แฟ้ม"/><jurisdiction><coding><system value="urn:iso:std:iso:3166"/><code value="TH"/></coding></jurisdiction><content value="complete"/><count value="4"/><concept><code value="PPRF"/><display value="แพทย์เจ้าของคนไข้"/></concept><concept><code value="CON"/><display value="แพทย์ผู้ให้คำปรึกษา"/></concept><concept><code value="REF"/><display value="แพทย์ผู้ที่ทำการส่งต่อ"/></concept><concept><code value="CAN"/><display value="แพทย์/เจ้าหน้าที่ทำยกเลิกการให้บริการ (ถ้ามี)"/></concept></CodeSystem>