<?xml version="1.0" encoding="UTF-8"?><CodeSystem xmlns="http://hl7.org/fhir"><id value="cs-thcc-labor-presentation"/><text><status value="generated"/><div xmlns="http://www.w3.org/1999/xhtml"><p>This code system http://terms.sil-th.org/CodeSystem/cs-thcc-labor-presentation defines the following codes:</p><table class="codes"><tr><td style="white-space:nowrap"><b>Code</b></td><td><b>Display</b></td></tr><tr><td style="white-space:nowrap">1<a name="cs-thcc-labor-presentation-1"> </a></td><td>ปกติ</td></tr><tr><td style="white-space:nowrap">2<a name="cs-thcc-labor-presentation-2"> </a></td><td>ท่าก้น</td></tr><tr><td style="white-space:nowrap">3<a name="cs-thcc-labor-presentation-3"> </a></td><td>ท่าขวาง</td></tr></table></div></text><url value="http://terms.sil-th.org/CodeSystem/cs-thcc-labor-presentation"/><version value="0.1.0"/><name value="CS_THCC_LaborPresentation"/><title value="รหัสท่าเด็กตอนคลอด"/><status value="active"/><date value="2022-08-16T21:51:46+07:00"/><description value="รหัสท่าเด็กตอนคลอด เพื่อใช้ประกอบโครงสร้างข้อมูล 43 แฟ้ม"/><jurisdiction><coding><system value="urn:iso:std:iso:3166"/><code value="TH"/></coding></jurisdiction><content value="complete"/><count value="3"/><concept><code value="1"/><display value="ปกติ"/></concept><concept><code value="2"/><display value="ท่าก้น"/></concept><concept><code value="3"/><display value="ท่าขวาง"/></concept></CodeSystem>