<?xml version="1.0" encoding="UTF-8"?><CodeSystem xmlns="http://hl7.org/fhir"><id value="cs-thcc-house-type"/><text><status value="generated"/><div xmlns="http://www.w3.org/1999/xhtml"><p>This code system https://terms.sil-th.org/CodeSystem/cs-thcc-house-type defines the following codes:</p><table class="codes"><tr><td style="white-space:nowrap"><b>Code</b></td><td><b>Display</b></td></tr><tr><td style="white-space:nowrap">1<a name="cs-thcc-house-type-1"> </a></td><td>บ้านเดี่ยว บ้านแฝด</td></tr><tr><td style="white-space:nowrap">2<a name="cs-thcc-house-type-2"> </a></td><td>ทาวน์เฮาส์ ทาวน์โฮม</td></tr><tr><td style="white-space:nowrap">3<a name="cs-thcc-house-type-3"> </a></td><td>คอนโดมิเนียม</td></tr><tr><td style="white-space:nowrap">4<a name="cs-thcc-house-type-4"> </a></td><td>อพาร์ทเมนท์ หอพัก</td></tr><tr><td style="white-space:nowrap">5<a name="cs-thcc-house-type-5"> </a></td><td>บ้านพักคนงาน</td></tr><tr><td style="white-space:nowrap">6<a name="cs-thcc-house-type-6"> </a></td><td>ศาสนสถาน</td></tr><tr><td style="white-space:nowrap">8<a name="cs-thcc-house-type-8"> </a></td><td>อื่นๆ</td></tr><tr><td style="white-space:nowrap">9<a name="cs-thcc-house-type-9"> </a></td><td>ไม่ทราบ</td></tr></table></div></text><url value="https://terms.sil-th.org/CodeSystem/cs-thcc-house-type"/><version value="0.1.0"/><name value="CS_THCC_HouseType"/><title value="รหัสลักษณะที่อยู่"/><status value="active"/><date value="2022-08-10T01:32:39+07:00"/><description value="รหัสลักษณะที่อยู่ จาก THCC ซึ่งใช้ในโครงสร้างข้อมูล 43 แฟ้ม"/><jurisdiction><coding><system value="urn:iso:std:iso:3166"/><code value="TH"/></coding></jurisdiction><content value="complete"/><count value="8"/><concept><code value="1"/><display value="บ้านเดี่ยว บ้านแฝด"/></concept><concept><code value="2"/><display value="ทาวน์เฮาส์ ทาวน์โฮม"/></concept><concept><code value="3"/><display value="คอนโดมิเนียม"/></concept><concept><code value="4"/><display value="อพาร์ทเมนท์ หอพัก"/></concept><concept><code value="5"/><display value="บ้านพักคนงาน"/></concept><concept><code value="6"/><display value="ศาสนสถาน"/></concept><concept><code value="8"/><display value="อื่นๆ"/></concept><concept><code value="9"/><display value="ไม่ทราบ"/></concept></CodeSystem>