<?xml version="1.0" encoding="UTF-8"?><CodeSystem xmlns="http://hl7.org/fhir"><id value="cs-thcc-surveillance-group"/><text><status value="generated"/><div xmlns="http://www.w3.org/1999/xhtml"><p>This code system http://terms.sil-th.org/CodeSystem/cs-thcc-surveillance-group defines the following codes:</p><table class="codes"><tr><td style="white-space:nowrap"><b>Code</b></td><td><b>Display</b></td></tr><tr><td style="white-space:nowrap">0001<a name="cs-thcc-surveillance-group-0001"> </a></td><td>ไข้ สูงหรือต่ำ ชัก</td></tr><tr><td style="white-space:nowrap">0002<a name="cs-thcc-surveillance-group-0002"> </a></td><td>ไข้ เจ็บคอ แผ่นฝ้าสีขาวบนเทา ติดแน่นที่บริเวณทอนซิล ช่องคอ และ/หรือโพรงจมูก กล่องเสียง</td></tr><tr><td style="white-space:nowrap">0003<a name="cs-thcc-surveillance-group-0003"> </a></td><td>ไข้ ปวดศรีษะ ร้องกวน ซึม ชัก Anterior frontanel โป่งตึง ระคายเคืองของเยื่อหุ้มสมอง คอ</td></tr><tr><td style="white-space:nowrap">0004<a name="cs-thcc-surveillance-group-0004"> </a></td><td>ไข้ ปวดศรีษะ อาเจียน ระคายเคืองของเยื่อหุ้มสมอง คอแข็ง ซึม ชัก จ้ำเลือดตามผิวหนังชนิดรุนแรง (purpura fulminant)</td></tr><tr><td style="white-space:nowrap">0005<a name="cs-thcc-surveillance-group-0005"> </a></td><td>ไข้ มีผื่น ปวดกล้ามเนื้อ ปวดกระดูกหรือข้อ ปวดศรีษะ ปวดกระบอกตา เลือกออกตามผิวหนัง</td></tr><tr><td style="white-space:nowrap">0006<a name="cs-thcc-surveillance-group-0006"> </a></td><td>ไข้ มีแผลเปื่อยหลายในปาก ตุ่มน้ำพองขนาดเล็กที่ฝ่ามือ นิ้วมือ ฝ่าเท้า ก้น</td></tr><tr><td style="white-space:nowrap">0007<a name="cs-thcc-surveillance-group-0007"> </a></td><td>ไข้ ร่วมกับผื่น/ตุ่ม</td></tr><tr><td style="white-space:nowrap">0008<a name="cs-thcc-surveillance-group-0008"> </a></td><td>ไข้เฉียบพลัน ปวดศรีษะอย่างรุนแรง ปวดกระบอกตา ปวดกล้ามเนื้อ ปวดกระดูกหรือข้อต่อ มีผื่น เลือดออก ตับโตมักกดเจ็บ ความดันโลหิตลดต่ำลง</td></tr><tr><td style="white-space:nowrap">0009<a name="cs-thcc-surveillance-group-0009"> </a></td><td>ไข้ต่ำๆ ผื่นแดงทั่วร่างกายอย่างเฉียบพลัน ต่อมน้ำเหลืองโตทั่วตัว ปวดข้อ ข้ออักเสบ เยื่อบุยาอักเสบ</td></tr><tr><td style="white-space:nowrap">0010<a name="cs-thcc-surveillance-group-0010"> </a></td><td>ไข้น้อยกว่าหรือเท่ากับ 38.3 องศาเซลเซียส</td></tr><tr><td style="white-space:nowrap">0011<a name="cs-thcc-surveillance-group-0011"> </a></td><td>ไข้สูง ฝี ช็อค</td></tr><tr><td style="white-space:nowrap">0012<a name="cs-thcc-surveillance-group-0012"> </a></td><td>ไข้สูง หนาวสั่น ปวดศรีษะชนิดรุนแรง ปวดกล้ามเนื้ออย่างรุนแรง กดเจ็บตามกล้ามเนื้อ ตาแดง (หลอดเลือดแดงแผ่ซ่านเป็นตาข่าย หรือมีเลือดออก) คอแข็ง ความรู้สึกตัวผิดปกติ ไอแห้งหรือไอมีเสมหะปนเลือด ไตวาย การหายใจล้มเหลว เลือดออกผิวปกติตามอวัยวะต่างๆ อาเจียนเป็นเลือด ถ่ายอุจจาระเป็นสีดำ ไอเป็นเลือดสด ดีซ่าน</td></tr><tr><td style="white-space:nowrap">0013<a name="cs-thcc-surveillance-group-0013"> </a></td><td>ไข้สูงเกิน 38.5 องศาเซลเซียส ถ่ายเป็นมูกเลือด ปวดเบ่ง (เหมือนถ่ายไม่สุด) ถ่ายกระปริดกระปรอย คลื่นไส้ อาเจียน ชัก</td></tr><tr><td style="white-space:nowrap">0014<a name="cs-thcc-surveillance-group-0014"> </a></td><td>ไข้สูงลอยนานกว่า 1 สัปดาห์ ปวดศรีษะ เบื่ออาหาร หัวใจเต้นช้ากว่าปกติ ท้องอืด ท้องผูก ปวดท้อง ท้องเสีย ถ่ายเป็นเลือด ช็อคเนื่องจากภาวะที่มีเลือดแข็งตัวกระจายไปทั่วร่างกาย (Disseminated Intravascular Coagulopathy Shock), เยื่อบุช่องท้องอักเสบจากลำไส้ทะลุ ตับโต ม้ามโต (เล็กน้อย)</td></tr><tr><td style="white-space:nowrap">0015<a name="cs-thcc-surveillance-group-0015"> </a></td><td>คัน เปียกแฉะ ปวดเบ่ง บริเวณทวารหนัก ฝีหนองบริเวณทวารหนัก</td></tr><tr><td style="white-space:nowrap">0016<a name="cs-thcc-surveillance-group-0016"> </a></td><td>ตัวเหลือง ตาเหลือง ปัสสาวะสีเข้ม ไข้ ท้องอืด จุกแน่นบริเวณใต้ชายโครงขวา เบื่ออาหารมาก อ่อนเพลียมาก</td></tr><tr><td style="white-space:nowrap">0017<a name="cs-thcc-surveillance-group-0017"> </a></td><td>ตุ่มหรือแผลตื้นๆ บริเวณอวัยวะเพศ ปวด บวมโต อักเสบกลายเป็นฝีหนอง</td></tr><tr><td style="white-space:nowrap">0018<a name="cs-thcc-surveillance-group-0018"> </a></td><td>ถ่ายเป็นน้ำหรือมูกปนเลือด ไข้ ปวดท้องทั่วไป บริเวณท้องน้อยด้านขวา (Rigth iliac fossa) อาเจียนมาก</td></tr><tr><td style="white-space:nowrap">0019<a name="cs-thcc-surveillance-group-0019"> </a></td><td>ถ่ายเหลวเป็นน้ำสีเขียว ถ่ายมีมูกหรือมีเลือดปน ไข้นานหลายวัน ไข้เรื้อรัง ปวดท้อง (ปวดเกร็งที่หน้าท้อง) ปวดเบ่ง</td></tr><tr><td style="white-space:nowrap">0020<a name="cs-thcc-surveillance-group-0020"> </a></td><td>ถ่ายเหลวมากกว่า 2 สัปดาห์ ถ่ายเป็นมูกปนเลือด (มีกลิ่นเหม็นรุนแรงคล้ายหัวกุ้งเน่า) ไข้ ปวดเบ่ง (เหมือนถ่ายไม่สุด) ถ่ายกระปริดกระปรอย</td></tr><tr><td style="white-space:nowrap">0021<a name="cs-thcc-surveillance-group-0021"> </a></td><td>ถ่ายอุจจาระเหลว ถ่ายเป็นน้ำ อาเจียน ขาดน้ำ</td></tr><tr><td style="white-space:nowrap">0022<a name="cs-thcc-surveillance-group-0022"> </a></td><td>ถ่ายอุจจาระเหลว อาเจียน ขาดน้ำ</td></tr><tr><td style="white-space:nowrap">0023<a name="cs-thcc-surveillance-group-0023"> </a></td><td>เนื้อเยื่อไหม้ ปวดแสบปวดร้อน เล็บขาวหรือเหลือง เล็บหลุด หัวใจล้มเหลว ปอดเลือดออก บวมน้ำ ตาเหลือง ตับโต ชัก</td></tr><tr><td style="white-space:nowrap">0024<a name="cs-thcc-surveillance-group-0024"> </a></td><td>แน่นหน้าอก หลอดลมอักเสบ ปวดศรีษะ อ่อนเพลีย เบื่ออาหาร เฉื่อยชา ง่วงเหงาหาวนอน โกรธง่าย ประสาทหลอน อารมณ์รุนแรง หลงลืมง่าย ปวดกล้ามเนื้อ มือสั่น เคลื่อนไหวช้า พูดช้า พูดตะกุกตะกัก</td></tr><tr><td style="white-space:nowrap">0025<a name="cs-thcc-surveillance-group-0025"> </a></td><td>แน่นหน้าอก หายใจไม่สะดวก ไอ</td></tr><tr><td style="white-space:nowrap">0026<a name="cs-thcc-surveillance-group-0026"> </a></td><td>ปวดท้อง คลื่นไส้ อาเจียน ท้องร่วง ปวดศรีษะ เพ้อ คลั่ง ชัก ชา ชาปลายมือปลายเท้า อ่อนเพลีย ไม่มีแรง</td></tr><tr><td style="white-space:nowrap">0027<a name="cs-thcc-surveillance-group-0027"> </a></td><td>ปวดบวมต่อมน้ำลายใต้กกหู</td></tr><tr><td style="white-space:nowrap">0028<a name="cs-thcc-surveillance-group-0028"> </a></td><td>ปวดศรีษะ หน้ามืด ตาพร่ามั่ว ม่านตาเล็กลง หายใจหอบ คลื่นไส้อาเจียน ท้องเสีย</td></tr><tr><td style="white-space:nowrap">0029<a name="cs-thcc-surveillance-group-0029"> </a></td><td>ผื่นแดงไหม้ ปวดแสบ ปวดร้อน ผิวแห้งแตกเป็นร่อง มีขุยขึ้น</td></tr><tr><td style="white-space:nowrap">0030<a name="cs-thcc-surveillance-group-0030"> </a></td><td>แผลนูนยื่น (Papilloma) บนผิวหนัง เยื่อหุ้มกระดูกอักเสบ</td></tr><tr><td style="white-space:nowrap">0031<a name="cs-thcc-surveillance-group-0031"> </a></td><td>แผลในโพรงจมูก</td></tr><tr><td style="white-space:nowrap">0032<a name="cs-thcc-surveillance-group-0032"> </a></td><td>แผลบริเวณอวัยวะเพศ ขาหนีบบวมโต หรืออักเสบเป็นฝีร่วมด้วย</td></tr><tr><td style="white-space:nowrap">0033<a name="cs-thcc-surveillance-group-0033"> </a></td><td>แผลบริเวณอวัยวะเพศ ผื่นได้ทั้วตัว ผื่นที่ฝ่ามือ-ฝ่าเท้า ผมร่วง คิ้วร่วง หรือต่อมน้ำเหลืองโต</td></tr><tr><td style="white-space:nowrap">0034<a name="cs-thcc-surveillance-group-0034"> </a></td><td>ฝันหวาน ตื่นเต้น ปวดศรีษะ งุนงง วิงเวียน อ่อนเพลีย คลื่นไส้กระวนกระวาย นอนไม่หลับ เดินเซ หมดสติ ระคายเคืองทางเดินหายใจ สั่น สูญเสียความจำ ไม่มีสมาธิ เดินไม่ตรง</td></tr><tr><td style="white-space:nowrap">0035<a name="cs-thcc-surveillance-group-0035"> </a></td><td>มีไข้ ตับโต และหรือม้ามโต หนาวสั่น ปวดศรีษะ คลื่นไส้ อาเจียน ตาเหลือง</td></tr><tr><td style="white-space:nowrap">0036<a name="cs-thcc-surveillance-group-0036"> </a></td><td>มีไข้ ปวดบวมแดงร้อนบริเวณต่อมและทางเดินน้ำเหลือง อวัยวะบวมโต เช่น แขน ขา อวัยวะเพศ</td></tr><tr><td style="white-space:nowrap">0037<a name="cs-thcc-surveillance-group-0037"> </a></td><td>มีไข้ ปวดศรีษะ ชา เจ็บเสียวบริเวณแผลที่ถูกสัตว์กัด คันอย่างรุนแรงบริเวณแผลที่ถูกกัดกลืนลำบาก ถ่มน้ำลาย กลัวน้ำ กลัวลม พบ Myoedema อัมพาตของแขน ขา</td></tr><tr><td style="white-space:nowrap">0038<a name="cs-thcc-surveillance-group-0038"> </a></td><td>มีไข้ แผลคล้ายบุหรี่จี้ ปวดศรีษะ ปวดเมื่อยตัว ปวดกระบอกตา ตาแดง ต่อมน้ำเหลืองโตและเจ็บโดยเฉพาะที่อยู่ใกล้ๆ กับแผล (eschar lesions) ไอแห้ง ผื่น ซึม สมองอักเสบ ปอดบวม ตัวและตาเหลือง</td></tr><tr><td style="white-space:nowrap">0039<a name="cs-thcc-surveillance-group-0039"> </a></td><td>มีไข้ ไอ หอบ เจ็บหน้าอก มีเสียง crepitation ในปอด เสียง bronchial breath sound ชายโครงบุ๋มเวลาหายใจเข้า</td></tr><tr><td style="white-space:nowrap">0040<a name="cs-thcc-surveillance-group-0040"> </a></td><td>มีไข้ ไอ หอบเหนื่อย</td></tr><tr><td style="white-space:nowrap">0041<a name="cs-thcc-surveillance-group-0041"> </a></td><td>มีไข้ ไอนานเกิน 3 สัปดาห์ ไอเป็นเลือด น้ำหนักลด</td></tr><tr><td style="white-space:nowrap">0042<a name="cs-thcc-surveillance-group-0042"> </a></td><td>มีไข้น้อยกว่า 38 องศาเซลเซียส ปวดเมื่อยกล้ามเนี้อ ปวดศรีษะ ไอรุนแรง เจ็บคอ อ่อนเพลีย คัดจมุก เยื่อบุตาอักเสบ</td></tr><tr><td style="white-space:nowrap">0043<a name="cs-thcc-surveillance-group-0043"> </a></td><td>มีไข้น้อยกว่า 38 องศาเซลเซียส ผื่นนูนแดง ไอ</td></tr><tr><td style="white-space:nowrap">0044<a name="cs-thcc-surveillance-group-0044"> </a></td><td>มีแผลที่ผิวหนังแผลสีดำ (Black eschar) ตรงกลางบุ๋ม คล้ายบุหรี่จี้ รอบๆ แผลจะบวมแดงแต่ไม่เจ็บ ไข้ ปวดท้อง คลื่นไส้ อาเจียน กดเจ็บ มีไข้ ไอแห้ง เจ็บ</td></tr><tr><td style="white-space:nowrap">0045<a name="cs-thcc-surveillance-group-0045"> </a></td><td>มีมูกใส หรือมูกขุ่น จากท่อปัสสาวะ ปัสสาวะแสบขัด คันในท่อปัสสาวะ มูกหนองจากปากมดลูก</td></tr><tr><td style="white-space:nowrap">0046<a name="cs-thcc-surveillance-group-0046"> </a></td><td>มีหนองหรือมูกหนองจากท่อปัสสาวะ ตกขาวเป็นหนอง มูกปนหนอง ปัสสาวะแสบขัด</td></tr><tr><td style="white-space:nowrap">0047<a name="cs-thcc-surveillance-group-0047"> </a></td><td>ไม่ดูดนม คอแข็งหลังแข็ง ชักเกร็งเมื่อมีสิ่งมากระตุ้น</td></tr><tr><td style="white-space:nowrap">0048<a name="cs-thcc-surveillance-group-0048"> </a></td><td>เยื่อบุตาแดง อักเสบ ปวดตา มีขี้ตา เลือดออกใต้เยื่อบุตาขาว</td></tr><tr><td style="white-space:nowrap">0049<a name="cs-thcc-surveillance-group-0049"> </a></td><td>ระคายเคืองตา ระคายเคืองผิวหนัง ปวดศรีษะ มึนงง คลื่นไส้ อาเจียน ง่วงซึม หมดสติ อาเจียน หัวใจเต้นผิดจังหวะ เบื่ออาหาร</td></tr><tr><td style="white-space:nowrap">0050<a name="cs-thcc-surveillance-group-0050"> </a></td><td>วงด่างขาวหรือรอยนูนแดงที่ผิวหนัง ชา เส้นประสาทที่อยู่ตื้นๆ ได้แก่  Ulnar Nerver โตทั้งสองข้าง</td></tr><tr><td style="white-space:nowrap">0051<a name="cs-thcc-surveillance-group-0051"> </a></td><td>เสียงดังในหูคล้ายแมลงหวี่ร้อง</td></tr><tr><td style="white-space:nowrap">0052<a name="cs-thcc-surveillance-group-0052"> </a></td><td>หน้ามืด เวียนศรีษะ กังวล ใจสั่น เหงื่อออกมาก กระสับกระส่าย อารมณ์แปรปรวน เลื่อนลอย ฝันร้าย ซึมเศร้า ขาดสมาธิ สับสน ชัก หมดสติ หายใจหอบเขียว หัวใจเต้นช้า ช็อค มีน้ำมูก เสมหะมาก เจ็บแน่นหน้าอก ไอหอบ เบื่ออาหาร อาเจียน น้ำลายมาก จุกเสียด แน่นท้อง ท้องเสีย ท้องร่วง กลั้นอุจจาระไม่อยู่ กล้ามเนื้อกระตุก ตะคริว รูม่านตาเล็กลง ตามัว ปวดตาเวลาเพ่ง</td></tr><tr><td style="white-space:nowrap">0053<a name="cs-thcc-surveillance-group-0053"> </a></td><td>เหนื่อยง่าย หายใจลำบาก น้ำหนักลด ตัวเขียว ชีพจรเร็ว มีเสียงกรอบแกรบในปอด หายใจเข้าจะไอ</td></tr><tr><td style="white-space:nowrap">0054<a name="cs-thcc-surveillance-group-0054"> </a></td><td>อ่อนเพลีย นอนไม่หลับ ปวดศรีษะ ท้องผูก ปวดท้องแบบ Colic ซีด กระวนกระวาย ปวดตามข้อกล้ามเนื้อ เบื่ออาหาร คลื่นไส้อาเจียน ชัก</td></tr><tr><td style="white-space:nowrap">0055<a name="cs-thcc-surveillance-group-0055"> </a></td><td>อ่อนเพลีย เบื่ออาหาร น้ำหนักลด ไข้ต่ำๆ คอแข็ง</td></tr><tr><td style="white-space:nowrap">0056<a name="cs-thcc-surveillance-group-0056"> </a></td><td>อัมพาตอ่อนเปียกอย่างเฉียบพลัน</td></tr><tr><td style="white-space:nowrap">0057<a name="cs-thcc-surveillance-group-0057"> </a></td><td>อาเจียน ปวดท้อง ท้องเสียรุนแรง ไข้ ปวดศรีษะอย่างรุนแรง ปวดมวนท้อง (Abdominal cramps) คลื่นไส้ ถ่ายเป็นน้ำ อาจมีมูกเลือด</td></tr><tr><td style="white-space:nowrap">0058<a name="cs-thcc-surveillance-group-0058"> </a></td><td>ไอ หอบเหนื่อย</td></tr><tr><td style="white-space:nowrap">0059<a name="cs-thcc-surveillance-group-0059"> </a></td><td>ไอมาอย่างน้อย 2 สัปดาห์ ไอเป็นชุด (paroxysms of coughing) มีเสียงหายใจดังฮู้บ ระหว่างหรือหลังการไอ (Inspiratory whooping) อาเจียนหลังการไอ (post-tussive vemting)</td></tr></table></div></text><url value="http://terms.sil-th.org/CodeSystem/cs-thcc-surveillance-group"/><version value="0.1.0"/><name value="CS_THCC_SurvGroup"/><title value="รหัสกลุ่มอาการที่เฝ้าระวัง"/><status value="active"/><date value="2022-08-14T22:14:52+07:00"/><description value="รหัสกลุ่มอาการที่เฝ้าระวัง ตามโครงสร้างข้อมูล 43 แฟ้ม"/><jurisdiction><coding><system value="urn:iso:std:iso:3166"/><code value="TH"/></coding></jurisdiction><content value="complete"/><count value="59"/><concept><code value="0001"/><display value="ไข้ สูงหรือต่ำ ชัก"/></concept><concept><code value="0002"/><display value="ไข้ เจ็บคอ แผ่นฝ้าสีขาวบนเทา ติดแน่นที่บริเวณทอนซิล ช่องคอ และ/หรือโพรงจมูก กล่องเสียง"/></concept><concept><code value="0003"/><display value="ไข้ ปวดศรีษะ ร้องกวน ซึม ชัก Anterior frontanel โป่งตึง ระคายเคืองของเยื่อหุ้มสมอง คอ"/></concept><concept><code value="0004"/><display value="ไข้ ปวดศรีษะ อาเจียน ระคายเคืองของเยื่อหุ้มสมอง คอแข็ง ซึม ชัก จ้ำเลือดตามผิวหนังชนิดรุนแรง (purpura fulminant)"/></concept><concept><code value="0005"/><display value="ไข้ มีผื่น ปวดกล้ามเนื้อ ปวดกระดูกหรือข้อ ปวดศรีษะ ปวดกระบอกตา เลือกออกตามผิวหนัง"/></concept><concept><code value="0006"/><display value="ไข้ มีแผลเปื่อยหลายในปาก ตุ่มน้ำพองขนาดเล็กที่ฝ่ามือ นิ้วมือ ฝ่าเท้า ก้น"/></concept><concept><code value="0007"/><display value="ไข้ ร่วมกับผื่น/ตุ่ม"/></concept><concept><code value="0008"/><display value="ไข้เฉียบพลัน ปวดศรีษะอย่างรุนแรง ปวดกระบอกตา ปวดกล้ามเนื้อ ปวดกระดูกหรือข้อต่อ มีผื่น เลือดออก ตับโตมักกดเจ็บ ความดันโลหิตลดต่ำลง"/></concept><concept><code value="0009"/><display value="ไข้ต่ำๆ ผื่นแดงทั่วร่างกายอย่างเฉียบพลัน ต่อมน้ำเหลืองโตทั่วตัว ปวดข้อ ข้ออักเสบ เยื่อบุยาอักเสบ"/></concept><concept><code value="0010"/><display value="ไข้น้อยกว่าหรือเท่ากับ 38.3 องศาเซลเซียส"/></concept><concept><code value="0011"/><display value="ไข้สูง ฝี ช็อค"/></concept><concept><code value="0012"/><display value="ไข้สูง หนาวสั่น ปวดศรีษะชนิดรุนแรง ปวดกล้ามเนื้ออย่างรุนแรง กดเจ็บตามกล้ามเนื้อ ตาแดง (หลอดเลือดแดงแผ่ซ่านเป็นตาข่าย หรือมีเลือดออก) คอแข็ง ความรู้สึกตัวผิดปกติ ไอแห้งหรือไอมีเสมหะปนเลือด ไตวาย การหายใจล้มเหลว เลือดออกผิวปกติตามอวัยวะต่างๆ อาเจียนเป็นเลือด ถ่ายอุจจาระเป็นสีดำ ไอเป็นเลือดสด ดีซ่าน"/></concept><concept><code value="0013"/><display value="ไข้สูงเกิน 38.5 องศาเซลเซียส ถ่ายเป็นมูกเลือด ปวดเบ่ง (เหมือนถ่ายไม่สุด) ถ่ายกระปริดกระปรอย คลื่นไส้ อาเจียน ชัก"/></concept><concept><code value="0014"/><display value="ไข้สูงลอยนานกว่า 1 สัปดาห์ ปวดศรีษะ เบื่ออาหาร หัวใจเต้นช้ากว่าปกติ ท้องอืด ท้องผูก ปวดท้อง ท้องเสีย ถ่ายเป็นเลือด ช็อคเนื่องจากภาวะที่มีเลือดแข็งตัวกระจายไปทั่วร่างกาย (Disseminated Intravascular Coagulopathy Shock), เยื่อบุช่องท้องอักเสบจากลำไส้ทะลุ ตับโต ม้ามโต (เล็กน้อย)"/></concept><concept><code value="0015"/><display value="คัน เปียกแฉะ ปวดเบ่ง บริเวณทวารหนัก ฝีหนองบริเวณทวารหนัก"/></concept><concept><code value="0016"/><display value="ตัวเหลือง ตาเหลือง ปัสสาวะสีเข้ม ไข้ ท้องอืด จุกแน่นบริเวณใต้ชายโครงขวา เบื่ออาหารมาก อ่อนเพลียมาก"/></concept><concept><code value="0017"/><display value="ตุ่มหรือแผลตื้นๆ บริเวณอวัยวะเพศ ปวด บวมโต อักเสบกลายเป็นฝีหนอง"/></concept><concept><code value="0018"/><display value="ถ่ายเป็นน้ำหรือมูกปนเลือด ไข้ ปวดท้องทั่วไป บริเวณท้องน้อยด้านขวา (Rigth iliac fossa) อาเจียนมาก"/></concept><concept><code value="0019"/><display value="ถ่ายเหลวเป็นน้ำสีเขียว ถ่ายมีมูกหรือมีเลือดปน ไข้นานหลายวัน ไข้เรื้อรัง ปวดท้อง (ปวดเกร็งที่หน้าท้อง) ปวดเบ่ง"/></concept><concept><code value="0020"/><display value="ถ่ายเหลวมากกว่า 2 สัปดาห์ ถ่ายเป็นมูกปนเลือด (มีกลิ่นเหม็นรุนแรงคล้ายหัวกุ้งเน่า) ไข้ ปวดเบ่ง (เหมือนถ่ายไม่สุด) ถ่ายกระปริดกระปรอย"/></concept><concept><code value="0021"/><display value="ถ่ายอุจจาระเหลว ถ่ายเป็นน้ำ อาเจียน ขาดน้ำ"/></concept><concept><code value="0022"/><display value="ถ่ายอุจจาระเหลว อาเจียน ขาดน้ำ"/></concept><concept><code value="0023"/><display value="เนื้อเยื่อไหม้ ปวดแสบปวดร้อน เล็บขาวหรือเหลือง เล็บหลุด หัวใจล้มเหลว ปอดเลือดออก บวมน้ำ ตาเหลือง ตับโต ชัก"/></concept><concept><code value="0024"/><display value="แน่นหน้าอก หลอดลมอักเสบ ปวดศรีษะ อ่อนเพลีย เบื่ออาหาร เฉื่อยชา ง่วงเหงาหาวนอน โกรธง่าย ประสาทหลอน อารมณ์รุนแรง หลงลืมง่าย ปวดกล้ามเนื้อ มือสั่น เคลื่อนไหวช้า พูดช้า พูดตะกุกตะกัก"/></concept><concept><code value="0025"/><display value="แน่นหน้าอก หายใจไม่สะดวก ไอ"/></concept><concept><code value="0026"/><display value="ปวดท้อง คลื่นไส้ อาเจียน ท้องร่วง ปวดศรีษะ เพ้อ คลั่ง ชัก ชา ชาปลายมือปลายเท้า อ่อนเพลีย ไม่มีแรง"/></concept><concept><code value="0027"/><display value="ปวดบวมต่อมน้ำลายใต้กกหู"/></concept><concept><code value="0028"/><display value="ปวดศรีษะ หน้ามืด ตาพร่ามั่ว ม่านตาเล็กลง หายใจหอบ คลื่นไส้อาเจียน ท้องเสีย"/></concept><concept><code value="0029"/><display value="ผื่นแดงไหม้ ปวดแสบ ปวดร้อน ผิวแห้งแตกเป็นร่อง มีขุยขึ้น"/></concept><concept><code value="0030"/><display value="แผลนูนยื่น (Papilloma) บนผิวหนัง เยื่อหุ้มกระดูกอักเสบ"/></concept><concept><code value="0031"/><display value="แผลในโพรงจมูก"/></concept><concept><code value="0032"/><display value="แผลบริเวณอวัยวะเพศ ขาหนีบบวมโต หรืออักเสบเป็นฝีร่วมด้วย"/></concept><concept><code value="0033"/><display value="แผลบริเวณอวัยวะเพศ ผื่นได้ทั้วตัว ผื่นที่ฝ่ามือ-ฝ่าเท้า ผมร่วง คิ้วร่วง หรือต่อมน้ำเหลืองโต"/></concept><concept><code value="0034"/><display value="ฝันหวาน ตื่นเต้น ปวดศรีษะ งุนงง วิงเวียน อ่อนเพลีย คลื่นไส้กระวนกระวาย นอนไม่หลับ เดินเซ หมดสติ ระคายเคืองทางเดินหายใจ สั่น สูญเสียความจำ ไม่มีสมาธิ เดินไม่ตรง"/></concept><concept><code value="0035"/><display value="มีไข้ ตับโต และหรือม้ามโต หนาวสั่น ปวดศรีษะ คลื่นไส้ อาเจียน ตาเหลือง"/></concept><concept><code value="0036"/><display value="มีไข้ ปวดบวมแดงร้อนบริเวณต่อมและทางเดินน้ำเหลือง อวัยวะบวมโต เช่น แขน ขา อวัยวะเพศ"/></concept><concept><code value="0037"/><display value="มีไข้ ปวดศรีษะ ชา เจ็บเสียวบริเวณแผลที่ถูกสัตว์กัด คันอย่างรุนแรงบริเวณแผลที่ถูกกัดกลืนลำบาก ถ่มน้ำลาย กลัวน้ำ กลัวลม พบ Myoedema อัมพาตของแขน ขา"/></concept><concept><code value="0038"/><display value="มีไข้ แผลคล้ายบุหรี่จี้ ปวดศรีษะ ปวดเมื่อยตัว ปวดกระบอกตา ตาแดง ต่อมน้ำเหลืองโตและเจ็บโดยเฉพาะที่อยู่ใกล้ๆ กับแผล (eschar lesions) ไอแห้ง ผื่น ซึม สมองอักเสบ ปอดบวม ตัวและตาเหลือง"/></concept><concept><code value="0039"/><display value="มีไข้ ไอ หอบ เจ็บหน้าอก มีเสียง crepitation ในปอด เสียง bronchial breath sound ชายโครงบุ๋มเวลาหายใจเข้า"/></concept><concept><code value="0040"/><display value="มีไข้ ไอ หอบเหนื่อย"/></concept><concept><code value="0041"/><display value="มีไข้ ไอนานเกิน 3 สัปดาห์ ไอเป็นเลือด น้ำหนักลด"/></concept><concept><code value="0042"/><display value="มีไข้น้อยกว่า 38 องศาเซลเซียส ปวดเมื่อยกล้ามเนี้อ ปวดศรีษะ ไอรุนแรง เจ็บคอ อ่อนเพลีย คัดจมุก เยื่อบุตาอักเสบ"/></concept><concept><code value="0043"/><display value="มีไข้น้อยกว่า 38 องศาเซลเซียส ผื่นนูนแดง ไอ"/></concept><concept><code value="0044"/><display value="มีแผลที่ผิวหนังแผลสีดำ (Black eschar) ตรงกลางบุ๋ม คล้ายบุหรี่จี้ รอบๆ แผลจะบวมแดงแต่ไม่เจ็บ ไข้ ปวดท้อง คลื่นไส้ อาเจียน กดเจ็บ มีไข้ ไอแห้ง เจ็บ"/></concept><concept><code value="0045"/><display value="มีมูกใส หรือมูกขุ่น จากท่อปัสสาวะ ปัสสาวะแสบขัด คันในท่อปัสสาวะ มูกหนองจากปากมดลูก"/></concept><concept><code value="0046"/><display value="มีหนองหรือมูกหนองจากท่อปัสสาวะ ตกขาวเป็นหนอง มูกปนหนอง ปัสสาวะแสบขัด"/></concept><concept><code value="0047"/><display value="ไม่ดูดนม คอแข็งหลังแข็ง ชักเกร็งเมื่อมีสิ่งมากระตุ้น"/></concept><concept><code value="0048"/><display value="เยื่อบุตาแดง อักเสบ ปวดตา มีขี้ตา เลือดออกใต้เยื่อบุตาขาว"/></concept><concept><code value="0049"/><display value="ระคายเคืองตา ระคายเคืองผิวหนัง ปวดศรีษะ มึนงง คลื่นไส้ อาเจียน ง่วงซึม หมดสติ อาเจียน หัวใจเต้นผิดจังหวะ เบื่ออาหาร"/></concept><concept><code value="0050"/><display value="วงด่างขาวหรือรอยนูนแดงที่ผิวหนัง ชา เส้นประสาทที่อยู่ตื้นๆ ได้แก่  Ulnar Nerver โตทั้งสองข้าง"/></concept><concept><code value="0051"/><display value="เสียงดังในหูคล้ายแมลงหวี่ร้อง"/></concept><concept><code value="0052"/><display value="หน้ามืด เวียนศรีษะ กังวล ใจสั่น เหงื่อออกมาก กระสับกระส่าย อารมณ์แปรปรวน เลื่อนลอย ฝันร้าย ซึมเศร้า ขาดสมาธิ สับสน ชัก หมดสติ หายใจหอบเขียว หัวใจเต้นช้า ช็อค มีน้ำมูก เสมหะมาก เจ็บแน่นหน้าอก ไอหอบ เบื่ออาหาร อาเจียน น้ำลายมาก จุกเสียด แน่นท้อง ท้องเสีย ท้องร่วง กลั้นอุจจาระไม่อยู่ กล้ามเนื้อกระตุก ตะคริว รูม่านตาเล็กลง ตามัว ปวดตาเวลาเพ่ง"/></concept><concept><code value="0053"/><display value="เหนื่อยง่าย หายใจลำบาก น้ำหนักลด ตัวเขียว ชีพจรเร็ว มีเสียงกรอบแกรบในปอด หายใจเข้าจะไอ"/></concept><concept><code value="0054"/><display value="อ่อนเพลีย นอนไม่หลับ ปวดศรีษะ ท้องผูก ปวดท้องแบบ Colic ซีด กระวนกระวาย ปวดตามข้อกล้ามเนื้อ เบื่ออาหาร คลื่นไส้อาเจียน ชัก"/></concept><concept><code value="0055"/><display value="อ่อนเพลีย เบื่ออาหาร น้ำหนักลด ไข้ต่ำๆ คอแข็ง"/></concept><concept><code value="0056"/><display value="อัมพาตอ่อนเปียกอย่างเฉียบพลัน"/></concept><concept><code value="0057"/><display value="อาเจียน ปวดท้อง ท้องเสียรุนแรง ไข้ ปวดศรีษะอย่างรุนแรง ปวดมวนท้อง (Abdominal cramps) คลื่นไส้ ถ่ายเป็นน้ำ อาจมีมูกเลือด"/></concept><concept><code value="0058"/><display value="ไอ หอบเหนื่อย"/></concept><concept><code value="0059"/><display value="ไอมาอย่างน้อย 2 สัปดาห์ ไอเป็นชุด (paroxysms of coughing) มีเสียงหายใจดังฮู้บ ระหว่างหรือหลังการไอ (Inspiratory whooping) อาเจียนหลังการไอ (post-tussive vemting)"/></concept></CodeSystem>