<?xml version="1.0" encoding="UTF-8"?><CodeSystem xmlns="http://hl7.org/fhir"><id value="cs-thcc-qn-type"/><text><status value="generated"/><div xmlns="http://www.w3.org/1999/xhtml"><p>This code system https://terms.sil-th.org/CodeSystem/cs-thcc-qn-type defines the following codes:</p><table class="codes"><tr><td style="white-space:nowrap"><b>Code</b></td><td><b>Display</b></td></tr><tr><td style="white-space:nowrap">HOME<a name="cs-thcc-qn-type-HOME"> </a></td><td>ข้อมูลสุขาภิบาลของหลังคาเรือน ในแฟ้ม HOME</td></tr><tr><td style="white-space:nowrap">VILLAGE<a name="cs-thcc-qn-type-VILLAGE"> </a></td><td>ข้อมูลทั่วไปและข้อมูลที่เกี่ยวข้องกับสุขภาพของชุมชน ในแฟ้ม VILLAGE</td></tr><tr><td style="white-space:nowrap">DENTAL<a name="cs-thcc-qn-type-DENTAL"> </a></td><td>แบบสำรวจการตรวจสภาวะทันตสุขภาพของฟัน ในแฟ้ม DENTAL</td></tr></table></div></text><url value="https://terms.sil-th.org/CodeSystem/cs-thcc-qn-type"/><version value="0.1.0"/><name value="CS_THCC_QnType"/><title value="ชนิดแบบสอบถาม 43 แฟ้ม plus"/><status value="active"/><date value="2022-08-14T01:41:38+07:00"/><description value="ชนิดแบบสอบถามที่ใช้ประกอบการเก็บข้อมูลตามโครงสร้างข้อมูล 43 แฟ้มเดิมและโครงสร้างอื่น ๆ"/><jurisdiction><coding><system value="urn:iso:std:iso:3166"/><code value="TH"/></coding></jurisdiction><content value="complete"/><count value="3"/><concept><code value="HOME"/><display value="ข้อมูลสุขาภิบาลของหลังคาเรือน ในแฟ้ม HOME"/></concept><concept><code value="VILLAGE"/><display value="ข้อมูลทั่วไปและข้อมูลที่เกี่ยวข้องกับสุขภาพของชุมชน ในแฟ้ม VILLAGE"/></concept><concept><code value="DENTAL"/><display value="แบบสำรวจการตรวจสภาวะทันตสุขภาพของฟัน ในแฟ้ม DENTAL"/></concept></CodeSystem>