<?xml version="1.0" encoding="UTF-8"?><CodeSystem xmlns="http://hl7.org/fhir"><id value="cs-thcc-allergy-manifest"/><text><status value="generated"/><div xmlns="http://www.w3.org/1999/xhtml"><p>This code system http://terms.sil-th.org/CodeSystem/cs-thcc-allergy-manifest defines the following codes:</p><table class="codes"><tr><td style="white-space:nowrap"><b>Code</b></td><td><b>Display</b></td><td><b>Definition</b></td></tr><tr><td style="white-space:nowrap">01<a name="cs-thcc-allergy-manifest-01"> </a></td><td>D59.0</td><td>Drug-induced autoimmune hemolytic anemia</td></tr><tr><td style="white-space:nowrap">02<a name="cs-thcc-allergy-manifest-02"> </a></td><td>D59.2</td><td>Drug-induced non autoimmune hemolytic anemia</td></tr><tr><td style="white-space:nowrap">03<a name="cs-thcc-allergy-manifest-03"> </a></td><td>D60.1</td><td>Transient acquired pure red cell aplasic</td></tr><tr><td style="white-space:nowrap">04<a name="cs-thcc-allergy-manifest-04"> </a></td><td>D61.1</td><td>Drug-induced aplastic anemia</td></tr><tr><td style="white-space:nowrap">05<a name="cs-thcc-allergy-manifest-05"> </a></td><td>D64.2</td><td>Secondary sideroblastic anemia due to drugs and toxic</td></tr><tr><td style="white-space:nowrap">06<a name="cs-thcc-allergy-manifest-06"> </a></td><td>D68.3</td><td>Haemorrhagic disorders due to circulating anticoagulants</td></tr><tr><td style="white-space:nowrap">07<a name="cs-thcc-allergy-manifest-07"> </a></td><td>D70</td><td>Agranolocytosis</td></tr><tr><td style="white-space:nowrap">08<a name="cs-thcc-allergy-manifest-08"> </a></td><td>G21.0</td><td>Malignant neuroleptic syndrome</td></tr><tr><td style="white-space:nowrap">09<a name="cs-thcc-allergy-manifest-09"> </a></td><td>G21.1</td><td>Other drugs-induced secondary parkinsonism</td></tr><tr><td style="white-space:nowrap">10<a name="cs-thcc-allergy-manifest-10"> </a></td><td>G25.1</td><td>Drug-induced tremor</td></tr><tr><td style="white-space:nowrap">11<a name="cs-thcc-allergy-manifest-11"> </a></td><td>G25.6</td><td>Drug-induced tremor and other tias of organic crign</td></tr><tr><td style="white-space:nowrap">12<a name="cs-thcc-allergy-manifest-12"> </a></td><td>G44.4</td><td>Drugs - induced headocin, not elsewhere</td></tr><tr><td style="white-space:nowrap">13<a name="cs-thcc-allergy-manifest-13"> </a></td><td>G72.0</td><td>Drugs - induced myopathy classified</td></tr><tr><td style="white-space:nowrap">14<a name="cs-thcc-allergy-manifest-14"> </a></td><td>G93</td><td>Toxic encephalopathy</td></tr><tr><td style="white-space:nowrap">15<a name="cs-thcc-allergy-manifest-15"> </a></td><td>H40.6</td><td>glaucon secondary to drugs</td></tr><tr><td style="white-space:nowrap">16<a name="cs-thcc-allergy-manifest-16"> </a></td><td>H26.3</td><td>Drug-induced catarat</td></tr><tr><td style="white-space:nowrap">17<a name="cs-thcc-allergy-manifest-17"> </a></td><td>I42.7</td><td>Cardiomyopathy due to drugs and other external drugs</td></tr><tr><td style="white-space:nowrap">18<a name="cs-thcc-allergy-manifest-18"> </a></td><td>I95.2</td><td>Hypotension due to drugs </td></tr><tr><td style="white-space:nowrap">19<a name="cs-thcc-allergy-manifest-19"> </a></td><td>L23.3</td><td>Allergic contact dermatitis due to drugs in contact With skin</td></tr><tr><td style="white-space:nowrap">20<a name="cs-thcc-allergy-manifest-20"> </a></td><td>L24.4</td><td>Irritant contact dermatitis due to drugs in contact with skin</td></tr><tr><td style="white-space:nowrap">21<a name="cs-thcc-allergy-manifest-21"> </a></td><td>L25.1</td><td>Unspecified contact dermatitis due to drugs in contact with skin</td></tr><tr><td style="white-space:nowrap">22<a name="cs-thcc-allergy-manifest-22"> </a></td><td>L26</td><td>Exfoliative dermatitis</td></tr><tr><td style="white-space:nowrap">23<a name="cs-thcc-allergy-manifest-23"> </a></td><td>L27.0</td><td>Generalized skin eruption due to drugs and medicaments</td></tr><tr><td style="white-space:nowrap">24<a name="cs-thcc-allergy-manifest-24"> </a></td><td>L27.10</td><td>Fixed drugs eruption</td></tr><tr><td style="white-space:nowrap">25<a name="cs-thcc-allergy-manifest-25"> </a></td><td>L27.18</td><td>Other specified localized skin eruption due to drugs and medicaments</td></tr><tr><td style="white-space:nowrap">26<a name="cs-thcc-allergy-manifest-26"> </a></td><td>L27.19</td><td>Localized skin eruption due to drugs and medicaments, unspecified</td></tr><tr><td style="white-space:nowrap">27<a name="cs-thcc-allergy-manifest-27"> </a></td><td>L50.0</td><td>Allergic urticaria</td></tr><tr><td style="white-space:nowrap">28<a name="cs-thcc-allergy-manifest-28"> </a></td><td>L50.6</td><td>Contact urticaria</td></tr><tr><td style="white-space:nowrap">29<a name="cs-thcc-allergy-manifest-29"> </a></td><td>L51.0</td><td>Nombullous erythema multiforne</td></tr><tr><td style="white-space:nowrap">30<a name="cs-thcc-allergy-manifest-30"> </a></td><td>L51.1</td><td>Bullous erythema multiforme</td></tr><tr><td style="white-space:nowrap">31<a name="cs-thcc-allergy-manifest-31"> </a></td><td>L51.8</td><td>Other erythema multifonme</td></tr><tr><td style="white-space:nowrap">32<a name="cs-thcc-allergy-manifest-32"> </a></td><td>L51.9</td><td>Erythema multiforme, unspecified</td></tr><tr><td style="white-space:nowrap">33<a name="cs-thcc-allergy-manifest-33"> </a></td><td>M10.2</td><td>Drug-induced gout</td></tr><tr><td style="white-space:nowrap">34<a name="cs-thcc-allergy-manifest-34"> </a></td><td>M62.8</td><td>Rhabdornylysis</td></tr><tr><td style="white-space:nowrap">35<a name="cs-thcc-allergy-manifest-35"> </a></td><td>M80.4</td><td>Drug-induced osteoporosis with pathological factors</td></tr><tr><td style="white-space:nowrap">36<a name="cs-thcc-allergy-manifest-36"> </a></td><td>M81.4</td><td>Drug-induced osteoporosis</td></tr><tr><td style="white-space:nowrap">37<a name="cs-thcc-allergy-manifest-37"> </a></td><td>N14.0</td><td>Analgesic  nephropatic</td></tr><tr><td style="white-space:nowrap">38<a name="cs-thcc-allergy-manifest-38"> </a></td><td>N14.1</td><td>Nephropathy induced by other drugs, medicaments and biological substuces</td></tr><tr><td style="white-space:nowrap">39<a name="cs-thcc-allergy-manifest-39"> </a></td><td>N14.2</td><td>toxic nephropathy, not elsewhere classified</td></tr></table></div></text><url value="http://terms.sil-th.org/CodeSystem/cs-thcc-allergy-manifest"/><version value="0.1.0"/><name value="CS_THCC_AllergyManifest"/><title value="รหัสลักษณะอาการแก้ยาที่พบ"/><status value="active"/><date value="2022-08-16T21:51:46+07:00"/><description value="รหัสลักษณะอาการแก้ยาที่พบ ซึ่งใช้ในโครงสร้างข้อมูล 43 แฟ้ม"/><jurisdiction><coding><system value="urn:iso:std:iso:3166"/><code value="TH"/></coding></jurisdiction><content value="complete"/><count value="39"/><concept><code value="01"/><display value="D59.0"/><definition value="Drug-induced autoimmune hemolytic anemia"/></concept><concept><code value="02"/><display value="D59.2"/><definition value="Drug-induced non autoimmune hemolytic anemia"/></concept><concept><code value="03"/><display value="D60.1"/><definition value="Transient acquired pure red cell aplasic"/></concept><concept><code value="04"/><display value="D61.1"/><definition value="Drug-induced aplastic anemia"/></concept><concept><code value="05"/><display value="D64.2"/><definition value="Secondary sideroblastic anemia due to drugs and toxic"/></concept><concept><code value="06"/><display value="D68.3"/><definition value="Haemorrhagic disorders due to circulating anticoagulants"/></concept><concept><code value="07"/><display value="D70"/><definition value="Agranolocytosis"/></concept><concept><code value="08"/><display value="G21.0"/><definition value="Malignant neuroleptic syndrome"/></concept><concept><code value="09"/><display value="G21.1"/><definition value="Other drugs-induced secondary parkinsonism"/></concept><concept><code value="10"/><display value="G25.1"/><definition value="Drug-induced tremor"/></concept><concept><code value="11"/><display value="G25.6"/><definition value="Drug-induced tremor and other tias of organic crign"/></concept><concept><code value="12"/><display value="G44.4"/><definition value="Drugs - induced headocin, not elsewhere"/></concept><concept><code value="13"/><display value="G72.0"/><definition value="Drugs - induced myopathy classified"/></concept><concept><code value="14"/><display value="G93"/><definition value="Toxic encephalopathy"/></concept><concept><code value="15"/><display value="H40.6"/><definition value="glaucon secondary to drugs"/></concept><concept><code value="16"/><display value="H26.3"/><definition value="Drug-induced catarat"/></concept><concept><code value="17"/><display value="I42.7"/><definition value="Cardiomyopathy due to drugs and other external drugs"/></concept><concept><code value="18"/><display value="I95.2"/><definition value="Hypotension due to drugs "/></concept><concept><code value="19"/><display value="L23.3"/><definition value="Allergic contact dermatitis due to drugs in contact With skin"/></concept><concept><code value="20"/><display value="L24.4"/><definition value="Irritant contact dermatitis due to drugs in contact with skin"/></concept><concept><code value="21"/><display value="L25.1"/><definition value="Unspecified contact dermatitis due to drugs in contact with skin"/></concept><concept><code value="22"/><display value="L26"/><definition value="Exfoliative dermatitis"/></concept><concept><code value="23"/><display value="L27.0"/><definition value="Generalized skin eruption due to drugs and medicaments"/></concept><concept><code value="24"/><display value="L27.10"/><definition value="Fixed drugs eruption"/></concept><concept><code value="25"/><display value="L27.18"/><definition value="Other specified localized skin eruption due to drugs and medicaments"/></concept><concept><code value="26"/><display value="L27.19"/><definition value="Localized skin eruption due to drugs and medicaments, unspecified"/></concept><concept><code value="27"/><display value="L50.0"/><definition value="Allergic urticaria"/></concept><concept><code value="28"/><display value="L50.6"/><definition value="Contact urticaria"/></concept><concept><code value="29"/><display value="L51.0"/><definition value="Nombullous erythema multiforne"/></concept><concept><code value="30"/><display value="L51.1"/><definition value="Bullous erythema multiforme"/></concept><concept><code value="31"/><display value="L51.8"/><definition value="Other erythema multifonme"/></concept><concept><code value="32"/><display value="L51.9"/><definition value="Erythema multiforme, unspecified"/></concept><concept><code value="33"/><display value="M10.2"/><definition value="Drug-induced gout"/></concept><concept><code value="34"/><display value="M62.8"/><definition value="Rhabdornylysis"/></concept><concept><code value="35"/><display value="M80.4"/><definition value="Drug-induced osteoporosis with pathological factors"/></concept><concept><code value="36"/><display value="M81.4"/><definition value="Drug-induced osteoporosis"/></concept><concept><code value="37"/><display value="N14.0"/><definition value="Analgesic  nephropatic"/></concept><concept><code value="38"/><display value="N14.1"/><definition value="Nephropathy induced by other drugs, medicaments and biological substuces"/></concept><concept><code value="39"/><display value="N14.2"/><definition value="toxic nephropathy, not elsewhere classified"/></concept></CodeSystem>