<?xml version="1.0" encoding="UTF-8"?><CodeSystem xmlns="http://hl7.org/fhir"><id value="cs-thcc-appoint-service-type"/><text><status value="generated"/><div xmlns="http://www.w3.org/1999/xhtml"><p>This code system http://terms.sil-th.org/CodeSystem/cs-thcc-appoint-service-type defines the following codes:</p><table class="codes"><tr><td style="white-space:nowrap"><b>Code</b></td><td><b>Display</b></td><td><b>Definition</b></td></tr><tr><td style="white-space:nowrap">010<a name="cs-thcc-appoint-service-type-010"> </a></td><td>BCG</td><td>บีซีจี</td></tr><tr><td style="white-space:nowrap">011<a name="cs-thcc-appoint-service-type-011"> </a></td><td>BCGs</td><td>บีซีจีเอส</td></tr><tr><td style="white-space:nowrap">021<a name="cs-thcc-appoint-service-type-021"> </a></td><td>dTs1</td><td>ดีทีเอส 1</td></tr><tr><td style="white-space:nowrap">022<a name="cs-thcc-appoint-service-type-022"> </a></td><td>dTs2</td><td>ดีทีเอส 2</td></tr><tr><td style="white-space:nowrap">023<a name="cs-thcc-appoint-service-type-023"> </a></td><td>dTs3</td><td>ดีทีเอส 3</td></tr><tr><td style="white-space:nowrap">024<a name="cs-thcc-appoint-service-type-024"> </a></td><td>dTs4</td><td>ดีทีเอส 4</td></tr><tr><td style="white-space:nowrap">031<a name="cs-thcc-appoint-service-type-031"> </a></td><td>DTP1</td><td>ดีทีพี1</td></tr><tr><td style="white-space:nowrap">032<a name="cs-thcc-appoint-service-type-032"> </a></td><td>DTP2</td><td>ดีทีพี2</td></tr><tr><td style="white-space:nowrap">033<a name="cs-thcc-appoint-service-type-033"> </a></td><td>DTP3</td><td>ดีทีพี3</td></tr><tr><td style="white-space:nowrap">034<a name="cs-thcc-appoint-service-type-034"> </a></td><td>DTP4</td><td>ดีทีพี กระตุ้น 1</td></tr><tr><td style="white-space:nowrap">035<a name="cs-thcc-appoint-service-type-035"> </a></td><td>DTP5</td><td>ดีทีพี กระตุ้น 2</td></tr><tr><td style="white-space:nowrap">041<a name="cs-thcc-appoint-service-type-041"> </a></td><td>HBV1</td><td>ตับอักเสบบี 1</td></tr><tr><td style="white-space:nowrap">042<a name="cs-thcc-appoint-service-type-042"> </a></td><td>HBV2</td><td>ตับอักเสบบี 2</td></tr><tr><td style="white-space:nowrap">043<a name="cs-thcc-appoint-service-type-043"> </a></td><td>HBV3</td><td>ตับบอักเสบบี 3</td></tr><tr><td style="white-space:nowrap">051<a name="cs-thcc-appoint-service-type-051"> </a></td><td>JE1</td><td>ไข้สมองอักเสบเจอี 1</td></tr><tr><td style="white-space:nowrap">052<a name="cs-thcc-appoint-service-type-052"> </a></td><td>JE2</td><td>ไข้สมองอักเสบเจอี 2</td></tr><tr><td style="white-space:nowrap">053<a name="cs-thcc-appoint-service-type-053"> </a></td><td>JE3</td><td>ไข้สมองอักเสบเจอี 3</td></tr><tr><td style="white-space:nowrap">061<a name="cs-thcc-appoint-service-type-061"> </a></td><td>MEASLES/MMR</td><td>หัด คางทูม หัดเยอรมัน</td></tr><tr><td style="white-space:nowrap">072<a name="cs-thcc-appoint-service-type-072"> </a></td><td>MMRs</td><td>หัด คางทูม หัดเยอรมัน</td></tr><tr><td style="white-space:nowrap">081<a name="cs-thcc-appoint-service-type-081"> </a></td><td>OPV1</td><td>โอพีวี 1</td></tr><tr><td style="white-space:nowrap">082<a name="cs-thcc-appoint-service-type-082"> </a></td><td>OPV2</td><td>โอพีวี 2</td></tr><tr><td style="white-space:nowrap">083<a name="cs-thcc-appoint-service-type-083"> </a></td><td>OPV3</td><td>โอพีวี 3</td></tr><tr><td style="white-space:nowrap">084<a name="cs-thcc-appoint-service-type-084"> </a></td><td>OPV4</td><td>โอพีวี กระตุ้น 1</td></tr><tr><td style="white-space:nowrap">085<a name="cs-thcc-appoint-service-type-085"> </a></td><td>OPV5</td><td>โอพีวี กระตุ้น 2</td></tr><tr><td style="white-space:nowrap">086<a name="cs-thcc-appoint-service-type-086"> </a></td><td>OPVs1</td><td>โอพีวีเอส 1</td></tr><tr><td style="white-space:nowrap">087<a name="cs-thcc-appoint-service-type-087"> </a></td><td>OPVs2</td><td>โอพีวีเอส2</td></tr><tr><td style="white-space:nowrap">088<a name="cs-thcc-appoint-service-type-088"> </a></td><td>OPVs3</td><td>โอพีวีเอส 3</td></tr><tr><td style="white-space:nowrap">089<a name="cs-thcc-appoint-service-type-089"> </a></td><td>OPVC</td><td>โอพีวีซี</td></tr><tr><td style="white-space:nowrap">201<a name="cs-thcc-appoint-service-type-201"> </a></td><td>dTANC 1</td><td>ดีทีเอเอ็นซี เข็ม 1</td></tr><tr><td style="white-space:nowrap">202<a name="cs-thcc-appoint-service-type-202"> </a></td><td>dTANC 2</td><td>ดีทีเอเอ็นซี เข็ม 2</td></tr><tr><td style="white-space:nowrap">203<a name="cs-thcc-appoint-service-type-203"> </a></td><td>dTANC 3</td><td>ดีทีเอเอ็นซี เข็ม 3</td></tr><tr><td style="white-space:nowrap">204<a name="cs-thcc-appoint-service-type-204"> </a></td><td>dTANC 4</td><td>ดีทีเอเอ็นซีเข็ม 4 กระตุ้น</td></tr><tr><td style="white-space:nowrap">205<a name="cs-thcc-appoint-service-type-205"> </a></td><td>dTANC 5</td><td>ดีทีเอเอ็นซีเข็ม 5 กระตุ้น</td></tr><tr><td style="white-space:nowrap">101<a name="cs-thcc-appoint-service-type-101"> </a></td><td>TT1</td><td>ทีที เข็ม 1</td></tr><tr><td style="white-space:nowrap">102<a name="cs-thcc-appoint-service-type-102"> </a></td><td>TT2</td><td>ทีที เข็ม 2</td></tr><tr><td style="white-space:nowrap">103<a name="cs-thcc-appoint-service-type-103"> </a></td><td>TT3</td><td>ทีที เข็ม 3</td></tr><tr><td style="white-space:nowrap">104<a name="cs-thcc-appoint-service-type-104"> </a></td><td>TT4</td><td>ทีที กระตุ้น</td></tr><tr><td style="white-space:nowrap">105<a name="cs-thcc-appoint-service-type-105"> </a></td><td>TT5</td><td>ทีที กระตุ้น</td></tr><tr><td style="white-space:nowrap">106<a name="cs-thcc-appoint-service-type-106"> </a></td><td>dT1</td><td>ดีที เข็ม 1</td></tr><tr><td style="white-space:nowrap">107<a name="cs-thcc-appoint-service-type-107"> </a></td><td>dT2</td><td>ดีที เข็ม 2</td></tr><tr><td style="white-space:nowrap">108<a name="cs-thcc-appoint-service-type-108"> </a></td><td>dT3</td><td>ดีที เข็ม 3</td></tr><tr><td style="white-space:nowrap">109<a name="cs-thcc-appoint-service-type-109"> </a></td><td>dT4</td><td>ดีที กระตุ้น</td></tr><tr><td style="white-space:nowrap">110<a name="cs-thcc-appoint-service-type-110"> </a></td><td>dT5</td><td>ดีที กระตุ้น</td></tr><tr><td style="white-space:nowrap">091<a name="cs-thcc-appoint-service-type-091"> </a></td><td>DTPHB 1</td><td>ดีทีพีตับเอกเสบบี 1</td></tr><tr><td style="white-space:nowrap">092<a name="cs-thcc-appoint-service-type-092"> </a></td><td>DTPHB 2</td><td>ดีทีพีตับเอกเสบบี 2</td></tr><tr><td style="white-space:nowrap">093<a name="cs-thcc-appoint-service-type-093"> </a></td><td>DTPHB 3</td><td>ดีทีพีตับเอกเสบบี 3</td></tr><tr><td style="white-space:nowrap">111<a name="cs-thcc-appoint-service-type-111"> </a></td><td>Rabies Vaccine 1</td><td>วัคซีนพิษสุนัขบ้า</td></tr><tr><td style="white-space:nowrap">112<a name="cs-thcc-appoint-service-type-112"> </a></td><td>Rabies Vaccine 2</td><td>วัคซีนพิษสุนัขบ้า</td></tr><tr><td style="white-space:nowrap">113<a name="cs-thcc-appoint-service-type-113"> </a></td><td>Rabies Vaccine 3</td><td>วัคซีนพิษสุนัขบ้า</td></tr><tr><td style="white-space:nowrap">114<a name="cs-thcc-appoint-service-type-114"> </a></td><td>Rabies Vaccine 4</td><td>วัคซีนพิษสุนัขบ้า</td></tr><tr><td style="white-space:nowrap">115<a name="cs-thcc-appoint-service-type-115"> </a></td><td>Rabies Vaccine 5</td><td>วัคซีนพิษสุนัขบ้า</td></tr><tr><td style="white-space:nowrap">815<a name="cs-thcc-appoint-service-type-815"> </a></td><td>Flu</td><td>ไข้หวัดใหญ่</td></tr><tr><td style="white-space:nowrap">816<a name="cs-thcc-appoint-service-type-816"> </a></td><td>Need for immunization agains influenza</td><td>ไข้หวัดใหญ่ 2009</td></tr><tr><td style="white-space:nowrap">121<a name="cs-thcc-appoint-service-type-121"> </a></td><td>วางแผนครอบครัว</td><td/></tr><tr><td style="white-space:nowrap">131<a name="cs-thcc-appoint-service-type-131"> </a></td><td>ตรวจครรภ์</td><td/></tr><tr><td style="white-space:nowrap">141<a name="cs-thcc-appoint-service-type-141"> </a></td><td>ตรวจหลังคลอด</td><td/></tr><tr><td style="white-space:nowrap">151<a name="cs-thcc-appoint-service-type-151"> </a></td><td>รับยา</td><td/></tr><tr><td style="white-space:nowrap">161<a name="cs-thcc-appoint-service-type-161"> </a></td><td>ชั่งน้ำหนัก</td><td/></tr><tr><td style="white-space:nowrap">171<a name="cs-thcc-appoint-service-type-171"> </a></td><td>คลอด</td><td/></tr><tr><td style="white-space:nowrap">181<a name="cs-thcc-appoint-service-type-181"> </a></td><td>ฟังผลการรักษา</td><td/></tr></table></div></text><url value="http://terms.sil-th.org/CodeSystem/cs-thcc-appoint-service-type"/><version value="0.1.0"/><name value="CS_THCC_AppointServiceType"/><title value="รหัสชื่อบริการที่นัดรับ"/><status value="active"/><date value="2022-08-16T23:36:06+07:00"/><description value="รหัสชื่อบริการที่นัดรับ ตามโครงสร้างข้อมูล 43 แฟ้ม"/><jurisdiction><coding><system value="urn:iso:std:iso:3166"/><code value="TH"/></coding></jurisdiction><content value="complete"/><count value="60"/><concept><code value="010"/><display value="BCG"/><definition value="บีซีจี"/></concept><concept><code value="011"/><display value="BCGs"/><definition value="บีซีจีเอส"/></concept><concept><code value="021"/><display value="dTs1"/><definition value="ดีทีเอส 1"/></concept><concept><code value="022"/><display value="dTs2"/><definition value="ดีทีเอส 2"/></concept><concept><code value="023"/><display value="dTs3"/><definition value="ดีทีเอส 3"/></concept><concept><code value="024"/><display value="dTs4"/><definition value="ดีทีเอส 4"/></concept><concept><code value="031"/><display value="DTP1"/><definition value="ดีทีพี1"/></concept><concept><code value="032"/><display value="DTP2"/><definition value="ดีทีพี2"/></concept><concept><code value="033"/><display value="DTP3"/><definition value="ดีทีพี3"/></concept><concept><code value="034"/><display value="DTP4"/><definition value="ดีทีพี กระตุ้น 1"/></concept><concept><code value="035"/><display value="DTP5"/><definition value="ดีทีพี กระตุ้น 2"/></concept><concept><code value="041"/><display value="HBV1"/><definition value="ตับอักเสบบี 1"/></concept><concept><code value="042"/><display value="HBV2"/><definition value="ตับอักเสบบี 2"/></concept><concept><code value="043"/><display value="HBV3"/><definition value="ตับบอักเสบบี 3"/></concept><concept><code value="051"/><display value="JE1"/><definition value="ไข้สมองอักเสบเจอี 1"/></concept><concept><code value="052"/><display value="JE2"/><definition value="ไข้สมองอักเสบเจอี 2"/></concept><concept><code value="053"/><display value="JE3"/><definition value="ไข้สมองอักเสบเจอี 3"/></concept><concept><code value="061"/><display value="MEASLES/MMR"/><definition value="หัด คางทูม หัดเยอรมัน"/></concept><concept><code value="072"/><display value="MMRs"/><definition value="หัด คางทูม หัดเยอรมัน"/></concept><concept><code value="081"/><display value="OPV1"/><definition value="โอพีวี 1"/></concept><concept><code value="082"/><display value="OPV2"/><definition value="โอพีวี 2"/></concept><concept><code value="083"/><display value="OPV3"/><definition value="โอพีวี 3"/></concept><concept><code value="084"/><display value="OPV4"/><definition value="โอพีวี กระตุ้น 1"/></concept><concept><code value="085"/><display value="OPV5"/><definition value="โอพีวี กระตุ้น 2"/></concept><concept><code value="086"/><display value="OPVs1"/><definition value="โอพีวีเอส 1"/></concept><concept><code value="087"/><display value="OPVs2"/><definition value="โอพีวีเอส2"/></concept><concept><code value="088"/><display value="OPVs3"/><definition value="โอพีวีเอส 3"/></concept><concept><code value="089"/><display value="OPVC"/><definition value="โอพีวีซี"/></concept><concept><code value="201"/><display value="dTANC 1"/><definition value="ดีทีเอเอ็นซี เข็ม 1"/></concept><concept><code value="202"/><display value="dTANC 2"/><definition value="ดีทีเอเอ็นซี เข็ม 2"/></concept><concept><code value="203"/><display value="dTANC 3"/><definition value="ดีทีเอเอ็นซี เข็ม 3"/></concept><concept><code value="204"/><display value="dTANC 4"/><definition value="ดีทีเอเอ็นซีเข็ม 4 กระตุ้น"/></concept><concept><code value="205"/><display value="dTANC 5"/><definition value="ดีทีเอเอ็นซีเข็ม 5 กระตุ้น"/></concept><concept><code value="101"/><display value="TT1"/><definition value="ทีที เข็ม 1"/></concept><concept><code value="102"/><display value="TT2"/><definition value="ทีที เข็ม 2"/></concept><concept><code value="103"/><display value="TT3"/><definition value="ทีที เข็ม 3"/></concept><concept><code value="104"/><display value="TT4"/><definition value="ทีที กระตุ้น"/></concept><concept><code value="105"/><display value="TT5"/><definition value="ทีที กระตุ้น"/></concept><concept><code value="106"/><display value="dT1"/><definition value="ดีที เข็ม 1"/></concept><concept><code value="107"/><display value="dT2"/><definition value="ดีที เข็ม 2"/></concept><concept><code value="108"/><display value="dT3"/><definition value="ดีที เข็ม 3"/></concept><concept><code value="109"/><display value="dT4"/><definition value="ดีที กระตุ้น"/></concept><concept><code value="110"/><display value="dT5"/><definition value="ดีที กระตุ้น"/></concept><concept><code value="091"/><display value="DTPHB 1"/><definition value="ดีทีพีตับเอกเสบบี 1"/></concept><concept><code value="092"/><display value="DTPHB 2"/><definition value="ดีทีพีตับเอกเสบบี 2"/></concept><concept><code value="093"/><display value="DTPHB 3"/><definition value="ดีทีพีตับเอกเสบบี 3"/></concept><concept><code value="111"/><display value="Rabies Vaccine 1"/><definition value="วัคซีนพิษสุนัขบ้า"/></concept><concept><code value="112"/><display value="Rabies Vaccine 2"/><definition value="วัคซีนพิษสุนัขบ้า"/></concept><concept><code value="113"/><display value="Rabies Vaccine 3"/><definition value="วัคซีนพิษสุนัขบ้า"/></concept><concept><code value="114"/><display value="Rabies Vaccine 4"/><definition value="วัคซีนพิษสุนัขบ้า"/></concept><concept><code value="115"/><display value="Rabies Vaccine 5"/><definition value="วัคซีนพิษสุนัขบ้า"/></concept><concept><code value="815"/><display value="Flu"/><definition value="ไข้หวัดใหญ่"/></concept><concept><code value="816"/><display value="Need for immunization agains influenza"/><definition value="ไข้หวัดใหญ่ 2009"/></concept><concept><code value="121"/><display value="วางแผนครอบครัว"/></concept><concept><code value="131"/><display value="ตรวจครรภ์"/></concept><concept><code value="141"/><display value="ตรวจหลังคลอด"/></concept><concept><code value="151"/><display value="รับยา"/></concept><concept><code value="161"/><display value="ชั่งน้ำหนัก"/></concept><concept><code value="171"/><display value="คลอด"/></concept><concept><code value="181"/><display value="ฟังผลการรักษา"/></concept></CodeSystem>