<?xml version="1.0" encoding="UTF-8"?><CodeSystem xmlns="http://hl7.org/fhir"><id value="cs-thcc-ipd-discharge-type"/><text><status value="generated"/><div xmlns="http://www.w3.org/1999/xhtml"><p>This code system http://terms.sil-th.org/CodeSystem/cs-thcc-ipd-discharge-type defines the following codes:</p><table class="codes"><tr><td style="white-space:nowrap"><b>Code</b></td><td><b>Display</b></td><td><b>Definition</b></td></tr><tr><td style="white-space:nowrap">1<a name="cs-thcc-ipd-discharge-type-1"> </a></td><td>With Approval</td><td>จำหน่ายโดยแพทย์อนุญาต</td></tr><tr><td style="white-space:nowrap">2<a name="cs-thcc-ipd-discharge-type-2"> </a></td><td>Against Advice</td><td>ผู้ป่วยขอออกไป ทั้งๆที่แพทย์แนะนำว่าควรรักษาต่อในโรงพยาบาล</td></tr><tr><td style="white-space:nowrap">3<a name="cs-thcc-ipd-discharge-type-3"> </a></td><td>By Escape</td><td>หนีออกจากโรงพยาบาล</td></tr><tr><td style="white-space:nowrap">4<a name="cs-thcc-ipd-discharge-type-4"> </a></td><td>By Transfer</td><td>ส่งต่อไปรักษาที่สถานพยาบาลแห่งอื่นโดยทันทีหลังออกจากโรงพยาบาล</td></tr><tr><td style="white-space:nowrap">5<a name="cs-thcc-ipd-discharge-type-5"> </a></td><td>Other (specify)</td><td>การจำหน่ายรูปแบบอื่นๆ ที่ไม่ใช่ ประเภทที่ 1, 2, 3, 4</td></tr><tr><td style="white-space:nowrap">8<a name="cs-thcc-ipd-discharge-type-8"> </a></td><td>Death Autopsy</td><td>เสียชีวิต, มีการตรวจศพ</td></tr><tr><td style="white-space:nowrap">9<a name="cs-thcc-ipd-discharge-type-9"> </a></td><td>Dead Non autopsy</td><td>เสียชีวิต, ไม่ได้ตรวจศพ</td></tr></table></div></text><url value="http://terms.sil-th.org/CodeSystem/cs-thcc-ipd-discharge-type"/><version value="0.1.0"/><name value="CS_THCC_IpdDischargeType"/><title value="รหัสผลการส่งต่อไปรับบริการในสถานพยาบาลอื่น"/><status value="active"/><date value="2022-08-14T01:41:38+07:00"/><description value="รหัสผลการส่งต่อไปรับบริการในสถานพยาบาลอื่น ตามโครงสร้างข้อมูล 43 แฟ้ม"/><jurisdiction><coding><system value="urn:iso:std:iso:3166"/><code value="TH"/></coding></jurisdiction><content value="complete"/><count value="7"/><concept><code value="1"/><display value="With Approval"/><definition value="จำหน่ายโดยแพทย์อนุญาต"/></concept><concept><code value="2"/><display value="Against Advice"/><definition value="ผู้ป่วยขอออกไป ทั้งๆที่แพทย์แนะนำว่าควรรักษาต่อในโรงพยาบาล"/></concept><concept><code value="3"/><display value="By Escape"/><definition value="หนีออกจากโรงพยาบาล"/></concept><concept><code value="4"/><display value="By Transfer"/><definition value="ส่งต่อไปรักษาที่สถานพยาบาลแห่งอื่นโดยทันทีหลังออกจากโรงพยาบาล"/></concept><concept><code value="5"/><display value="Other (specify)"/><definition value="การจำหน่ายรูปแบบอื่นๆ ที่ไม่ใช่ ประเภทที่ 1, 2, 3, 4"/></concept><concept><code value="8"/><display value="Death Autopsy"/><definition value="เสียชีวิต, มีการตรวจศพ"/></concept><concept><code value="9"/><display value="Dead Non autopsy"/><definition value="เสียชีวิต, ไม่ได้ตรวจศพ"/></concept></CodeSystem>