<?xml version="1.0" encoding="UTF-8"?><CodeSystem xmlns="http://hl7.org/fhir"><id value="cs-thcc-person-status"/><text><status value="generated"/><div xmlns="http://www.w3.org/1999/xhtml"><p>This code system https://terms.sil-th.org/CodeSystem/cs-thcc-person-status defines the following codes:</p><table class="codes"><tr><td style="white-space:nowrap"><b>Code</b></td><td><b>Display</b></td></tr><tr><td style="white-space:nowrap">1<a name="cs-thcc-person-status-1"> </a></td><td>มีชื่ออยู่ตามทะเบียนบ้านในเขตรับผิดชอบและอยู่จริง</td></tr><tr><td style="white-space:nowrap">2<a name="cs-thcc-person-status-2"> </a></td><td>มีชื่ออยู่ตามทะเบีบนบ้านในเขตรับผิดชอบแต่ตัวไม่อยู่จริง</td></tr><tr><td style="white-space:nowrap">3<a name="cs-thcc-person-status-3"> </a></td><td>มาอาศัยอยู่ในเขตรับผิดชอบ(ตามทะเบียนบ้านในเขตรับผิดชอบ)แต่ทะเบียนบ้านอยู่นอกเขตรับผิดชอบ</td></tr><tr><td style="white-space:nowrap">4<a name="cs-thcc-person-status-4"> </a></td><td>ที่อาศัยอยู่นอกเขตรับผิดชอบและทะเบียนบ้านไม่อยู่ในเขตรับผิดชอบ เข้ามารับบริการหรือเคยอยู่ในเขตรับผิดชอบ</td></tr><tr><td style="white-space:nowrap">5<a name="cs-thcc-person-status-5"> </a></td><td>มาอาศัยในเขตรับผิดชอบแต่ไม่ได้อยู่ตามทะเบียนบ้านในเขตรับผิดชอบ เช่น คนเร่ร่อน ไม่มีที่พักอาศัย เป็นต้น</td></tr></table></div></text><url value="https://terms.sil-th.org/CodeSystem/cs-thcc-person-status"/><version value="0.1.0"/><name value="CS_THCC_PersonStatus"/><title value="สถานะบุคคล"/><status value="active"/><date value="2022-08-07T12:07:42+07:00"/><description value="สถานะบุคคล จาก THCC ซึ่งใช้ในโครงสร้างข้อมูล 43 แฟ้ม"/><jurisdiction><coding><system value="urn:iso:std:iso:3166"/><code value="TH"/></coding></jurisdiction><content value="complete"/><count value="5"/><concept><code value="1"/><display value="มีชื่ออยู่ตามทะเบียนบ้านในเขตรับผิดชอบและอยู่จริง"/></concept><concept><code value="2"/><display value="มีชื่ออยู่ตามทะเบีบนบ้านในเขตรับผิดชอบแต่ตัวไม่อยู่จริง"/></concept><concept><code value="3"/><display value="มาอาศัยอยู่ในเขตรับผิดชอบ(ตามทะเบียนบ้านในเขตรับผิดชอบ)แต่ทะเบียนบ้านอยู่นอกเขตรับผิดชอบ"/></concept><concept><code value="4"/><display value="ที่อาศัยอยู่นอกเขตรับผิดชอบและทะเบียนบ้านไม่อยู่ในเขตรับผิดชอบ เข้ามารับบริการหรือเคยอยู่ในเขตรับผิดชอบ"/></concept><concept><code value="5"/><display value="มาอาศัยในเขตรับผิดชอบแต่ไม่ได้อยู่ตามทะเบียนบ้านในเขตรับผิดชอบ เช่น คนเร่ร่อน ไม่มีที่พักอาศัย เป็นต้น"/></concept></CodeSystem>