<?xml version="1.0" encoding="UTF-8"?><CodeSystem xmlns="http://hl7.org/fhir"><id value="cs-thcc-contraceptive-method"/><text><status value="generated"/><div xmlns="http://www.w3.org/1999/xhtml"><p>This code system http://terms.sil-th.org/CodeSystem/cs-thcc-contraceptive-method defines the following codes:</p><table class="codes"><tr><td style="white-space:nowrap"><b>Code</b></td><td><b>Display</b></td></tr><tr><td style="white-space:nowrap">1<a name="cs-thcc-contraceptive-method-1"> </a></td><td>ยาเม็ดคุมกำเนิด</td></tr><tr><td style="white-space:nowrap">2<a name="cs-thcc-contraceptive-method-2"> </a></td><td>ยาฉีดคุมกำเนิด</td></tr><tr><td style="white-space:nowrap">3<a name="cs-thcc-contraceptive-method-3"> </a></td><td>ห่วงอนามัย</td></tr><tr><td style="white-space:nowrap">4<a name="cs-thcc-contraceptive-method-4"> </a></td><td>ยาฝังคุมกำเนิด</td></tr><tr><td style="white-space:nowrap">5<a name="cs-thcc-contraceptive-method-5"> </a></td><td>ถุงยางอนามัย</td></tr><tr><td style="white-space:nowrap">6<a name="cs-thcc-contraceptive-method-6"> </a></td><td>หมันชาย</td></tr><tr><td style="white-space:nowrap">7<a name="cs-thcc-contraceptive-method-7"> </a></td><td>หมันหญิง</td></tr><tr><td style="white-space:nowrap">8<a name="cs-thcc-contraceptive-method-8"> </a></td><td>นับระยะปลอดภัย</td></tr><tr><td style="white-space:nowrap">9<a name="cs-thcc-contraceptive-method-9"> </a></td><td>ไม่คุมกำเนิด</td></tr></table></div></text><url value="http://terms.sil-th.org/CodeSystem/cs-thcc-contraceptive-method"/><version value="0.1.0"/><name value="CS_THCC_ContraceptiveMethod"/><title value="รหัสวิธีการคุมกำเนิด"/><status value="active"/><date value="2022-08-16T21:51:46+07:00"/><description value="รหัสวิธีการคุมกำเนิด ตามโครงสร้างข้อมูล 43 แฟ้ม"/><jurisdiction><coding><system value="urn:iso:std:iso:3166"/><code value="TH"/></coding></jurisdiction><content value="complete"/><count value="9"/><concept><code value="1"/><display value="ยาเม็ดคุมกำเนิด"/></concept><concept><code value="2"/><display value="ยาฉีดคุมกำเนิด"/></concept><concept><code value="3"/><display value="ห่วงอนามัย"/></concept><concept><code value="4"/><display value="ยาฝังคุมกำเนิด"/></concept><concept><code value="5"/><display value="ถุงยางอนามัย"/></concept><concept><code value="6"/><display value="หมันชาย"/></concept><concept><code value="7"/><display value="หมันหญิง"/></concept><concept><code value="8"/><display value="นับระยะปลอดภัย"/></concept><concept><code value="9"/><display value="ไม่คุมกำเนิด"/></concept></CodeSystem>