<?xml version="1.0" encoding="UTF-8"?><CodeSystem xmlns="http://hl7.org/fhir"><id value="cs-thcc-allergy-verify"/><text><status value="generated"/><div xmlns="http://www.w3.org/1999/xhtml"><p>This code system http://terms.sil-th.org/CodeSystem/cs-thcc-allergy-verify defines the following codes:</p><table class="codes"><tr><td style="white-space:nowrap"><b>Code</b></td><td><b>Display</b></td></tr><tr><td style="white-space:nowrap">1<a name="cs-thcc-allergy-verify-1"> </a></td><td>แพ้</td></tr><tr><td style="white-space:nowrap">2<a name="cs-thcc-allergy-verify-2"> </a></td><td>ไม่แพ้</td></tr><tr><td style="white-space:nowrap">3<a name="cs-thcc-allergy-verify-3"> </a></td><td>ไม่ทราบ</td></tr></table></div></text><url value="http://terms.sil-th.org/CodeSystem/cs-thcc-allergy-verify"/><version value="0.1.0"/><name value="CS_THCC_AllergyVerify"/><title value="รหัสสถานะการแพ้ยา"/><status value="active"/><date value="2022-08-17T01:34:31+07:00"/><description value="รหัสสถานะการแพ้ยา ซึ่งใช้ในโครงสร้างข้อมูล 43 แฟ้ม"/><jurisdiction><coding><system value="urn:iso:std:iso:3166"/><code value="TH"/></coding></jurisdiction><content value="complete"/><count value="3"/><concept><code value="1"/><display value="แพ้"/></concept><concept><code value="2"/><display value="ไม่แพ้"/></concept><concept><code value="3"/><display value="ไม่ทราบ"/></concept></CodeSystem>