<?xml version="1.0" encoding="UTF-8"?><CodeSystem xmlns="http://hl7.org/fhir"><id value="cs-thcc-disease-cause"/><text><status value="generated"/><div xmlns="http://www.w3.org/1999/xhtml"><p>This code system http://terms.sil-th.org/CodeSystem/cs-thcc-disease-cause defines the following codes:</p><table class="codes"><tr><td style="white-space:nowrap"><b>Code</b></td><td><b>Display</b></td></tr><tr><td style="white-space:nowrap">221<a name="cs-thcc-disease-cause-221"> </a></td><td>Pneumonia</td></tr><tr><td style="white-space:nowrap">222<a name="cs-thcc-disease-cause-222"> </a></td><td>Diarrhoea</td></tr><tr><td style="white-space:nowrap">223<a name="cs-thcc-disease-cause-223"> </a></td><td>Encephalitis</td></tr><tr><td style="white-space:nowrap">224<a name="cs-thcc-disease-cause-224"> </a></td><td>Otitis media</td></tr><tr><td style="white-space:nowrap">225<a name="cs-thcc-disease-cause-225"> </a></td><td>อื่น ๆ</td></tr><tr><td style="white-space:nowrap">226<a name="cs-thcc-disease-cause-226"> </a></td><td>ไม่ทราบ</td></tr><tr><td style="white-space:nowrap">227<a name="cs-thcc-disease-cause-227"> </a></td><td>Pneumonia and Diarrhoea</td></tr><tr><td style="white-space:nowrap">228<a name="cs-thcc-disease-cause-228"> </a></td><td>Pneumonia and Encephalitis</td></tr><tr><td style="white-space:nowrap">229<a name="cs-thcc-disease-cause-229"> </a></td><td>Pneumonia and other</td></tr><tr><td style="white-space:nowrap">811<a name="cs-thcc-disease-cause-811"> </a></td><td>ออกใบติดตาม</td></tr><tr><td style="white-space:nowrap">812<a name="cs-thcc-disease-cause-812"> </a></td><td>ฝากยาให้ผู้สัมผัส</td></tr><tr><td style="white-space:nowrap">813<a name="cs-thcc-disease-cause-813"> </a></td><td>ออกใบติดตามและฝากยาให้ผู้สัมผัส</td></tr><tr><td style="white-space:nowrap">814<a name="cs-thcc-disease-cause-814"> </a></td><td>ติดตามผู้สัมผัสไม่ได้</td></tr><tr><td style="white-space:nowrap">815<a name="cs-thcc-disease-cause-815"> </a></td><td>ไม่มีกิจกรรมการต้นหาหรือติดตามผู้สัมผัส</td></tr><tr><td style="white-space:nowrap">816<a name="cs-thcc-disease-cause-816"> </a></td><td>ไม่ระบุ</td></tr><tr><td style="white-space:nowrap">981<a name="cs-thcc-disease-cause-981"> </a></td><td>รถยนต์โดยสารคว่ำ/ชนกัน</td></tr><tr><td style="white-space:nowrap">982<a name="cs-thcc-disease-cause-982"> </a></td><td>รถบรรทุกคว่ำ/ชนกัน</td></tr><tr><td style="white-space:nowrap">983<a name="cs-thcc-disease-cause-983"> </a></td><td>รถเก๋งคว่ำ/ชน</td></tr><tr><td style="white-space:nowrap">984<a name="cs-thcc-disease-cause-984"> </a></td><td>รถจักรยานยนต์คว่ำ/ชนกัน</td></tr><tr><td style="white-space:nowrap">985<a name="cs-thcc-disease-cause-985"> </a></td><td>คนเดินถนนถูกรถยนต์ชน</td></tr><tr><td style="white-space:nowrap">986<a name="cs-thcc-disease-cause-986"> </a></td><td>คนเดินถนนถูกรถจักรยานยนต์ชน</td></tr><tr><td style="white-space:nowrap">987<a name="cs-thcc-disease-cause-987"> </a></td><td>คนขี่จักรยานถูกรถยนต์/จักรฯชน</td></tr><tr><td style="white-space:nowrap">988<a name="cs-thcc-disease-cause-988"> </a></td><td>ตกจากรถยนต์/รถจักรยานยนต์</td></tr><tr><td style="white-space:nowrap">989<a name="cs-thcc-disease-cause-989"> </a></td><td>ไม่ทราบทุกประเภท</td></tr></table></div></text><url value="http://terms.sil-th.org/CodeSystem/cs-thcc-disease-cause"/><version value="0.1.0"/><name value="CS_THCC_DiseaseCause"/><title value="รหัสสาเหตุการป่วย"/><status value="active"/><date value="2022-08-15T02:16:31+07:00"/><description value="รหัสสาเหตุการป่วย ตามโครงสร้างข้อมูล 43 แฟ้ม"/><jurisdiction><coding><system value="urn:iso:std:iso:3166"/><code value="TH"/></coding></jurisdiction><content value="complete"/><count value="24"/><concept><code value="221"/><display value="Pneumonia"/></concept><concept><code value="222"/><display value="Diarrhoea"/></concept><concept><code value="223"/><display value="Encephalitis"/></concept><concept><code value="224"/><display value="Otitis media"/></concept><concept><code value="225"/><display value="อื่น ๆ"/></concept><concept><code value="226"/><display value="ไม่ทราบ"/></concept><concept><code value="227"/><display value="Pneumonia and Diarrhoea"/></concept><concept><code value="228"/><display value="Pneumonia and Encephalitis"/></concept><concept><code value="229"/><display value="Pneumonia and other"/></concept><concept><code value="811"/><display value="ออกใบติดตาม"/></concept><concept><code value="812"/><display value="ฝากยาให้ผู้สัมผัส"/></concept><concept><code value="813"/><display value="ออกใบติดตามและฝากยาให้ผู้สัมผัส"/></concept><concept><code value="814"/><display value="ติดตามผู้สัมผัสไม่ได้"/></concept><concept><code value="815"/><display value="ไม่มีกิจกรรมการต้นหาหรือติดตามผู้สัมผัส"/></concept><concept><code value="816"/><display value="ไม่ระบุ"/></concept><concept><code value="981"/><display value="รถยนต์โดยสารคว่ำ/ชนกัน"/></concept><concept><code value="982"/><display value="รถบรรทุกคว่ำ/ชนกัน"/></concept><concept><code value="983"/><display value="รถเก๋งคว่ำ/ชน"/></concept><concept><code value="984"/><display value="รถจักรยานยนต์คว่ำ/ชนกัน"/></concept><concept><code value="985"/><display value="คนเดินถนนถูกรถยนต์ชน"/></concept><concept><code value="986"/><display value="คนเดินถนนถูกรถจักรยานยนต์ชน"/></concept><concept><code value="987"/><display value="คนขี่จักรยานถูกรถยนต์/จักรฯชน"/></concept><concept><code value="988"/><display value="ตกจากรถยนต์/รถจักรยานยนต์"/></concept><concept><code value="989"/><display value="ไม่ทราบทุกประเภท"/></concept></CodeSystem>