<?xml version="1.0" encoding="UTF-8"?><CodeSystem xmlns="http://hl7.org/fhir"><id value="cs-thcc-discharge-status"/><text><status value="generated"/><div xmlns="http://www.w3.org/1999/xhtml"><p>This code system http://terms.sil-th.org/CodeSystem/cs-thcc-discharge-status defines the following codes:</p><table class="codes"><tr><td style="white-space:nowrap"><b>Code</b></td><td><b>Display</b></td></tr><tr><td style="white-space:nowrap">1<a name="cs-thcc-discharge-status-1"> </a></td><td>จำหน่ายกลับบ้าน</td></tr><tr><td style="white-space:nowrap">2<a name="cs-thcc-discharge-status-2"> </a></td><td>รับไว้รักษาต่อในแผนกผู้ป่วยใน</td></tr><tr><td style="white-space:nowrap">3<a name="cs-thcc-discharge-status-3"> </a></td><td>ส่งต่อไปยังสถานพยาบาลอื่น</td></tr><tr><td style="white-space:nowrap">4<a name="cs-thcc-discharge-status-4"> </a></td><td>เสียชีวิต</td></tr><tr><td style="white-space:nowrap">5<a name="cs-thcc-discharge-status-5"> </a></td><td>เสียชีวิตก่อนมาถึงสถานพยาบาล</td></tr><tr><td style="white-space:nowrap">6<a name="cs-thcc-discharge-status-6"> </a></td><td>เสียชีวิตระหว่างส่งต่อไปยังสถานพยาบาลอื่น</td></tr><tr><td style="white-space:nowrap">7<a name="cs-thcc-discharge-status-7"> </a></td><td>ปฏิเสธการรักษา</td></tr><tr><td style="white-space:nowrap">8<a name="cs-thcc-discharge-status-8"> </a></td><td>หนีกลับ</td></tr></table></div></text><url value="http://terms.sil-th.org/CodeSystem/cs-thcc-discharge-status"/><version value="0.1.0"/><name value="CS_THCC_DischargeStatus"/><title value="รหัสสถานที่รับบริการ"/><status value="active"/><date value="2022-08-11T00:50:32+07:00"/><description value="รหัสสถานที่รับบริการ ตามโครงสร้างข้อมูล 43 แฟ้ม"/><jurisdiction><coding><system value="urn:iso:std:iso:3166"/><code value="TH"/></coding></jurisdiction><content value="complete"/><count value="8"/><concept><code value="1"/><display value="จำหน่ายกลับบ้าน"/></concept><concept><code value="2"/><display value="รับไว้รักษาต่อในแผนกผู้ป่วยใน"/></concept><concept><code value="3"/><display value="ส่งต่อไปยังสถานพยาบาลอื่น"/></concept><concept><code value="4"/><display value="เสียชีวิต"/></concept><concept><code value="5"/><display value="เสียชีวิตก่อนมาถึงสถานพยาบาล"/></concept><concept><code value="6"/><display value="เสียชีวิตระหว่างส่งต่อไปยังสถานพยาบาลอื่น"/></concept><concept><code value="7"/><display value="ปฏิเสธการรักษา"/></concept><concept><code value="8"/><display value="หนีกลับ"/></concept></CodeSystem>