<?xml version="1.0" encoding="UTF-8"?><CodeSystem xmlns="http://hl7.org/fhir"><id value="cs-thcc-chronic-discharge-reason"/><text><status value="generated"/><div xmlns="http://www.w3.org/1999/xhtml"><p>This code system https://terms.sil-th.org/CodeSystem/cs-thcc-chronic-discharge-reason defines the following codes:</p><table class="codes"><tr><td style="white-space:nowrap"><b>Code</b></td><td><b>Display</b></td></tr><tr><td style="white-space:nowrap">01<a name="cs-thcc-chronic-discharge-reason-01"> </a></td><td>หาย</td></tr><tr><td style="white-space:nowrap">02<a name="cs-thcc-chronic-discharge-reason-02"> </a></td><td>ตาย</td></tr><tr><td style="white-space:nowrap">03<a name="cs-thcc-chronic-discharge-reason-03"> </a></td><td>ยังรักษาอยู่</td></tr><tr><td style="white-space:nowrap">04<a name="cs-thcc-chronic-discharge-reason-04"> </a></td><td>ไม่ทราบ(ไม่มีข้อมูล)</td></tr><tr><td style="white-space:nowrap">05<a name="cs-thcc-chronic-discharge-reason-05"> </a></td><td>รอจำหน่าย/เฝ้าระวัง</td></tr><tr><td style="white-space:nowrap">06<a name="cs-thcc-chronic-discharge-reason-06"> </a></td><td>ขาดการรักษาไม่มาติดต่ออีก(ทราบว่าขาดการรักษา)</td></tr><tr><td style="white-space:nowrap">07<a name="cs-thcc-chronic-discharge-reason-07"> </a></td><td>ครบการรักษา</td></tr><tr><td style="white-space:nowrap">08<a name="cs-thcc-chronic-discharge-reason-08"> </a></td><td>โรคอยู่ในภาวะสงบ(inactive)ไม่มีความจำเป็นต้องรักษา</td></tr><tr><td style="white-space:nowrap">09<a name="cs-thcc-chronic-discharge-reason-09"> </a></td><td>ปฎิเสธการรักษา</td></tr><tr><td style="white-space:nowrap">10<a name="cs-thcc-chronic-discharge-reason-10"> </a></td><td>ออกจากพื้นที่</td></tr><tr><td style="white-space:nowrap">11<a name="cs-thcc-chronic-discharge-reason-11"> </a></td><td>กลับเป็นซ้ำ</td></tr></table></div></text><url value="https://terms.sil-th.org/CodeSystem/cs-thcc-chronic-discharge-reason"/><version value="0.1.0"/><name value="CS_THCC_ChronicDischargeReason"/><title value="ประเภทการจำหน่าย Chronic"/><status value="active"/><date value="2022-08-16T00:23:13+07:00"/><description value="ประเภทการจำหน่าย จาก THCC ซึ่งใช้ในโครงสร้างข้อมูล 43 แฟ้ม"/><jurisdiction><coding><system value="urn:iso:std:iso:3166"/><code value="TH"/></coding></jurisdiction><content value="complete"/><count value="11"/><concept><code value="01"/><display value="หาย"/></concept><concept><code value="02"/><display value="ตาย"/></concept><concept><code value="03"/><display value="ยังรักษาอยู่"/></concept><concept><code value="04"/><display value="ไม่ทราบ(ไม่มีข้อมูล)"/></concept><concept><code value="05"/><display value="รอจำหน่าย/เฝ้าระวัง"/></concept><concept><code value="06"/><display value="ขาดการรักษาไม่มาติดต่ออีก(ทราบว่าขาดการรักษา)"/></concept><concept><code value="07"/><display value="ครบการรักษา"/></concept><concept><code value="08"/><display value="โรคอยู่ในภาวะสงบ(inactive)ไม่มีความจำเป็นต้องรักษา"/></concept><concept><code value="09"/><display value="ปฎิเสธการรักษา"/></concept><concept><code value="10"/><display value="ออกจากพื้นที่"/></concept><concept><code value="11"/><display value="กลับเป็นซ้ำ"/></concept></CodeSystem>