<?xml version="1.0" encoding="UTF-8"?><ImplementationGuide xmlns="http://hl7.org/fhir"><id value="sil-th-terminology"/><text><status value="extensions"/><div xmlns="http://www.w3.org/1999/xhtml"><h2>SilTHTerminology</h2><p>The official URL for this implementation guide is: </p><pre>https://terms.sil-th.org/ImplementationGuide/sil-th-terminology</pre><div><p>A terminology registry which an be cited by FHIR artifacts</p>
</div></div></text><url value="https://terms.sil-th.org/ImplementationGuide/sil-th-terminology"/><version value="0.1.0"/><name value="SilTHTerminology"/><title value="SIL-TH Terminology"/><status value="draft"/><date value="2022-07-31T02:30:06+07:00"/><description value="A terminology registry which an be cited by FHIR artifacts"/><jurisdiction><coding><system value="urn:iso:std:iso:3166"/><code value="TH"/></coding></jurisdiction><packageId value="sil-th-terminology"/><license value="CC0-1.0"/><fhirVersion value="4.3.0"/><dependsOn id="hl7tx"><uri value="http://terminology.hl7.org/ImplementationGuide/hl7.terminology"/><packageId value="hl7.terminology.r4"/><version value="3.1.0"/></dependsOn><definition><grouping id="-term-codesystem"><name value="Terminology: Code Systems"/><description value="These define new code systems used by systems conforming to this implementation guide"/></grouping><resource><extension url="http://hl7.org/fhir/StructureDefinition/implementationguide-page"><valueUri value="CodeSystem-cs-dopa-location.html"/></extension><reference><reference value="CodeSystem/cs-dopa-location"/></reference><name value="รหัสสถานที่"/><description value="รหัสสถานที่ อ้างอิงตามรหัสกรมการปกครอง"/><exampleBoolean value="false"/><groupingId value="-term-codesystem"/></resource><resource><extension url="http://hl7.org/fhir/StructureDefinition/implementationguide-page"><valueUri value="CodeSystem-cs-dopa-nameprefix.html"/></extension><reference><reference value="CodeSystem/cs-dopa-nameprefix"/></reference><name value="รหัสคำนำหน้าชื่อ"/><description value="รหัสคำนำหน้าชื่อ จาก THCC ซึ่งใช้ในโครงสร้างข้อมูล 43 แฟ้ม อ้างอิงตามรหัสกรมการปกครอง"/><exampleBoolean value="false"/><groupingId value="-term-codesystem"/></resource><resource><extension url="http://hl7.org/fhir/StructureDefinition/implementationguide-page"><valueUri value="CodeSystem-cs-int-isco-08.html"/></extension><reference><reference value="CodeSystem/cs-int-isco-08"/></reference><name value="ชุดรหัสอาชีพ ISCO-08"/><description value="ชุดรหัสอาชีพ ตามระบบ ISCO-08 The International Standard Classification of Occupations 2008 (ISCO-08) is a four-level hierarchically structured classification that covers all jobs in the world. Developed with the benefit of accumulated national and international experience as well as the help of experts from many countries and agencies, ISCO-08 is fully supported by the international community as an accepted standard for international labour statistics."/><exampleBoolean value="false"/><groupingId value="-term-codesystem"/></resource><resource><extension url="http://hl7.org/fhir/StructureDefinition/implementationguide-page"><valueUri value="CodeSystem-cs-thcc-43filetype.html"/></extension><reference><reference value="CodeSystem/cs-thcc-43filetype"/></reference><name value="รายการโครงสร้างข้อมูล 43 แฟ้ม plus"/><description value="เกิดจากการบูรณาการของโครงสร้างข้อมูล 43 แฟ้มเดิมและโครงสร้างอื่น ๆ"/><exampleBoolean value="false"/><groupingId value="-term-codesystem"/></resource><resource><extension url="http://hl7.org/fhir/StructureDefinition/implementationguide-page"><valueUri value="CodeSystem-cs-thcc-educationlevel.html"/></extension><reference><reference value="CodeSystem/cs-thcc-educationlevel"/></reference><name value="ชุดรหัสการศึกษา"/><description value="ชุดรหัสการศึกษา จาก THCC ซึ่งใช้ในโครงสร้างข้อมูล 43 แฟ้ม"/><exampleBoolean value="false"/><groupingId value="-term-codesystem"/></resource><resource><extension url="http://hl7.org/fhir/StructureDefinition/implementationguide-page"><valueUri value="CodeSystem-cs-thcc-house-type.html"/></extension><reference><reference value="CodeSystem/cs-thcc-house-type"/></reference><name value="รหัสลักษณะที่อยู่ "/><description value="รหัสลักษณะที่อยู่  จาก THCC ซึ่งใช้ในโครงสร้างข้อมูล 43 แฟ้ม"/><exampleBoolean value="false"/><groupingId value="-term-codesystem"/></resource><resource><extension url="http://hl7.org/fhir/StructureDefinition/implementationguide-page"><valueUri value="CodeSystem-cs-thcc-marital.html"/></extension><reference><reference value="CodeSystem/cs-thcc-marital"/></reference><name value="สถานะการสมรส"/><description value="สถานะการสมรส จาก THCC ซึ่งใช้ในโครงสร้างข้อมูล 43 แฟ้ม"/><exampleBoolean value="false"/><groupingId value="-term-codesystem"/></resource><resource><extension url="http://hl7.org/fhir/StructureDefinition/implementationguide-page"><valueUri value="CodeSystem-cs-thcc-nationality.html"/></extension><reference><reference value="CodeSystem/cs-thcc-nationality"/></reference><name value="ชุดรหัสเชื้อชาติ-สัญชาติ"/><description value="ชุดรหัสเชื้อชาติ-สัญชาติ จาก THCC ซึ่งใช้ในโครงสร้างข้อมูล 43 แฟ้ม"/><exampleBoolean value="false"/><groupingId value="-term-codesystem"/></resource><resource><extension url="http://hl7.org/fhir/StructureDefinition/implementationguide-page"><valueUri value="CodeSystem-cs-thcc-occupation.html"/></extension><reference><reference value="CodeSystem/cs-thcc-occupation"/></reference><name value="ชุดรหัสอาชีพ"/><description value="ชุดรหัสอาชีพ จาก THCC ซึ่งใช้ในโครงสร้างข้อมูล 43 แฟ้ม"/><exampleBoolean value="false"/><groupingId value="-term-codesystem"/></resource><resource><extension url="http://hl7.org/fhir/StructureDefinition/implementationguide-page"><valueUri value="CodeSystem-cs-thcc-person-status.html"/></extension><reference><reference value="CodeSystem/cs-thcc-person-status"/></reference><name value="สถานะบุคคล"/><description value="สถานะบุคคล จาก THCC ซึ่งใช้ในโครงสร้างข้อมูล 43 แฟ้ม"/><exampleBoolean value="false"/><groupingId value="-term-codesystem"/></resource><resource><extension url="http://hl7.org/fhir/StructureDefinition/implementationguide-page"><valueUri value="CodeSystem-cs-thcc-pid-remove-reason.html"/></extension><reference><reference value="CodeSystem/cs-thcc-pid-remove-reason"/></reference><name value="สถานะ/สาเหตุการจำหน่าย"/><description value="สถานะ/สาเหตุการจำหน่าย จาก THCC ซึ่งใช้ในโครงสร้างข้อมูล 43 แฟ้ม"/><exampleBoolean value="false"/><groupingId value="-term-codesystem"/></resource><resource><extension url="http://hl7.org/fhir/StructureDefinition/implementationguide-page"><valueUri value="CodeSystem-cs-thcc-religion.html"/></extension><reference><reference value="CodeSystem/cs-thcc-religion"/></reference><name value="ชุดรหัสศาสนา"/><description value="ชุดรหัสศาสนา จาก THCC ซึ่งใช้ในโครงสร้างข้อมูล 43 แฟ้ม"/><exampleBoolean value="false"/><groupingId value="-term-codesystem"/></resource><resource><extension url="http://hl7.org/fhir/StructureDefinition/implementationguide-page"><valueUri value="CodeSystem-cs-thcc-soical-obs-type.html"/></extension><reference><reference value="CodeSystem/cs-thcc-soical-obs-type"/></reference><name value="ชนิดประวัติทางสังคม"/><description value="ใช้ระบุชนิดประวัติทางสังคมต่าง ๆ ซึ่งใช้ในโครงสร้างข้อมูล 43 แฟ้ม"/><exampleBoolean value="false"/><groupingId value="-term-codesystem"/></resource><resource><extension url="http://hl7.org/fhir/StructureDefinition/implementationguide-page"><valueUri value="CodeSystem-cs-thcc-status-in-family.html"/></extension><reference><reference value="CodeSystem/cs-thcc-status-in-family"/></reference><name value="สถานะในครอบครัว"/><description value="ใช้ระบุสถานะในครอบครัว ซึ่งใช้ในโครงสร้างข้อมูล 43 แฟ้ม"/><exampleBoolean value="false"/><groupingId value="-term-codesystem"/></resource><resource><extension url="http://hl7.org/fhir/StructureDefinition/implementationguide-page"><valueUri value="CodeSystem-cs-thcc-status-in-village.html"/></extension><reference><reference value="CodeSystem/cs-thcc-status-in-village"/></reference><name value="สถานะในชุมชน"/><description value="ใช้ระบุสถานะในชุมชน ซึ่งใช้ในโครงสร้างข้อมูล 43 แฟ้ม"/><exampleBoolean value="false"/><groupingId value="-term-codesystem"/></resource><resource><extension url="http://hl7.org/fhir/StructureDefinition/implementationguide-page"><valueUri value="CodeSystem-cs-th-isced1997.html"/></extension><reference><reference value="CodeSystem/cs-th-isced1997"/></reference><name value="ชุดรหัสการศึกษา ISCED 1997"/><description value="รหัสมาตรฐานระดับการศึกษา พัฒนาโดยสำนักงานสถิติแห่งชาติ (สสช) โดยอ้างอิงมาตรฐานจำแนกการศึกษาสากล (International Standard Classification of Education: ISCED 1997) ของ UNESCO และนำมาประยุกต์เพิ่มรายละเอียดให้เหมาะสมกับระบบการศึกษาของประเทศไทย"/><exampleBoolean value="false"/><groupingId value="-term-codesystem"/></resource><page><nameUrl value="toc.html"/><title value="Table of Contents"/><generation value="html"/><page><nameUrl value="index.html"/><title value="Home"/><generation value="markdown"/></page><page><nameUrl value="artifacts.html"/><title value="Artifacts Summary"/><generation value="html"/><page><nameUrl value="CodeSystem-cs-dopa-location.html"/><title value="รหัสสถานที่"/><generation value="generated"/></page><page><nameUrl value="CodeSystem-cs-dopa-nameprefix.html"/><title value="รหัสคำนำหน้าชื่อ"/><generation value="generated"/></page><page><nameUrl value="CodeSystem-cs-int-isco-08.html"/><title value="ชุดรหัสอาชีพ ISCO-08"/><generation value="generated"/></page><page><nameUrl value="CodeSystem-cs-thcc-43filetype.html"/><title value="รายการโครงสร้างข้อมูล 43 แฟ้ม plus"/><generation value="generated"/></page><page><nameUrl value="CodeSystem-cs-thcc-educationlevel.html"/><title value="ชุดรหัสการศึกษา"/><generation value="generated"/></page><page><nameUrl value="CodeSystem-cs-thcc-house-type.html"/><title value="รหัสลักษณะที่อยู่ "/><generation value="generated"/></page><page><nameUrl value="CodeSystem-cs-thcc-marital.html"/><title value="สถานะการสมรส"/><generation value="generated"/></page><page><nameUrl value="CodeSystem-cs-thcc-nationality.html"/><title value="ชุดรหัสเชื้อชาติ-สัญชาติ"/><generation value="generated"/></page><page><nameUrl value="CodeSystem-cs-thcc-occupation.html"/><title value="ชุดรหัสอาชีพ"/><generation value="generated"/></page><page><nameUrl value="CodeSystem-cs-thcc-person-status.html"/><title value="สถานะบุคคล"/><generation value="generated"/></page><page><nameUrl value="CodeSystem-cs-thcc-pid-remove-reason.html"/><title value="สถานะ/สาเหตุการจำหน่าย"/><generation value="generated"/></page><page><nameUrl value="CodeSystem-cs-thcc-religion.html"/><title value="ชุดรหัสศาสนา"/><generation value="generated"/></page><page><nameUrl value="CodeSystem-cs-thcc-soical-obs-type.html"/><title value="ชนิดประวัติทางสังคม"/><generation value="generated"/></page><page><nameUrl value="CodeSystem-cs-thcc-status-in-family.html"/><title value="สถานะในครอบครัว"/><generation value="generated"/></page><page><nameUrl value="CodeSystem-cs-thcc-status-in-village.html"/><title value="สถานะในชุมชน"/><generation value="generated"/></page><page><nameUrl value="CodeSystem-cs-th-isced1997.html"/><title value="ชุดรหัสการศึกษา ISCED 1997"/><generation value="generated"/></page></page></page><parameter><code value="copyrightyear"/><value value="2022+"/></parameter><parameter><code value="releaselabel"/><value value="ci-build"/></parameter><parameter><code value="apply-publisher"/><value value="true"/></parameter><parameter><code value="apply-contact"/><value value="true"/></parameter><parameter><code value="show-inherited-invariants"/><value value="false"/></parameter><parameter><code value="autoload-resources"/><value value="true"/></parameter><parameter><code value="path-resource"/><value value="input/capabilities"/></parameter><parameter><code value="path-resource"/><value value="input/examples"/></parameter><parameter><code value="path-resource"/><value value="input/extensions"/></parameter><parameter><code value="path-resource"/><value value="input/models"/></parameter><parameter><code value="path-resource"/><value value="input/operations"/></parameter><parameter><code value="path-resource"/><value value="input/profiles"/></parameter><parameter><code value="path-resource"/><value value="input/resources"/></parameter><parameter><code value="path-resource"/><value value="input/vocabulary"/></parameter><parameter><code value="path-resource"/><value value="input/maps"/></parameter><parameter><code value="path-resource"/><value value="input/testing"/></parameter><parameter><code value="path-resource"/><value value="input/history"/></parameter><parameter><code value="path-resource"/><value value="fsh-generated/resources"/></parameter><parameter><code value="path-pages"/><value value="template/config"/></parameter><parameter><code value="path-pages"/><value value="input/images"/></parameter><parameter><code value="path-liquid"/><value value="template/liquid"/></parameter><parameter><code value="path-liquid"/><value value="input/liquid"/></parameter><parameter><code value="path-qa"/><value value="temp/qa"/></parameter><parameter><code value="path-temp"/><value value="temp/pages"/></parameter><parameter><code value="path-output"/><value value="output"/></parameter><parameter><code value="path-tx-cache"/><value value="input-cache/txcache"/></parameter><parameter><code value="path-suppressed-warnings"/><value value="input/ignoreWarnings.txt"/></parameter><parameter><code value="path-history"/><value value="https://terms.sil-th.org/history.html"/></parameter><parameter><code value="template-html"/><value value="template-page.html"/></parameter><parameter><code value="template-md"/><value value="template-page-md.html"/></parameter><parameter><code value="apply-context"/><value value="true"/></parameter><parameter><code value="apply-copyright"/><value value="true"/></parameter><parameter><code value="apply-jurisdiction"/><value value="true"/></parameter><parameter><code value="apply-license"/><value value="true"/></parameter><parameter><code value="apply-version"/><value value="true"/></parameter><parameter><code value="active-tables"/><value value="true"/></parameter><parameter><code value="fmm-definition"/><value value="http://hl7.org/fhir/versions.html#maturity"/></parameter><parameter><code value="propagate-status"/><value value="true"/></parameter><parameter><code value="excludelogbinaryformat"/><value value="true"/></parameter></definition></ImplementationGuide>