<?xml version="1.0" encoding="UTF-8"?><ImplementationGuide xmlns="http://hl7.org/fhir"><id value="sil-th-terminology"/><text><status value="extensions"/><div xmlns="http://www.w3.org/1999/xhtml"><h2>SilTHTerminology</h2><p>The official URL for this implementation guide is: </p><pre>https://terms.sil-th.org/ImplementationGuide/sil-th-terminology</pre><div><p>A terminology registry which an be cited by FHIR artifacts</p>
</div></div></text><url value="https://terms.sil-th.org/ImplementationGuide/sil-th-terminology"/><version value="0.1.0"/><name value="SilTHTerminology"/><title value="(Draft) SIL-TH Terminology"/><status value="draft"/><date value="2022-08-16T21:51:46+07:00"/><description value="A terminology registry which an be cited by FHIR artifacts"/><jurisdiction><coding><system value="urn:iso:std:iso:3166"/><code value="TH"/></coding></jurisdiction><packageId value="sil-th-terminology"/><license value="CC0-1.0"/><fhirVersion value="4.3.0"/><dependsOn id="hl7tx"><uri value="http://terminology.hl7.org/ImplementationGuide/hl7.terminology"/><packageId value="hl7.terminology.r4"/><version value="3.1.0"/></dependsOn><definition><grouping id="-term-valueset"><name value="Terminology: Value Sets"/><description value="These define sets of codes used by systems conforming to this implementation guide"/></grouping><grouping id="-term-codesystem"><name value="Terminology: Code Systems"/><description value="These define new code systems used by systems conforming to this implementation guide"/></grouping><grouping id="-term-namingsystem"><name value="Terminology: Naming Systems"/><description value="These define identifier and/or code system identities used by systems conforming to this implementation guide"/></grouping><resource><extension url="http://hl7.org/fhir/StructureDefinition/implementationguide-page"><valueUri value="ValueSet-vs-thcc-icf.html"/></extension><reference><reference value="ValueSet/vs-thcc-icf"/></reference><name value="รหัสสภาวะสุขภาพตาม ICF"/><description value="รหัสสภาวะสุขภาพตาม ICF ซึ่งใช้ในโครงสร้างข้อมูล 43 แฟ้ม"/><exampleBoolean value="false"/><groupingId value="-term-valueset"/></resource><resource><extension url="http://hl7.org/fhir/StructureDefinition/implementationguide-page"><valueUri value="CodeSystem-cs-dopa-location.html"/></extension><reference><reference value="CodeSystem/cs-dopa-location"/></reference><name value="รหัสสถานที่"/><description value="รหัสสถานที่ อ้างอิงตามรหัสกรมการปกครอง"/><exampleBoolean value="false"/><groupingId value="-term-codesystem"/></resource><resource><extension url="http://hl7.org/fhir/StructureDefinition/implementationguide-page"><valueUri value="CodeSystem-cs-dopa-nameprefix.html"/></extension><reference><reference value="CodeSystem/cs-dopa-nameprefix"/></reference><name value="รหัสคำนำหน้าชื่อ"/><description value="รหัสคำนำหน้าชื่อ จาก THCC ซึ่งใช้ในโครงสร้างข้อมูล 43 แฟ้ม อ้างอิงตามรหัสกรมการปกครอง"/><exampleBoolean value="false"/><groupingId value="-term-codesystem"/></resource><resource><extension url="http://hl7.org/fhir/StructureDefinition/implementationguide-page"><valueUri value="CodeSystem-cs-th-icd10tm-lab.html"/></extension><reference><reference value="CodeSystem/cs-th-icd10tm-lab"/></reference><name value="รหัสการตรวจทางห้องปฎิบัติการ ICD-10-TM"/><description value="รหัสการตรวจทางห้องปฎิบัติการ ICD-10-TM 2016 ของ THCC ซึ่งใช้ในโครงสร้างข้อมูล 43 แฟ้ม"/><exampleBoolean value="false"/><groupingId value="-term-codesystem"/></resource><resource><extension url="http://hl7.org/fhir/StructureDefinition/implementationguide-page"><valueUri value="CodeSystem-cs-int-isco-08.html"/></extension><reference><reference value="CodeSystem/cs-int-isco-08"/></reference><name value="ชุดรหัสอาชีพ ISCO-08"/><description value="ชุดรหัสอาชีพ ตามระบบ ISCO-08 The International Standard Classification of Occupations 2008 (ISCO-08) is a four-level hierarchically structured classification that covers all jobs in the world. Developed with the benefit of accumulated national and international experience as well as the help of experts from many countries and agencies, ISCO-08 is fully supported by the international community as an accepted standard for international labour statistics."/><exampleBoolean value="false"/><groupingId value="-term-codesystem"/></resource><resource><extension url="http://hl7.org/fhir/StructureDefinition/implementationguide-page"><valueUri value="CodeSystem-cs-qn-dental.html"/></extension><reference><reference value="CodeSystem/cs-qn-dental"/></reference><name value="รหัสคำตอบสำหรับตอบแบบสำรวจทันตกรรม"/><description value="รหัสคำตอบสำหรับตอบแบบสำรวจทันตกรรม ตามโครงสร้างข้อมูล 43 แฟ้ม"/><exampleBoolean value="false"/><groupingId value="-term-codesystem"/></resource><resource><extension url="http://hl7.org/fhir/StructureDefinition/implementationguide-page"><valueUri value="CodeSystem-cs-qn-home.html"/></extension><reference><reference value="CodeSystem/cs-qn-home"/></reference><name value="รหัสคำตอบสำหรับตอบแบบสำรวจบ้าน"/><description value="รหัสคำตอบสำหรับตอบแบบสำรวจบ้าน ตามโครงสร้างข้อมูล 43 แฟ้ม"/><exampleBoolean value="false"/><groupingId value="-term-codesystem"/></resource><resource><extension url="http://hl7.org/fhir/StructureDefinition/implementationguide-page"><valueUri value="CodeSystem-cs-qn-village.html"/></extension><reference><reference value="CodeSystem/cs-qn-village"/></reference><name value="รหัสคำตอบสำหรับตอบแบบสำรวจหมู่บ้าน"/><description value="รหัสคำตอบสำหรับตอบแบบสำรวจหมู่บ้าน ตามโครงสร้างข้อมูล 43 แฟ้ม"/><exampleBoolean value="false"/><groupingId value="-term-codesystem"/></resource><resource><extension url="http://hl7.org/fhir/StructureDefinition/implementationguide-page"><valueUri value="CodeSystem-cs-thcc-2digit-lab.html"/></extension><reference><reference value="CodeSystem/cs-thcc-2digit-lab"/></reference><name value="รหัสการตรวจทางห้องปฎิบัติการ 2 หลัก"/><description value="รหัสการตรวจทางห้องปฎิบัติการ 2 หลัก ของ THCC ซึ่งใช้ในโครงสร้างข้อมูล 43 แฟ้ม"/><exampleBoolean value="false"/><groupingId value="-term-codesystem"/></resource><resource><extension url="http://hl7.org/fhir/StructureDefinition/implementationguide-page"><valueUri value="CodeSystem-cs-thcc-43filetype.html"/></extension><reference><reference value="CodeSystem/cs-thcc-43filetype"/></reference><name value="รายการโครงสร้างข้อมูล 43 แฟ้ม plus"/><description value="เกิดจากการบูรณาการของโครงสร้างข้อมูล 43 แฟ้มเดิมและโครงสร้างอื่น ๆ"/><exampleBoolean value="false"/><groupingId value="-term-codesystem"/></resource><resource><extension url="http://hl7.org/fhir/StructureDefinition/implementationguide-page"><valueUri value="CodeSystem-cs-thcc-accident-admit-source.html"/></extension><reference><reference value="CodeSystem/cs-thcc-accident-admit-source"/></reference><name value="ชนิด"/><description value="ใช้ระบุชนิด ซึ่งใช้ในโครงสร้างข้อมูล 43 แฟ้ม"/><exampleBoolean value="false"/><groupingId value="-term-codesystem"/></resource><resource><extension url="http://hl7.org/fhir/StructureDefinition/implementationguide-page"><valueUri value="CodeSystem-cs-thcc-accident-bleeding.html"/></extension><reference><reference value="CodeSystem/cs-thcc-accident-bleeding"/></reference><name value="ชนิดการห้ามเลือด"/><description value="ใช้ระบุชนิดการห้ามเลือด ซึ่งใช้ในโครงสร้างข้อมูล 43 แฟ้ม"/><exampleBoolean value="false"/><groupingId value="-term-codesystem"/></resource><resource><extension url="http://hl7.org/fhir/StructureDefinition/implementationguide-page"><valueUri value="CodeSystem-cs-thcc-accident-breathing.html"/></extension><reference><reference value="CodeSystem/cs-thcc-accident-breathing"/></reference><name value="ชนิดการดูแลการหายใจ"/><description value="ใช้ระบุชนิดการดูแลการหายใจ ซึ่งใช้ในโครงสร้างข้อมูล 43 แฟ้ม"/><exampleBoolean value="false"/><groupingId value="-term-codesystem"/></resource><resource><extension url="http://hl7.org/fhir/StructureDefinition/implementationguide-page"><valueUri value="CodeSystem-cs-thcc-accident-cause-group.html"/></extension><reference><reference value="CodeSystem/cs-thcc-accident-cause-group"/></reference><name value="รหัสประเภทผู้ป่วยอุบัติเหตุ 19 สาเหตุ"/><description value="ใช้ระบุรหัสประเภทผู้ป่วยอุบัติเหตุ 19 สาเหตุ ตามโครงสร้างข้อมูล 43 แฟ้ม"/><exampleBoolean value="false"/><groupingId value="-term-codesystem"/></resource><resource><extension url="http://hl7.org/fhir/StructureDefinition/implementationguide-page"><valueUri value="CodeSystem-cs-thcc-accident-coverage.html"/></extension><reference><reference value="CodeSystem/cs-thcc-accident-coverage"/></reference><name value="รหัสสิทธิการรักษาอื่นกรณีอุบัติเหตุ"/><description value="ใช้ระบุรหัสสิทธิการรักษาอื่นกรณีอุบัติเหตุ ตามโครงสร้างข้อมูล 43 แฟ้ม"/><exampleBoolean value="false"/><groupingId value="-term-codesystem"/></resource><resource><extension url="http://hl7.org/fhir/StructureDefinition/implementationguide-page"><valueUri value="CodeSystem-cs-thcc-accident-iv-fluid.html"/></extension><reference><reference value="CodeSystem/cs-thcc-accident-iv-fluid"/></reference><name value="ชนิดการให้น้ำเกลือ"/><description value="ใช้ระบุชนิดการให้น้ำเกลือ ซึ่งใช้ในโครงสร้างข้อมูล 43 แฟ้ม"/><exampleBoolean value="false"/><groupingId value="-term-codesystem"/></resource><resource><extension url="http://hl7.org/fhir/StructureDefinition/implementationguide-page"><valueUri value="CodeSystem-cs-thcc-accident-location.html"/></extension><reference><reference value="CodeSystem/cs-thcc-accident-location"/></reference><name value="รหัสสถานที่เกิดอุบัติเหตุฉุกเฉิน"/><description value="ใช้ระบุรหัสสถานที่เกิดอุบัติเหตุฉุกเฉิน ซึ่งใช้ในโครงสร้างข้อมูล 43 แฟ้ม"/><exampleBoolean value="false"/><groupingId value="-term-codesystem"/></resource><resource><extension url="http://hl7.org/fhir/StructureDefinition/implementationguide-page"><valueUri value="CodeSystem-cs-thcc-accident-obs.html"/></extension><reference><reference value="CodeSystem/cs-thcc-accident-obs"/></reference><name value="ชนิดประวัติการเกิดอุบัติเหตุ"/><description value="ใช้ระบุชนิดประวัติการเกิดอุบัติเหตุ ซึ่งใช้ในโครงสร้างข้อมูล 43 แฟ้ม"/><exampleBoolean value="false"/><groupingId value="-term-codesystem"/></resource><resource><extension url="http://hl7.org/fhir/StructureDefinition/implementationguide-page"><valueUri value="CodeSystem-cs-thcc-accident-patient-type.html"/></extension><reference><reference value="CodeSystem/cs-thcc-accident-patient-type"/></reference><name value="ประเภทผู้บาดเจ็บ"/><description value="ใช้ระบุประเภทผู้บาดเจ็บ ซึ่งใช้ในโครงสร้างข้อมูล 43 แฟ้ม"/><exampleBoolean value="false"/><groupingId value="-term-codesystem"/></resource><resource><extension url="http://hl7.org/fhir/StructureDefinition/implementationguide-page"><valueUri value="CodeSystem-cs-thcc-accident-priority.html"/></extension><reference><reference value="CodeSystem/cs-thcc-accident-priority"/></reference><name value="รหัสระดับความเร่งด่วน"/><description value="ใช้ระบุรหัสระดับความเร่งด่วน ตามโครงสร้างข้อมูล 43 แฟ้ม"/><exampleBoolean value="false"/><groupingId value="-term-codesystem"/></resource><resource><extension url="http://hl7.org/fhir/StructureDefinition/implementationguide-page"><valueUri value="CodeSystem-cs-thcc-accident-splint.html"/></extension><reference><reference value="CodeSystem/cs-thcc-accident-splint"/></reference><name value="ชนิดการใส่ splint/ slab"/><description value="ใช้ระบุชนิดการใส่ splint/ slab ซึ่งใช้ในโครงสร้างข้อมูล 43 แฟ้ม"/><exampleBoolean value="false"/><groupingId value="-term-codesystem"/></resource><resource><extension url="http://hl7.org/fhir/StructureDefinition/implementationguide-page"><valueUri value="CodeSystem-cs-thcc-accident-vehicle.html"/></extension><reference><reference value="CodeSystem/cs-thcc-accident-vehicle"/></reference><name value="ประเภทยานพาหนะที่เกิดเหตุ"/><description value="ใช้ระบุประเภทยานพาหนะที่เกิดเหตุ ซึ่งใช้ในโครงสร้างข้อมูล 43 แฟ้ม"/><exampleBoolean value="false"/><groupingId value="-term-codesystem"/></resource><resource><extension url="http://hl7.org/fhir/StructureDefinition/implementationguide-page"><valueUri value="CodeSystem-cs-thcc-admit-source.html"/></extension><reference><reference value="CodeSystem/cs-thcc-admit-source"/></reference><name value="รหัสประเภทการมารับบริการ"/><description value="รหัสประเภทการมารับบริการ ตามโครงสร้างข้อมูล 43 แฟ้ม"/><exampleBoolean value="false"/><groupingId value="-term-codesystem"/></resource><resource><extension url="http://hl7.org/fhir/StructureDefinition/implementationguide-page"><valueUri value="CodeSystem-cs-thcc-allergy-assert-type.html"/></extension><reference><reference value="CodeSystem/cs-thcc-allergy-assert-type"/></reference><name value="รหัสผู้ให้ประวัติการแพ้ยา"/><description value="รหัสผู้ให้ประวัติการแพ้ยา ซึ่งใช้ในโครงสร้างข้อมูล 43 แฟ้ม"/><exampleBoolean value="false"/><groupingId value="-term-codesystem"/></resource><resource><extension url="http://hl7.org/fhir/StructureDefinition/implementationguide-page"><valueUri value="CodeSystem-cs-thcc-allergy-certainty.html"/></extension><reference><reference value="CodeSystem/cs-thcc-allergy-certainty"/></reference><name value="รหัสประเภทการวินิจฉัยการแพ้ยา"/><description value="รหัสประเภทการวินิจฉัยการแพ้ยา ซึ่งใช้ในโครงสร้างข้อมูล 43 แฟ้ม"/><exampleBoolean value="false"/><groupingId value="-term-codesystem"/></resource><resource><extension url="http://hl7.org/fhir/StructureDefinition/implementationguide-page"><valueUri value="CodeSystem-cs-thcc-allergy-manifest.html"/></extension><reference><reference value="CodeSystem/cs-thcc-allergy-manifest"/></reference><name value="รหัสลักษณะอาการแก้ยาที่พบ"/><description value="รหัสลักษณะอาการแก้ยาที่พบ ซึ่งใช้ในโครงสร้างข้อมูล 43 แฟ้ม"/><exampleBoolean value="false"/><groupingId value="-term-codesystem"/></resource><resource><extension url="http://hl7.org/fhir/StructureDefinition/implementationguide-page"><valueUri value="CodeSystem-cs-thcc-allergy-severity.html"/></extension><reference><reference value="CodeSystem/cs-thcc-allergy-severity"/></reference><name value="รหัสระดับความรุนแรงของการแพ้ยา"/><description value="รหัสระดับความรุนแรงของการแพ้ยา ซึ่งใช้ในโครงสร้างข้อมูล 43 แฟ้ม"/><exampleBoolean value="false"/><groupingId value="-term-codesystem"/></resource><resource><extension url="http://hl7.org/fhir/StructureDefinition/implementationguide-page"><valueUri value="CodeSystem-cs-thcc-allergy-verify.html"/></extension><reference><reference value="CodeSystem/cs-thcc-allergy-verify"/></reference><name value="รหัสสถานะการแพ้ยา"/><description value="รหัสสถานะการแพ้ยา ซึ่งใช้ในโครงสร้างข้อมูล 43 แฟ้ม"/><exampleBoolean value="false"/><groupingId value="-term-codesystem"/></resource><resource><extension url="http://hl7.org/fhir/StructureDefinition/implementationguide-page"><valueUri value="CodeSystem-cs-thcc-appoint-service-category.html"/></extension><reference><reference value="CodeSystem/cs-thcc-appoint-service-category"/></reference><name value="รหัสประเภทการนัด"/><description value="รหัสประเภทการนัด ตามโครงสร้างข้อมูล 43 แฟ้ม"/><exampleBoolean value="false"/><groupingId value="-term-codesystem"/></resource><resource><extension url="http://hl7.org/fhir/StructureDefinition/implementationguide-page"><valueUri value="CodeSystem-cs-thcc-appoint-service-type.html"/></extension><reference><reference value="CodeSystem/cs-thcc-appoint-service-type"/></reference><name value="รหัสชื่อบริการที่นัดรับ"/><description value="รหัสชื่อบริการที่นัดรับ ตามโครงสร้างข้อมูล 43 แฟ้ม"/><exampleBoolean value="false"/><groupingId value="-term-codesystem"/></resource><resource><extension url="http://hl7.org/fhir/StructureDefinition/implementationguide-page"><valueUri value="CodeSystem-cs-thcc-causative-agent.html"/></extension><reference><reference value="CodeSystem/cs-thcc-causative-agent"/></reference><name value="รหัสชนิดของเชื้อโรค"/><description value="รหัสชนิดของเชื้อโรค ตามโครงสร้างข้อมูล 43 แฟ้ม"/><exampleBoolean value="false"/><groupingId value="-term-codesystem"/></resource><resource><extension url="http://hl7.org/fhir/StructureDefinition/implementationguide-page"><valueUri value="CodeSystem-cs-thcc-chronic-discharge-reason.html"/></extension><reference><reference value="CodeSystem/cs-thcc-chronic-discharge-reason"/></reference><name value="ประเภทการจำหน่าย Chronic"/><description value="ประเภทการจำหน่าย จาก THCC ซึ่งใช้ในโครงสร้างข้อมูล 43 แฟ้ม"/><exampleBoolean value="false"/><groupingId value="-term-codesystem"/></resource><resource><extension url="http://hl7.org/fhir/StructureDefinition/implementationguide-page"><valueUri value="CodeSystem-cs-thcc-contraceptive.html"/></extension><reference><reference value="CodeSystem/cs-thcc-contraceptive"/></reference><name value="รหัสวิธีการคุมกำเนิดปัจจุบัน"/><description value="รหัสวิธีการคุมกำเนิดปัจจุบัน ซึ่งใช้ในโครงสร้างข้อมูล 43 แฟ้ม"/><exampleBoolean value="false"/><groupingId value="-term-codesystem"/></resource><resource><extension url="http://hl7.org/fhir/StructureDefinition/implementationguide-page"><valueUri value="CodeSystem-cs-thcc-contraceptive-method.html"/></extension><reference><reference value="CodeSystem/cs-thcc-contraceptive-method"/></reference><name value="รหัสวิธีการคุมกำเนิด"/><description value="รหัสวิธีการคุมกำเนิด ตามโครงสร้างข้อมูล 43 แฟ้ม"/><exampleBoolean value="false"/><groupingId value="-term-codesystem"/></resource><resource><extension url="http://hl7.org/fhir/StructureDefinition/implementationguide-page"><valueUri value="CodeSystem-cs-thcc-coverage-type.html"/></extension><reference><reference value="CodeSystem/cs-thcc-coverage-type"/></reference><name value="ชุดรหัสสิทธิการรักษาพยาบาล"/><description value="ชุดรหัสสิทธิการรักษาพยาบาล จาก THCC ซึ่งใช้ในโครงสร้างข้อมูล 43 แฟ้ม"/><exampleBoolean value="false"/><groupingId value="-term-codesystem"/></resource><resource><extension url="http://hl7.org/fhir/StructureDefinition/implementationguide-page"><valueUri value="CodeSystem-cs-thcc-death-location-type.html"/></extension><reference><reference value="CodeSystem/cs-thcc-death-location-type"/></reference><name value="รหัสสถานที่ตาย"/><description value="รหัสสถานที่ตาย จาก THCC ซึ่งใช้ในโครงสร้างข้อมูล 43 แฟ้ม"/><exampleBoolean value="false"/><groupingId value="-term-codesystem"/></resource><resource><extension url="http://hl7.org/fhir/StructureDefinition/implementationguide-page"><valueUri value="CodeSystem-cs-thcc-death-pregnancy.html"/></extension><reference><reference value="CodeSystem/cs-thcc-death-pregnancy"/></reference><name value="การเสียชีวิตที่เกี่ยวข้องกับตั้งครรภ์และการคลอด"/><description value="การเสียชีวิตที่เกี่ยวข้องกับตั้งครรภ์และการคลอด จาก THCC ซึ่งใช้ในโครงสร้างข้อมูล 43 แฟ้ม"/><exampleBoolean value="false"/><groupingId value="-term-codesystem"/></resource><resource><extension url="http://hl7.org/fhir/StructureDefinition/implementationguide-page"><valueUri value="CodeSystem-cs-thcc-disability-reason.html"/></extension><reference><reference value="CodeSystem/cs-thcc-disability-reason"/></reference><name value="รหัสสาเหตุความพิการ"/><description value="รหัสสาเหตุความพิการ จาก THCC ซึ่งใช้ในโครงสร้างข้อมูล 43 แฟ้ม"/><exampleBoolean value="false"/><groupingId value="-term-codesystem"/></resource><resource><extension url="http://hl7.org/fhir/StructureDefinition/implementationguide-page"><valueUri value="CodeSystem-cs-thcc-disability-type.html"/></extension><reference><reference value="CodeSystem/cs-thcc-disability-type"/></reference><name value="รหัสประเภทความพิการ"/><description value="รหัสประเภทความพิการ จาก THCC ซึ่งใช้ในโครงสร้างข้อมูล 43 แฟ้ม"/><exampleBoolean value="false"/><groupingId value="-term-codesystem"/></resource><resource><extension url="http://hl7.org/fhir/StructureDefinition/implementationguide-page"><valueUri value="CodeSystem-cs-thcc-discharge-status.html"/></extension><reference><reference value="CodeSystem/cs-thcc-discharge-status"/></reference><name value="รหัสสถานะผู้มารับบริการเมื่อเสร็จสิ้นบริการ OPD"/><description value="รหัสสถานะผู้มารับบริการเมื่อเสร็จสิ้นบริการ OPD ตามโครงสร้างข้อมูล 43 แฟ้ม"/><exampleBoolean value="false"/><groupingId value="-term-codesystem"/></resource><resource><extension url="http://hl7.org/fhir/StructureDefinition/implementationguide-page"><valueUri value="CodeSystem-cs-thcc-disease-cause.html"/></extension><reference><reference value="CodeSystem/cs-thcc-disease-cause"/></reference><name value="รหัสสาเหตุการป่วย"/><description value="รหัสสาเหตุการป่วย ตามโครงสร้างข้อมูล 43 แฟ้ม"/><exampleBoolean value="false"/><groupingId value="-term-codesystem"/></resource><resource><extension url="http://hl7.org/fhir/StructureDefinition/implementationguide-page"><valueUri value="CodeSystem-cs-thcc-education-level.html"/></extension><reference><reference value="CodeSystem/cs-thcc-education-level"/></reference><name value="ชุดรหัสการศึกษา"/><description value="ชุดรหัสการศึกษา จาก THCC ซึ่งใช้ในโครงสร้างข้อมูล 43 แฟ้ม"/><exampleBoolean value="false"/><groupingId value="-term-codesystem"/></resource><resource><extension url="http://hl7.org/fhir/StructureDefinition/implementationguide-page"><valueUri value="CodeSystem-cs-thcc-foreigner-type.html"/></extension><reference><reference value="CodeSystem/cs-thcc-foreigner-type"/></reference><name value="รหัสความเป็นคนต่างด้าว"/><description value="รหัสความเป็นคนต่างด้าว จาก THCC ซึ่งใช้ในโครงสร้างข้อมูล 43 แฟ้ม"/><exampleBoolean value="false"/><groupingId value="-term-codesystem"/></resource><resource><extension url="http://hl7.org/fhir/StructureDefinition/implementationguide-page"><valueUri value="CodeSystem-cs-thcc-fp-case-type.html"/></extension><reference><reference value="CodeSystem/cs-thcc-fp-case-type"/></reference><name value="รหัสประเภทการวางแผนครอบครัว"/><description value="รหัสประเภทการวางแผนครอบครัว ตามโครงสร้างข้อมูล 43 แฟ้ม"/><exampleBoolean value="false"/><groupingId value="-term-codesystem"/></resource><resource><extension url="http://hl7.org/fhir/StructureDefinition/implementationguide-page"><valueUri value="CodeSystem-cs-thcc-functional-conclusion.html"/></extension><reference><reference value="CodeSystem/cs-thcc-functional-conclusion"/></reference><name value="รหัสภาวะพึ่งพิงของผู้สูงอายุ"/><description value="รหัสภาวะพึ่งพิงของผู้สูงอายุ จาก THCC ซึ่งใช้ในโครงสร้างข้อมูล 43 แฟ้ม"/><exampleBoolean value="false"/><groupingId value="-term-codesystem"/></resource><resource><extension url="http://hl7.org/fhir/StructureDefinition/implementationguide-page"><valueUri value="CodeSystem-cs-thcc-functional-test.html"/></extension><reference><reference value="CodeSystem/cs-thcc-functional-test"/></reference><name value="วิธีประเมินความบกพร่อง"/><description value="วิธีประเมินความบกพร่อง จาก THCC ซึ่งใช้ในโครงสร้างข้อมูล 43 แฟ้ม"/><exampleBoolean value="false"/><groupingId value="-term-codesystem"/></resource><resource><extension url="http://hl7.org/fhir/StructureDefinition/implementationguide-page"><valueUri value="CodeSystem-cs-thcc-house-type.html"/></extension><reference><reference value="CodeSystem/cs-thcc-house-type"/></reference><name value="รหัสลักษณะที่อยู่"/><description value="รหัสลักษณะที่อยู่ จาก THCC ซึ่งใช้ในโครงสร้างข้อมูล 43 แฟ้ม"/><exampleBoolean value="false"/><groupingId value="-term-codesystem"/></resource><resource><extension url="http://hl7.org/fhir/StructureDefinition/implementationguide-page"><valueUri value="CodeSystem-cs-thcc-in-municipality.html"/></extension><reference><reference value="CodeSystem/cs-thcc-in-municipality"/></reference><name value="รหัสที่ตั้ง"/><description value="รหัสที่ตั้ง ใน/นอกเขตเทศบาล จาก THCC ซึ่งใช้ในโครงสร้างข้อมูล 43 แฟ้ม"/><exampleBoolean value="false"/><groupingId value="-term-codesystem"/></resource><resource><extension url="http://hl7.org/fhir/StructureDefinition/implementationguide-page"><valueUri value="CodeSystem-cs-thcc-individual-provider-type.html"/></extension><reference><reference value="CodeSystem/cs-thcc-individual-provider-type"/></reference><name value="รหัสประเภทบุคลากรทางการแพทย์และสาธารณสุข"/><description value="รหัสประเภทบุคลากรทางการแพทย์และสาธารณสุข ตามโครงสร้างข้อมูล 43 แฟ้ม"/><exampleBoolean value="false"/><groupingId value="-term-codesystem"/></resource><resource><extension url="http://hl7.org/fhir/StructureDefinition/implementationguide-page"><valueUri value="CodeSystem-cs-thcc-ipd-discharge-status.html"/></extension><reference><reference value="CodeSystem/cs-thcc-ipd-discharge-status"/></reference><name value="รหัสผลการส่งต่อไปรับบริการในสถานพยาบาลอื่น"/><description value="รหัสผลการส่งต่อไปรับบริการในสถานพยาบาลอื่น ตามโครงสร้างข้อมูล 43 แฟ้ม"/><exampleBoolean value="false"/><groupingId value="-term-codesystem"/></resource><resource><extension url="http://hl7.org/fhir/StructureDefinition/implementationguide-page"><valueUri value="CodeSystem-cs-thcc-ipd-discharge-type.html"/></extension><reference><reference value="CodeSystem/cs-thcc-ipd-discharge-type"/></reference><name value="รหัสผลการส่งต่อไปรับบริการในสถานพยาบาลอื่น"/><description value="รหัสผลการส่งต่อไปรับบริการในสถานพยาบาลอื่น ตามโครงสร้างข้อมูล 43 แฟ้ม"/><exampleBoolean value="false"/><groupingId value="-term-codesystem"/></resource><resource><extension url="http://hl7.org/fhir/StructureDefinition/implementationguide-page"><valueUri value="CodeSystem-cs-thcc-ipd-journey.html"/></extension><reference><reference value="CodeSystem/cs-thcc-ipd-journey"/></reference><name value="รหัสชนิดของแผนกที่ผู้ป่วยในรับบริการ"/><description value="รหัสชนิดของแผนกที่ผู้ป่วยในรับบริการ เพื่อใช้ในโครงสร้างข้อมูล 43 แฟ้ม"/><exampleBoolean value="false"/><groupingId value="-term-codesystem"/></resource><resource><extension url="http://hl7.org/fhir/StructureDefinition/implementationguide-page"><valueUri value="CodeSystem-cs-thcc-labor-location.html"/></extension><reference><reference value="CodeSystem/cs-thcc-labor-location"/></reference><name value="รหัสสถานที่คลอด"/><description value="รหัสสถานที่คลอด  ตามโครงสร้างข้อมูล 43 แฟ้ม"/><exampleBoolean value="false"/><groupingId value="-term-codesystem"/></resource><resource><extension url="http://hl7.org/fhir/StructureDefinition/implementationguide-page"><valueUri value="CodeSystem-cs-thcc-labor-performer-role.html"/></extension><reference><reference value="CodeSystem/cs-thcc-labor-performer-role"/></reference><name value="รหัสประเภทของผู้ทำคลอด"/><description value="รหัสประเภทของผู้ทำคลอด ตามโครงสร้างข้อมูล 43 แฟ้ม"/><exampleBoolean value="false"/><groupingId value="-term-codesystem"/></resource><resource><extension url="http://hl7.org/fhir/StructureDefinition/implementationguide-page"><valueUri value="CodeSystem-cs-thcc-labor-presentation.html"/></extension><reference><reference value="CodeSystem/cs-thcc-labor-presentation"/></reference><name value="รหัสท่าเด็กตอนคลอด"/><description value="รหัสท่าเด็กตอนคลอด เพื่อใช้ประกอบโครงสร้างข้อมูล 43 แฟ้ม"/><exampleBoolean value="false"/><groupingId value="-term-codesystem"/></resource><resource><extension url="http://hl7.org/fhir/StructureDefinition/implementationguide-page"><valueUri value="CodeSystem-cs-thcc-labor-procedure.html"/></extension><reference><reference value="CodeSystem/cs-thcc-labor-procedure"/></reference><name value="รหัสวิธีการคลอด/สิ้นสุดการตั้งครรภ์"/><description value="รหัสวิธีการคลอด/สิ้นสุดการตั้งครรภ์ ตามโครงสร้างข้อมูล 43 แฟ้ม"/><exampleBoolean value="false"/><groupingId value="-term-codesystem"/></resource><resource><extension url="http://hl7.org/fhir/StructureDefinition/implementationguide-page"><valueUri value="CodeSystem-cs-thcc-marital.html"/></extension><reference><reference value="CodeSystem/cs-thcc-marital"/></reference><name value="สถานะการสมรส"/><description value="สถานะการสมรส จาก THCC ซึ่งใช้ในโครงสร้างข้อมูล 43 แฟ้ม"/><exampleBoolean value="false"/><groupingId value="-term-codesystem"/></resource><resource><extension url="http://hl7.org/fhir/StructureDefinition/implementationguide-page"><valueUri value="CodeSystem-cs-thcc-materal-appointment-type.html"/></extension><reference><reference value="CodeSystem/cs-thcc-materal-appointment-type"/></reference><name value="ประเภทการนัดด้านการอนามัยแม่และเด็ก"/><description value="ประเภทการนัดด้านการอนามัยแม่และเด็ก ใช้ในโครงสร้างข้อมูล 43 แฟ้ม"/><exampleBoolean value="false"/><groupingId value="-term-codesystem"/></resource><resource><extension url="http://hl7.org/fhir/StructureDefinition/implementationguide-page"><valueUri value="CodeSystem-cs-thcc-misc-pregnancy-obs.html"/></extension><reference><reference value="CodeSystem/cs-thcc-misc-pregnancy-obs"/></reference><name value="รหัสการตรวจอื่น ๆ เกี่ยวกับอนามัยแม่และเด็ก"/><description value="รหัสการตรวจอื่น ๆ เกี่ยวกับอนามัยแม่และเด็กที่ไม่มี LOINC code เพื่อใช้ประกอบโครงสร้างข้อมูล 43 แฟ้ม"/><exampleBoolean value="false"/><groupingId value="-term-codesystem"/></resource><resource><extension url="http://hl7.org/fhir/StructureDefinition/implementationguide-page"><valueUri value="CodeSystem-cs-thcc-nationality.html"/></extension><reference><reference value="CodeSystem/cs-thcc-nationality"/></reference><name value="ชุดรหัสเชื้อชาติ-สัญชาติ"/><description value="ชุดรหัสเชื้อชาติ-สัญชาติ จาก THCC ซึ่งใช้ในโครงสร้างข้อมูล 43 แฟ้ม"/><exampleBoolean value="false"/><groupingId value="-term-codesystem"/></resource><resource><extension url="http://hl7.org/fhir/StructureDefinition/implementationguide-page"><valueUri value="CodeSystem-cs-thcc-ncd-alchohol.html"/></extension><reference><reference value="CodeSystem/cs-thcc-ncd-alchohol"/></reference><name value="รหัสประวัติดื่มเครื่องดื่มแอลกอฮอลล์"/><description value="รหัสประวัติดื่มเครื่องดื่มแอลกอฮอลล์ ตามโครงสร้างข้อมูล 43 แฟ้ม"/><exampleBoolean value="false"/><groupingId value="-term-codesystem"/></resource><resource><extension url="http://hl7.org/fhir/StructureDefinition/implementationguide-page"><valueUri value="CodeSystem-cs-thcc-ncd-fbs-method.html"/></extension><reference><reference value="CodeSystem/cs-thcc-ncd-fbs-method"/></reference><name value="รหัสวิธีการตรวจน้ำตาลในเลือด"/><description value="รหัสวิธีการตรวจน้ำตาลในเลือด ตามโครงสร้างข้อมูล 43 แฟ้ม"/><exampleBoolean value="false"/><groupingId value="-term-codesystem"/></resource><resource><extension url="http://hl7.org/fhir/StructureDefinition/implementationguide-page"><valueUri value="CodeSystem-cs-thcc-ncd-foot-exam.html"/></extension><reference><reference value="CodeSystem/cs-thcc-ncd-foot-exam"/></reference><name value="รหัสตรวจเท้า"/><description value="รหัสตรวจเท้า ตามโครงสร้างข้อมูล 43 แฟ้ม"/><exampleBoolean value="false"/><groupingId value="-term-codesystem"/></resource><resource><extension url="http://hl7.org/fhir/StructureDefinition/implementationguide-page"><valueUri value="CodeSystem-cs-thcc-ncd-retina-exam.html"/></extension><reference><reference value="CodeSystem/cs-thcc-ncd-retina-exam"/></reference><name value="รหัสตรวจจอประสาทตา"/><description value="รหัสตรวจจอประสาทตา ตามโครงสร้างข้อมูล 43 แฟ้ม"/><exampleBoolean value="false"/><groupingId value="-term-codesystem"/></resource><resource><extension url="http://hl7.org/fhir/StructureDefinition/implementationguide-page"><valueUri value="CodeSystem-cs-thcc-ncd-smoking.html"/></extension><reference><reference value="CodeSystem/cs-thcc-ncd-smoking"/></reference><name value="รหัสประวัติสูบบุหรี่"/><description value="รหัสประวัติสูบบุหรี่ ตามโครงสร้างข้อมูล 43 แฟ้ม"/><exampleBoolean value="false"/><groupingId value="-term-codesystem"/></resource><resource><extension url="http://hl7.org/fhir/StructureDefinition/implementationguide-page"><valueUri value="CodeSystem-cs-thcc-ncd-status.html"/></extension><reference><reference value="CodeSystem/cs-thcc-ncd-status"/></reference><name value="สถานะการเป็นผู้ป่วยโรคเรื้อรัง"/><description value="สถานะการเป็นผู้ป่วยโรคเรื้อรัง ตามโครงสร้างข้อมูล 43 แฟ้ม"/><exampleBoolean value="false"/><groupingId value="-term-codesystem"/></resource><resource><extension url="http://hl7.org/fhir/StructureDefinition/implementationguide-page"><valueUri value="CodeSystem-cs-thcc-no-contraceptive.html"/></extension><reference><reference value="CodeSystem/cs-thcc-no-contraceptive"/></reference><name value="รหัสสาเหตุที่ไม่คุมกำเนิด"/><description value="รหัสสาเหตุที่ไม่คุมกำเนิด ซึ่งใช้ในโครงสร้างข้อมูล 43 แฟ้ม"/><exampleBoolean value="false"/><groupingId value="-term-codesystem"/></resource><resource><extension url="http://hl7.org/fhir/StructureDefinition/implementationguide-page"><valueUri value="CodeSystem-cs-thcc-occupation.html"/></extension><reference><reference value="CodeSystem/cs-thcc-occupation"/></reference><name value="ชุดรหัสอาชีพ"/><description value="ชุดรหัสอาชีพ จาก THCC ซึ่งใช้ในโครงสร้างข้อมูล 43 แฟ้ม"/><exampleBoolean value="false"/><groupingId value="-term-codesystem"/></resource><resource><extension url="http://hl7.org/fhir/StructureDefinition/implementationguide-page"><valueUri value="CodeSystem-cs-thcc-participant-type.html"/></extension><reference><reference value="CodeSystem/cs-thcc-participant-type"/></reference><name value="ประเภทแพทย์เพิ่มเติม"/><description value="ประเภทแพทย์เพิ่มเติม ตามโครงสร้างข้อมูล 43 แฟ้ม"/><exampleBoolean value="false"/><groupingId value="-term-codesystem"/></resource><resource><extension url="http://hl7.org/fhir/StructureDefinition/implementationguide-page"><valueUri value="CodeSystem-cs-thcc-patient-location-type.html"/></extension><reference><reference value="CodeSystem/cs-thcc-patient-location-type"/></reference><name value="รหัสที่ตั้งของที่อยู่ผู้รับบริการ"/><description value="รหัสที่ตั้งของที่อยู่ผู้รับบริการ ตามโครงสร้างข้อมูล 43 แฟ้ม"/><exampleBoolean value="false"/><groupingId value="-term-codesystem"/></resource><resource><extension url="http://hl7.org/fhir/StructureDefinition/implementationguide-page"><valueUri value="CodeSystem-cs-thcc-person-status.html"/></extension><reference><reference value="CodeSystem/cs-thcc-person-status"/></reference><name value="สถานะบุคคล"/><description value="สถานะบุคคล จาก THCC ซึ่งใช้ในโครงสร้างข้อมูล 43 แฟ้ม"/><exampleBoolean value="false"/><groupingId value="-term-codesystem"/></resource><resource><extension url="http://hl7.org/fhir/StructureDefinition/implementationguide-page"><valueUri value="CodeSystem-cs-thcc-pid-remove-reason.html"/></extension><reference><reference value="CodeSystem/cs-thcc-pid-remove-reason"/></reference><name value="สถานะ/สาเหตุการจำหน่าย"/><description value="สถานะ/สาเหตุการจำหน่าย จาก THCC ซึ่งใช้ในโครงสร้างข้อมูล 43 แฟ้ม"/><exampleBoolean value="false"/><groupingId value="-term-codesystem"/></resource><resource><extension url="http://hl7.org/fhir/StructureDefinition/implementationguide-page"><valueUri value="CodeSystem-cs-thcc-postnatal-breastfeeding.html"/></extension><reference><reference value="CodeSystem/cs-thcc-postnatal-breastfeeding"/></reference><name value="รหัสการไหลของน้ำนมหลังคลอด"/><description value="รหัสการไหลของน้ำนมหลังคลอด เพื่อใช้ประกอบโครงสร้างข้อมูล 43 แฟ้ม"/><exampleBoolean value="false"/><groupingId value="-term-codesystem"/></resource><resource><extension url="http://hl7.org/fhir/StructureDefinition/implementationguide-page"><valueUri value="CodeSystem-cs-thcc-postnatal-mens.html"/></extension><reference><reference value="CodeSystem/cs-thcc-postnatal-mens"/></reference><name value="รหัสประจำเดือนหลังคลอด"/><description value="รหัสประจำเดือนหลังคลอด เพื่อใช้ประกอบโครงสร้างข้อมูล 43 แฟ้ม"/><exampleBoolean value="false"/><groupingId value="-term-codesystem"/></resource><resource><extension url="http://hl7.org/fhir/StructureDefinition/implementationguide-page"><valueUri value="CodeSystem-cs-thcc-postnatal-perineum.html"/></extension><reference><reference value="CodeSystem/cs-thcc-postnatal-perineum"/></reference><name value="รหัสการตรวจฝีเย็บหลังคลอด"/><description value="รหัสการตรวจฝีเย็บหลังคลอด เพื่อใช้ประกอบโครงสร้างข้อมูล 43 แฟ้ม"/><exampleBoolean value="false"/><groupingId value="-term-codesystem"/></resource><resource><extension url="http://hl7.org/fhir/StructureDefinition/implementationguide-page"><valueUri value="CodeSystem-cs-thcc-pregnancy-outcome.html"/></extension><reference><reference value="CodeSystem/cs-thcc-pregnancy-outcome"/></reference><name value="รหัสผลการสิ้นสุดการตั้งครรภ์"/><description value="รหัสผลการสิ้นสุดการตั้งครรภ์ ตามโครงสร้างข้อมูล 43 แฟ้ม"/><exampleBoolean value="false"/><groupingId value="-term-codesystem"/></resource><resource><extension url="http://hl7.org/fhir/StructureDefinition/implementationguide-page"><valueUri value="CodeSystem-cs-thcc-provider-type.html"/></extension><reference><reference value="CodeSystem/cs-thcc-provider-type"/></reference><name value="รหัสประเภทสถานพยาบาลที่รักษา"/><description value="รหัสประเภทสถานพยาบาลที่รักษา ตามโครงสร้างข้อมูล 43 แฟ้ม"/><exampleBoolean value="false"/><groupingId value="-term-codesystem"/></resource><resource><extension url="http://hl7.org/fhir/StructureDefinition/implementationguide-page"><valueUri value="CodeSystem-cs-thcc-provider-type-coverage.html"/></extension><reference><reference value="CodeSystem/cs-thcc-provider-type-coverage"/></reference><name value="ประเภทสถานพยาบาล ตามสิทธิการรักษา"/><description value="ใช้ประกอบการบันทึกข้อมูลเรื่องสิทธิการรักษา ตามโครงสร้างข้อมูล 43 แฟ้ม"/><exampleBoolean value="false"/><groupingId value="-term-codesystem"/></resource><resource><extension url="http://hl7.org/fhir/StructureDefinition/implementationguide-page"><valueUri value="CodeSystem-cs-thcc-qn-type.html"/></extension><reference><reference value="CodeSystem/cs-thcc-qn-type"/></reference><name value="ชนิดแบบสอบถาม 43 แฟ้ม plus"/><description value="ชนิดแบบสอบถามที่ใช้ประกอบการเก็บข้อมูลตามโครงสร้างข้อมูล 43 แฟ้มเดิมและโครงสร้างอื่น ๆ"/><exampleBoolean value="false"/><groupingId value="-term-codesystem"/></resource><resource><extension url="http://hl7.org/fhir/StructureDefinition/implementationguide-page"><valueUri value="CodeSystem-cs-thcc-qualification-issuer.html"/></extension><reference><reference value="CodeSystem/cs-thcc-qualification-issuer"/></reference><name value="รหัสสภาวิชาชีพ"/><description value="รหัสสภาวิชาชีพ ตามโครงสร้างข้อมูล 43 แฟ้ม"/><exampleBoolean value="false"/><groupingId value="-term-codesystem"/></resource><resource><extension url="http://hl7.org/fhir/StructureDefinition/implementationguide-page"><valueUri value="CodeSystem-cs-thcc-refer-outcome.html"/></extension><reference><reference value="CodeSystem/cs-thcc-refer-outcome"/></reference><name value="รหัสผลการส่งต่อไปรับบริการในสถานพยาบาลอื่น"/><description value="รหัสผลการส่งต่อไปรับบริการในสถานพยาบาลอื่น ตามโครงสร้างข้อมูล 43 แฟ้ม"/><exampleBoolean value="false"/><groupingId value="-term-codesystem"/></resource><resource><extension url="http://hl7.org/fhir/StructureDefinition/implementationguide-page"><valueUri value="CodeSystem-cs-thcc-refer-in-reason.html"/></extension><reference><reference value="CodeSystem/cs-thcc-refer-in-reason"/></reference><name value="รหัสสาเหตุการส่งผู้ป่วยมารับบริการ"/><description value="รหัสสาเหตุการส่งผู้ป่วยมารับบริการ ตามโครงสร้างข้อมูล 43 แฟ้ม"/><exampleBoolean value="false"/><groupingId value="-term-codesystem"/></resource><resource><extension url="http://hl7.org/fhir/StructureDefinition/implementationguide-page"><valueUri value="CodeSystem-cs-thcc-rehab-device.html"/></extension><reference><reference value="CodeSystem/cs-thcc-rehab-device"/></reference><name value="รหัสกายอุปกรณ์ที่ได้รับ"/><description value="รหัสกายอุปกรณ์ที่ได้รับ ตามโครงสร้างข้อมูล 43 แฟ้ม"/><exampleBoolean value="false"/><groupingId value="-term-codesystem"/></resource><resource><extension url="http://hl7.org/fhir/StructureDefinition/implementationguide-page"><valueUri value="CodeSystem-cs-thcc-rehab-service-type.html"/></extension><reference><reference value="CodeSystem/cs-thcc-rehab-service-type"/></reference><name value="รหัสรหัสบริการฟื้นฟูสภาพ"/><description value="รหัสรหัสบริการฟื้นฟูสภาพ ตามโครงสร้างข้อมูล 43 แฟ้ม"/><exampleBoolean value="false"/><groupingId value="-term-codesystem"/></resource><resource><extension url="http://hl7.org/fhir/StructureDefinition/implementationguide-page"><valueUri value="CodeSystem-cs-thcc-religion.html"/></extension><reference><reference value="CodeSystem/cs-thcc-religion"/></reference><name value="ชุดรหัสศาสนา"/><description value="ชุดรหัสศาสนา จาก THCC ซึ่งใช้ในโครงสร้างข้อมูล 43 แฟ้ม"/><exampleBoolean value="false"/><groupingId value="-term-codesystem"/></resource><resource><extension url="http://hl7.org/fhir/StructureDefinition/implementationguide-page"><valueUri value="CodeSystem-cs-thcc-screening-result.html"/></extension><reference><reference value="CodeSystem/cs-thcc-screening-result"/></reference><name value="รหัสผลการตรวจคัดกรองทางอนามัยแม่และเด็ก "/><description value="รหัสผลการตรวจคัดกรองทางอนามัยแม่และเด็ก เพื่อใช้ประกอบโครงสร้างข้อมูล 43 แฟ้ม"/><exampleBoolean value="false"/><groupingId value="-term-codesystem"/></resource><resource><extension url="http://hl7.org/fhir/StructureDefinition/implementationguide-page"><valueUri value="CodeSystem-cs-thcc-service-hour.html"/></extension><reference><reference value="CodeSystem/cs-thcc-service-hour"/></reference><name value="รหัสเวลามารับบริการ"/><description value="รหัสเวลามารับบริการ ตามโครงสร้างข้อมูล 43 แฟ้ม"/><exampleBoolean value="false"/><groupingId value="-term-codesystem"/></resource><resource><extension url="http://hl7.org/fhir/StructureDefinition/implementationguide-page"><valueUri value="CodeSystem-cs-thcc-service-location.html"/></extension><reference><reference value="CodeSystem/cs-thcc-service-location"/></reference><name value="รหัสสถานที่รับบริการ"/><description value="รหัสสถานที่รับบริการ ตามโครงสร้างข้อมูล 43 แฟ้ม"/><exampleBoolean value="false"/><groupingId value="-term-codesystem"/></resource><resource><extension url="http://hl7.org/fhir/StructureDefinition/implementationguide-page"><valueUri value="CodeSystem-cs-thcc-service-location-type.html"/></extension><reference><reference value="CodeSystem/cs-thcc-service-location-type"/></reference><name value="รหัสสถานที่ที่ให้บริการ"/><description value="รหัสสถานที่ที่ให้บริการ ตามโครงสร้างข้อมูล 43 แฟ้ม"/><exampleBoolean value="false"/><groupingId value="-term-codesystem"/></resource><resource><extension url="http://hl7.org/fhir/StructureDefinition/implementationguide-page"><valueUri value="CodeSystem-cs-thcc-service-priority.html"/></extension><reference><reference value="CodeSystem/cs-thcc-service-priority"/></reference><name value="รหัสสถานะความฉุกเฉิน"/><description value="รหัสสถานะความฉุกเฉิน ตามโครงสร้างข้อมูล 43 แฟ้ม"/><exampleBoolean value="false"/><groupingId value="-term-codesystem"/></resource><resource><extension url="http://hl7.org/fhir/StructureDefinition/implementationguide-page"><valueUri value="CodeSystem-cs-thcc-service-type-th.html"/></extension><reference><reference value="CodeSystem/cs-thcc-service-type-th"/></reference><name value="รหัสประเภทการให้บริการ"/><description value="รหัสประเภทการให้บริการ ตามโครงสร้างข้อมูล 43 แฟ้ม"/><exampleBoolean value="false"/><groupingId value="-term-codesystem"/></resource><resource><extension url="http://hl7.org/fhir/StructureDefinition/implementationguide-page"><valueUri value="CodeSystem-cs-thcc-social-obs-type.html"/></extension><reference><reference value="CodeSystem/cs-thcc-social-obs-type"/></reference><name value="ชนิดประวัติทางสังคม"/><description value="ใช้ระบุชนิดประวัติทางสังคมต่าง ๆ ซึ่งใช้ในโครงสร้างข้อมูล 43 แฟ้ม"/><exampleBoolean value="false"/><groupingId value="-term-codesystem"/></resource><resource><extension url="http://hl7.org/fhir/StructureDefinition/implementationguide-page"><valueUri value="CodeSystem-cs-thcc-status-in-family.html"/></extension><reference><reference value="CodeSystem/cs-thcc-status-in-family"/></reference><name value="สถานะในครอบครัว"/><description value="ใช้ระบุสถานะในครอบครัว ซึ่งใช้ในโครงสร้างข้อมูล 43 แฟ้ม"/><exampleBoolean value="false"/><groupingId value="-term-codesystem"/></resource><resource><extension url="http://hl7.org/fhir/StructureDefinition/implementationguide-page"><valueUri value="CodeSystem-cs-thcc-status-in-village.html"/></extension><reference><reference value="CodeSystem/cs-thcc-status-in-village"/></reference><name value="สถานะในชุมชน"/><description value="ใช้ระบุสถานะในชุมชน ซึ่งใช้ในโครงสร้างข้อมูล 43 แฟ้ม"/><exampleBoolean value="false"/><groupingId value="-term-codesystem"/></resource><resource><extension url="http://hl7.org/fhir/StructureDefinition/implementationguide-page"><valueUri value="CodeSystem-cs-thcc-surveillance-group.html"/></extension><reference><reference value="CodeSystem/cs-thcc-surveillance-group"/></reference><name value="รหัสกลุ่มอาการที่เฝ้าระวัง"/><description value="รหัสกลุ่มอาการที่เฝ้าระวัง ตามโครงสร้างข้อมูล 43 แฟ้ม"/><exampleBoolean value="false"/><groupingId value="-term-codesystem"/></resource><resource><extension url="http://hl7.org/fhir/StructureDefinition/implementationguide-page"><valueUri value="CodeSystem-cs-thcc-village-area.html"/></extension><reference><reference value="CodeSystem/cs-thcc-village-area"/></reference><name value="เขตที่ตั้งของหมู่บ้าน"/><description value="เขตที่ตั้งของหมู่บ้าน จาก THCC ซึ่งใช้ในโครงสร้างข้อมูล 43 แฟ้ม"/><exampleBoolean value="false"/><groupingId value="-term-codesystem"/></resource><resource><extension url="http://hl7.org/fhir/StructureDefinition/implementationguide-page"><valueUri value="CodeSystem-cs-thcc-43file-type.html"/></extension><reference><reference value="CodeSystem/cs-thcc-43file-type"/></reference><name value="ชุดรหัสการศึกษา ISCED 1997"/><description value="รหัสมาตรฐานระดับการศึกษา พัฒนาโดยสำนักงานสถิติแห่งชาติ (สสช) โดยอ้างอิงมาตรฐานจำแนกการศึกษาสากล (International Standard Classification of Education: ISCED 1997) ของ UNESCO และนำมาประยุกต์เพิ่มรายละเอียดให้เหมาะสมกับระบบการศึกษาของประเทศไทย"/><exampleBoolean value="false"/><groupingId value="-term-codesystem"/></resource><resource><extension url="http://hl7.org/fhir/StructureDefinition/implementationguide-page"><valueUri value="NamingSystem-IDDopaHouseNo.html"/></extension><reference><reference value="NamingSystem/IDDopaHouseNo"/></reference><name value="รหัสประจำบ้าน"/><description value="รหัสประจำบ้าน เลขรหัสที่อยู่ในสมุดทะเบียนบ้าน ออกโดยกรมการปกครอง"/><exampleBoolean value="false"/><groupingId value="-term-namingsystem"/></resource><resource><extension url="http://hl7.org/fhir/StructureDefinition/implementationguide-page"><valueUri value="NamingSystem-IDHcode.html"/></extension><reference><reference value="NamingSystem/IDHcode"/></reference><name value="เลขรหัสสถานพยาบาล"/><description value="เลขรหัสสถานพยาบาล 5 หลักและ 9 หลัก ออกโดยกองยุทธศาสตร์และแผนงาน สำนักงานปลัดกระทรวงสาธารณสุข"/><exampleBoolean value="false"/><groupingId value="-term-namingsystem"/></resource><resource><extension url="http://hl7.org/fhir/StructureDefinition/implementationguide-page"><valueUri value="NamingSystem-IDThaiCid.html"/></extension><reference><reference value="NamingSystem/IDThaiCid"/></reference><name value="เลขประจำตัวประชาชนไทย"/><description value="เลขประจำตัวประชาชน ออกโดย กรมการปกครอง กระทรวงมหาดไทย"/><exampleBoolean value="false"/><groupingId value="-term-namingsystem"/></resource><resource><extension url="http://hl7.org/fhir/StructureDefinition/implementationguide-page"><valueUri value="NamingSystem-IDThaiDentist.html"/></extension><reference><reference value="NamingSystem/IDThaiDentist"/></reference><name value="เลขประจำตัวทันตแพทย์"/><description value="เลขที่ใบประกอบวิชาชีพทันตกรรม (Thai Dental License Number)"/><exampleBoolean value="false"/><groupingId value="-term-namingsystem"/></resource><resource><extension url="http://hl7.org/fhir/StructureDefinition/implementationguide-page"><valueUri value="NamingSystem-IDThaiDoctor.html"/></extension><reference><reference value="NamingSystem/IDThaiDoctor"/></reference><name value="เลขประจำตัวแพทย์"/><description value="เลขที่ใบประกอบวิชาชีพเวชกรรม (Thai Medical License Number)"/><exampleBoolean value="false"/><groupingId value="-term-namingsystem"/></resource><resource><extension url="http://hl7.org/fhir/StructureDefinition/implementationguide-page"><valueUri value="NamingSystem-IDThaiMedTech.html"/></extension><reference><reference value="NamingSystem/IDThaiMedTech"/></reference><name value="เลขประจำตัวนักเทคนิคการแพทย์"/><description value="เลขที่ใบประกอบวิชาชีพเทคนิคการแพทย์ (Thai Medical Technologist License Number)"/><exampleBoolean value="false"/><groupingId value="-term-namingsystem"/></resource><resource><extension url="http://hl7.org/fhir/StructureDefinition/implementationguide-page"><valueUri value="NamingSystem-IDThaiNurse.html"/></extension><reference><reference value="NamingSystem/IDThaiNurse"/></reference><name value="เลขประจำตัวพยาบาล"/><description value="เลขที่ใบประกอบวิชาชีพพยาบาล (Thai Registered Nurse Number)"/><exampleBoolean value="false"/><groupingId value="-term-namingsystem"/></resource><resource><extension url="http://hl7.org/fhir/StructureDefinition/implementationguide-page"><valueUri value="NamingSystem-IDThaiPharmacist.html"/></extension><reference><reference value="NamingSystem/IDThaiPharmacist"/></reference><name value="เลขประจำตัวเภสัชกร"/><description value="เลขที่ใบประกอบวิชาชีพเภสัชกรรม (Thai Pharmacist License Number)"/><exampleBoolean value="false"/><groupingId value="-term-namingsystem"/></resource><resource><extension url="http://hl7.org/fhir/StructureDefinition/implementationguide-page"><valueUri value="NamingSystem-IDThaiPhysio.html"/></extension><reference><reference value="NamingSystem/IDThaiPhysio"/></reference><name value="เลขประจำตัวนักกายภาพบำบัด"/><description value="เลขที่ใบประกอบวิชาชีพนักกายภาพบำบัด (Thai Physical Therapist License Number)"/><exampleBoolean value="false"/><groupingId value="-term-namingsystem"/></resource><resource><extension url="http://hl7.org/fhir/StructureDefinition/implementationguide-page"><valueUri value="NamingSystem-IDThaiVet.html"/></extension><reference><reference value="NamingSystem/IDThaiVet"/></reference><name value="เลขประจำตัวสัตวแพทย์"/><description value="เลขที่ใบประกอบวิชาชีพการสัตวแพทย์ (Thai Veterinary License Number)"/><exampleBoolean value="false"/><groupingId value="-term-namingsystem"/></resource><resource><extension url="http://hl7.org/fhir/StructureDefinition/implementationguide-page"><valueUri value="NamingSystem-IDThaiWorkPermit.html"/></extension><reference><reference value="NamingSystem/IDThaiWorkPermit"/></reference><name value="เลขที่ใบอนุญาตทำงานคนต่างด้าว"/><description value="เลขที่ใบอนุญาตทำงานคนต่างด้าว ออกโดย กรมการจัดหางาน กระทรวงแรงงาน"/><exampleBoolean value="false"/><groupingId value="-term-namingsystem"/></resource><page><nameUrl value="toc.html"/><title value="Table of Contents"/><generation value="html"/><page><nameUrl value="index.html"/><title value="SIL-TH Terminology"/><generation value="markdown"/></page><page><nameUrl value="identifier-systems.html"/><title value="รวม Identifier Systems"/><generation value="markdown"/></page><page><nameUrl value="artifacts.html"/><title value="Artifacts Summary"/><generation value="html"/><page><nameUrl value="ValueSet-vs-thcc-icf.html"/><title value="รหัสสภาวะสุขภาพตาม ICF"/><generation value="generated"/></page><page><nameUrl value="CodeSystem-cs-dopa-location.html"/><title value="รหัสสถานที่"/><generation value="generated"/></page><page><nameUrl value="CodeSystem-cs-dopa-nameprefix.html"/><title value="รหัสคำนำหน้าชื่อ"/><generation value="generated"/></page><page><nameUrl value="CodeSystem-cs-th-icd10tm-lab.html"/><title value="รหัสการตรวจทางห้องปฎิบัติการ ICD-10-TM"/><generation value="generated"/></page><page><nameUrl value="CodeSystem-cs-int-isco-08.html"/><title value="ชุดรหัสอาชีพ ISCO-08"/><generation value="generated"/></page><page><nameUrl value="CodeSystem-cs-qn-dental.html"/><title value="รหัสคำตอบสำหรับตอบแบบสำรวจทันตกรรม"/><generation value="generated"/></page><page><nameUrl value="CodeSystem-cs-qn-home.html"/><title value="รหัสคำตอบสำหรับตอบแบบสำรวจบ้าน"/><generation value="generated"/></page><page><nameUrl value="CodeSystem-cs-qn-village.html"/><title value="รหัสคำตอบสำหรับตอบแบบสำรวจหมู่บ้าน"/><generation value="generated"/></page><page><nameUrl value="CodeSystem-cs-thcc-2digit-lab.html"/><title value="รหัสการตรวจทางห้องปฎิบัติการ 2 หลัก"/><generation value="generated"/></page><page><nameUrl value="CodeSystem-cs-thcc-43filetype.html"/><title value="รายการโครงสร้างข้อมูล 43 แฟ้ม plus"/><generation value="generated"/></page><page><nameUrl value="CodeSystem-cs-thcc-accident-admit-source.html"/><title value="ชนิด"/><generation value="generated"/></page><page><nameUrl value="CodeSystem-cs-thcc-accident-bleeding.html"/><title value="ชนิดการห้ามเลือด"/><generation value="generated"/></page><page><nameUrl value="CodeSystem-cs-thcc-accident-breathing.html"/><title value="ชนิดการดูแลการหายใจ"/><generation value="generated"/></page><page><nameUrl value="CodeSystem-cs-thcc-accident-cause-group.html"/><title value="รหัสประเภทผู้ป่วยอุบัติเหตุ 19 สาเหตุ"/><generation value="generated"/></page><page><nameUrl value="CodeSystem-cs-thcc-accident-coverage.html"/><title value="รหัสสิทธิการรักษาอื่นกรณีอุบัติเหตุ"/><generation value="generated"/></page><page><nameUrl value="CodeSystem-cs-thcc-accident-iv-fluid.html"/><title value="ชนิดการให้น้ำเกลือ"/><generation value="generated"/></page><page><nameUrl value="CodeSystem-cs-thcc-accident-location.html"/><title value="รหัสสถานที่เกิดอุบัติเหตุฉุกเฉิน"/><generation value="generated"/></page><page><nameUrl value="CodeSystem-cs-thcc-accident-obs.html"/><title value="ชนิดประวัติการเกิดอุบัติเหตุ"/><generation value="generated"/></page><page><nameUrl value="CodeSystem-cs-thcc-accident-patient-type.html"/><title value="ประเภทผู้บาดเจ็บ"/><generation value="generated"/></page><page><nameUrl value="CodeSystem-cs-thcc-accident-priority.html"/><title value="รหัสระดับความเร่งด่วน"/><generation value="generated"/></page><page><nameUrl value="CodeSystem-cs-thcc-accident-splint.html"/><title value="ชนิดการใส่ splint/ slab"/><generation value="generated"/></page><page><nameUrl value="CodeSystem-cs-thcc-accident-vehicle.html"/><title value="ประเภทยานพาหนะที่เกิดเหตุ"/><generation value="generated"/></page><page><nameUrl value="CodeSystem-cs-thcc-admit-source.html"/><title value="รหัสประเภทการมารับบริการ"/><generation value="generated"/></page><page><nameUrl value="CodeSystem-cs-thcc-allergy-assert-type.html"/><title value="รหัสผู้ให้ประวัติการแพ้ยา"/><generation value="generated"/></page><page><nameUrl value="CodeSystem-cs-thcc-allergy-certainty.html"/><title value="รหัสประเภทการวินิจฉัยการแพ้ยา"/><generation value="generated"/></page><page><nameUrl value="CodeSystem-cs-thcc-allergy-manifest.html"/><title value="รหัสลักษณะอาการแก้ยาที่พบ"/><generation value="generated"/></page><page><nameUrl value="CodeSystem-cs-thcc-allergy-severity.html"/><title value="รหัสระดับความรุนแรงของการแพ้ยา"/><generation value="generated"/></page><page><nameUrl value="CodeSystem-cs-thcc-allergy-verify.html"/><title value="รหัสสถานะการแพ้ยา"/><generation value="generated"/></page><page><nameUrl value="CodeSystem-cs-thcc-appoint-service-category.html"/><title value="รหัสประเภทการนัด"/><generation value="generated"/></page><page><nameUrl value="CodeSystem-cs-thcc-appoint-service-type.html"/><title value="รหัสชื่อบริการที่นัดรับ"/><generation value="generated"/></page><page><nameUrl value="CodeSystem-cs-thcc-causative-agent.html"/><title value="รหัสชนิดของเชื้อโรค"/><generation value="generated"/></page><page><nameUrl value="CodeSystem-cs-thcc-chronic-discharge-reason.html"/><title value="ประเภทการจำหน่าย Chronic"/><generation value="generated"/></page><page><nameUrl value="CodeSystem-cs-thcc-contraceptive.html"/><title value="รหัสวิธีการคุมกำเนิดปัจจุบัน"/><generation value="generated"/></page><page><nameUrl value="CodeSystem-cs-thcc-contraceptive-method.html"/><title value="รหัสวิธีการคุมกำเนิด"/><generation value="generated"/></page><page><nameUrl value="CodeSystem-cs-thcc-coverage-type.html"/><title value="ชุดรหัสสิทธิการรักษาพยาบาล"/><generation value="generated"/></page><page><nameUrl value="CodeSystem-cs-thcc-death-location-type.html"/><title value="รหัสสถานที่ตาย"/><generation value="generated"/></page><page><nameUrl value="CodeSystem-cs-thcc-death-pregnancy.html"/><title value="การเสียชีวิตที่เกี่ยวข้องกับตั้งครรภ์และการคลอด"/><generation value="generated"/></page><page><nameUrl value="CodeSystem-cs-thcc-disability-reason.html"/><title value="รหัสสาเหตุความพิการ"/><generation value="generated"/></page><page><nameUrl value="CodeSystem-cs-thcc-disability-type.html"/><title value="รหัสประเภทความพิการ"/><generation value="generated"/></page><page><nameUrl value="CodeSystem-cs-thcc-discharge-status.html"/><title value="รหัสสถานะผู้มารับบริการเมื่อเสร็จสิ้นบริการ OPD"/><generation value="generated"/></page><page><nameUrl value="CodeSystem-cs-thcc-disease-cause.html"/><title value="รหัสสาเหตุการป่วย"/><generation value="generated"/></page><page><nameUrl value="CodeSystem-cs-thcc-education-level.html"/><title value="ชุดรหัสการศึกษา"/><generation value="generated"/></page><page><nameUrl value="CodeSystem-cs-thcc-foreigner-type.html"/><title value="รหัสความเป็นคนต่างด้าว"/><generation value="generated"/></page><page><nameUrl value="CodeSystem-cs-thcc-fp-case-type.html"/><title value="รหัสประเภทการวางแผนครอบครัว"/><generation value="generated"/></page><page><nameUrl value="CodeSystem-cs-thcc-functional-conclusion.html"/><title value="รหัสภาวะพึ่งพิงของผู้สูงอายุ"/><generation value="generated"/></page><page><nameUrl value="CodeSystem-cs-thcc-functional-test.html"/><title value="วิธีประเมินความบกพร่อง"/><generation value="generated"/></page><page><nameUrl value="CodeSystem-cs-thcc-house-type.html"/><title value="รหัสลักษณะที่อยู่"/><generation value="generated"/></page><page><nameUrl value="CodeSystem-cs-thcc-in-municipality.html"/><title value="รหัสที่ตั้ง"/><generation value="generated"/></page><page><nameUrl value="CodeSystem-cs-thcc-individual-provider-type.html"/><title value="รหัสประเภทบุคลากรทางการแพทย์และสาธารณสุข"/><generation value="generated"/></page><page><nameUrl value="CodeSystem-cs-thcc-ipd-discharge-status.html"/><title value="รหัสผลการส่งต่อไปรับบริการในสถานพยาบาลอื่น"/><generation value="generated"/></page><page><nameUrl value="CodeSystem-cs-thcc-ipd-discharge-type.html"/><title value="รหัสผลการส่งต่อไปรับบริการในสถานพยาบาลอื่น"/><generation value="generated"/></page><page><nameUrl value="CodeSystem-cs-thcc-ipd-journey.html"/><title value="รหัสชนิดของแผนกที่ผู้ป่วยในรับบริการ"/><generation value="generated"/></page><page><nameUrl value="CodeSystem-cs-thcc-labor-location.html"/><title value="รหัสสถานที่คลอด"/><generation value="generated"/></page><page><nameUrl value="CodeSystem-cs-thcc-labor-performer-role.html"/><title value="รหัสประเภทของผู้ทำคลอด"/><generation value="generated"/></page><page><nameUrl value="CodeSystem-cs-thcc-labor-presentation.html"/><title value="รหัสท่าเด็กตอนคลอด"/><generation value="generated"/></page><page><nameUrl value="CodeSystem-cs-thcc-labor-procedure.html"/><title value="รหัสวิธีการคลอด/สิ้นสุดการตั้งครรภ์"/><generation value="generated"/></page><page><nameUrl value="CodeSystem-cs-thcc-marital.html"/><title value="สถานะการสมรส"/><generation value="generated"/></page><page><nameUrl value="CodeSystem-cs-thcc-materal-appointment-type.html"/><title value="ประเภทการนัดด้านการอนามัยแม่และเด็ก"/><generation value="generated"/></page><page><nameUrl value="CodeSystem-cs-thcc-misc-pregnancy-obs.html"/><title value="รหัสการตรวจอื่น ๆ เกี่ยวกับอนามัยแม่และเด็ก"/><generation value="generated"/></page><page><nameUrl value="CodeSystem-cs-thcc-nationality.html"/><title value="ชุดรหัสเชื้อชาติ-สัญชาติ"/><generation value="generated"/></page><page><nameUrl value="CodeSystem-cs-thcc-ncd-alchohol.html"/><title value="รหัสประวัติดื่มเครื่องดื่มแอลกอฮอลล์"/><generation value="generated"/></page><page><nameUrl value="CodeSystem-cs-thcc-ncd-fbs-method.html"/><title value="รหัสวิธีการตรวจน้ำตาลในเลือด"/><generation value="generated"/></page><page><nameUrl value="CodeSystem-cs-thcc-ncd-foot-exam.html"/><title value="รหัสตรวจเท้า"/><generation value="generated"/></page><page><nameUrl value="CodeSystem-cs-thcc-ncd-retina-exam.html"/><title value="รหัสตรวจจอประสาทตา"/><generation value="generated"/></page><page><nameUrl value="CodeSystem-cs-thcc-ncd-smoking.html"/><title value="รหัสประวัติสูบบุหรี่"/><generation value="generated"/></page><page><nameUrl value="CodeSystem-cs-thcc-ncd-status.html"/><title value="สถานะการเป็นผู้ป่วยโรคเรื้อรัง"/><generation value="generated"/></page><page><nameUrl value="CodeSystem-cs-thcc-no-contraceptive.html"/><title value="รหัสสาเหตุที่ไม่คุมกำเนิด"/><generation value="generated"/></page><page><nameUrl value="CodeSystem-cs-thcc-occupation.html"/><title value="ชุดรหัสอาชีพ"/><generation value="generated"/></page><page><nameUrl value="CodeSystem-cs-thcc-participant-type.html"/><title value="ประเภทแพทย์เพิ่มเติม"/><generation value="generated"/></page><page><nameUrl value="CodeSystem-cs-thcc-patient-location-type.html"/><title value="รหัสที่ตั้งของที่อยู่ผู้รับบริการ"/><generation value="generated"/></page><page><nameUrl value="CodeSystem-cs-thcc-person-status.html"/><title value="สถานะบุคคล"/><generation value="generated"/></page><page><nameUrl value="CodeSystem-cs-thcc-pid-remove-reason.html"/><title value="สถานะ/สาเหตุการจำหน่าย"/><generation value="generated"/></page><page><nameUrl value="CodeSystem-cs-thcc-postnatal-breastfeeding.html"/><title value="รหัสการไหลของน้ำนมหลังคลอด"/><generation value="generated"/></page><page><nameUrl value="CodeSystem-cs-thcc-postnatal-mens.html"/><title value="รหัสประจำเดือนหลังคลอด"/><generation value="generated"/></page><page><nameUrl value="CodeSystem-cs-thcc-postnatal-perineum.html"/><title value="รหัสการตรวจฝีเย็บหลังคลอด"/><generation value="generated"/></page><page><nameUrl value="CodeSystem-cs-thcc-pregnancy-outcome.html"/><title value="รหัสผลการสิ้นสุดการตั้งครรภ์"/><generation value="generated"/></page><page><nameUrl value="CodeSystem-cs-thcc-provider-type.html"/><title value="รหัสประเภทสถานพยาบาลที่รักษา"/><generation value="generated"/></page><page><nameUrl value="CodeSystem-cs-thcc-provider-type-coverage.html"/><title value="ประเภทสถานพยาบาล ตามสิทธิการรักษา"/><generation value="generated"/></page><page><nameUrl value="CodeSystem-cs-thcc-qn-type.html"/><title value="ชนิดแบบสอบถาม 43 แฟ้ม plus"/><generation value="generated"/></page><page><nameUrl value="CodeSystem-cs-thcc-qualification-issuer.html"/><title value="รหัสสภาวิชาชีพ"/><generation value="generated"/></page><page><nameUrl value="CodeSystem-cs-thcc-refer-outcome.html"/><title value="รหัสผลการส่งต่อไปรับบริการในสถานพยาบาลอื่น"/><generation value="generated"/></page><page><nameUrl value="CodeSystem-cs-thcc-refer-in-reason.html"/><title value="รหัสสาเหตุการส่งผู้ป่วยมารับบริการ"/><generation value="generated"/></page><page><nameUrl value="CodeSystem-cs-thcc-rehab-device.html"/><title value="รหัสกายอุปกรณ์ที่ได้รับ"/><generation value="generated"/></page><page><nameUrl value="CodeSystem-cs-thcc-rehab-service-type.html"/><title value="รหัสรหัสบริการฟื้นฟูสภาพ"/><generation value="generated"/></page><page><nameUrl value="CodeSystem-cs-thcc-religion.html"/><title value="ชุดรหัสศาสนา"/><generation value="generated"/></page><page><nameUrl value="CodeSystem-cs-thcc-screening-result.html"/><title value="รหัสผลการตรวจคัดกรองทางอนามัยแม่และเด็ก "/><generation value="generated"/></page><page><nameUrl value="CodeSystem-cs-thcc-service-hour.html"/><title value="รหัสเวลามารับบริการ"/><generation value="generated"/></page><page><nameUrl value="CodeSystem-cs-thcc-service-location.html"/><title value="รหัสสถานที่รับบริการ"/><generation value="generated"/></page><page><nameUrl value="CodeSystem-cs-thcc-service-location-type.html"/><title value="รหัสสถานที่ที่ให้บริการ"/><generation value="generated"/></page><page><nameUrl value="CodeSystem-cs-thcc-service-priority.html"/><title value="รหัสสถานะความฉุกเฉิน"/><generation value="generated"/></page><page><nameUrl value="CodeSystem-cs-thcc-service-type-th.html"/><title value="รหัสประเภทการให้บริการ"/><generation value="generated"/></page><page><nameUrl value="CodeSystem-cs-thcc-social-obs-type.html"/><title value="ชนิดประวัติทางสังคม"/><generation value="generated"/></page><page><nameUrl value="CodeSystem-cs-thcc-status-in-family.html"/><title value="สถานะในครอบครัว"/><generation value="generated"/></page><page><nameUrl value="CodeSystem-cs-thcc-status-in-village.html"/><title value="สถานะในชุมชน"/><generation value="generated"/></page><page><nameUrl value="CodeSystem-cs-thcc-surveillance-group.html"/><title value="รหัสกลุ่มอาการที่เฝ้าระวัง"/><generation value="generated"/></page><page><nameUrl value="CodeSystem-cs-thcc-village-area.html"/><title value="เขตที่ตั้งของหมู่บ้าน"/><generation value="generated"/></page><page><nameUrl value="CodeSystem-cs-thcc-43file-type.html"/><title value="ชุดรหัสการศึกษา ISCED 1997"/><generation value="generated"/></page><page><nameUrl value="NamingSystem-IDDopaHouseNo.html"/><title value="รหัสประจำบ้าน"/><generation value="generated"/></page><page><nameUrl value="NamingSystem-IDHcode.html"/><title value="เลขรหัสสถานพยาบาล"/><generation value="generated"/></page><page><nameUrl value="NamingSystem-IDThaiCid.html"/><title value="เลขประจำตัวประชาชนไทย"/><generation value="generated"/></page><page><nameUrl value="NamingSystem-IDThaiDentist.html"/><title value="เลขประจำตัวทันตแพทย์"/><generation value="generated"/></page><page><nameUrl value="NamingSystem-IDThaiDoctor.html"/><title value="เลขประจำตัวแพทย์"/><generation value="generated"/></page><page><nameUrl value="NamingSystem-IDThaiMedTech.html"/><title value="เลขประจำตัวนักเทคนิคการแพทย์"/><generation value="generated"/></page><page><nameUrl value="NamingSystem-IDThaiNurse.html"/><title value="เลขประจำตัวพยาบาล"/><generation value="generated"/></page><page><nameUrl value="NamingSystem-IDThaiPharmacist.html"/><title value="เลขประจำตัวเภสัชกร"/><generation value="generated"/></page><page><nameUrl value="NamingSystem-IDThaiPhysio.html"/><title value="เลขประจำตัวนักกายภาพบำบัด"/><generation value="generated"/></page><page><nameUrl value="NamingSystem-IDThaiVet.html"/><title value="เลขประจำตัวสัตวแพทย์"/><generation value="generated"/></page><page><nameUrl value="NamingSystem-IDThaiWorkPermit.html"/><title value="เลขที่ใบอนุญาตทำงานคนต่างด้าว"/><generation value="generated"/></page></page></page><parameter><code value="copyrightyear"/><value value="2022+"/></parameter><parameter><code value="releaselabel"/><value value="ci-build"/></parameter><parameter><code value="apply-publisher"/><value value="true"/></parameter><parameter><code value="apply-contact"/><value value="true"/></parameter><parameter><code value="show-inherited-invariants"/><value value="false"/></parameter><parameter><code value="autoload-resources"/><value value="true"/></parameter><parameter><code value="path-resource"/><value value="input/capabilities"/></parameter><parameter><code value="path-resource"/><value value="input/examples"/></parameter><parameter><code value="path-resource"/><value value="input/extensions"/></parameter><parameter><code value="path-resource"/><value value="input/models"/></parameter><parameter><code value="path-resource"/><value value="input/operations"/></parameter><parameter><code value="path-resource"/><value value="input/profiles"/></parameter><parameter><code value="path-resource"/><value value="input/resources"/></parameter><parameter><code value="path-resource"/><value value="input/vocabulary"/></parameter><parameter><code value="path-resource"/><value value="input/maps"/></parameter><parameter><code value="path-resource"/><value value="input/testing"/></parameter><parameter><code value="path-resource"/><value value="input/history"/></parameter><parameter><code value="path-resource"/><value value="fsh-generated/resources"/></parameter><parameter><code value="path-pages"/><value value="template/config"/></parameter><parameter><code value="path-pages"/><value value="input/images"/></parameter><parameter><code value="path-liquid"/><value value="template/liquid"/></parameter><parameter><code value="path-liquid"/><value value="input/liquid"/></parameter><parameter><code value="path-qa"/><value value="temp/qa"/></parameter><parameter><code value="path-temp"/><value value="temp/pages"/></parameter><parameter><code value="path-output"/><value value="output"/></parameter><parameter><code value="path-tx-cache"/><value value="input-cache/txcache"/></parameter><parameter><code value="path-suppressed-warnings"/><value value="input/ignoreWarnings.txt"/></parameter><parameter><code value="path-history"/><value value="https://terms.sil-th.org/history.html"/></parameter><parameter><code value="template-html"/><value value="template-page.html"/></parameter><parameter><code value="template-md"/><value value="template-page-md.html"/></parameter><parameter><code value="apply-context"/><value value="true"/></parameter><parameter><code value="apply-copyright"/><value value="true"/></parameter><parameter><code value="apply-jurisdiction"/><value value="true"/></parameter><parameter><code value="apply-license"/><value value="true"/></parameter><parameter><code value="apply-version"/><value value="true"/></parameter><parameter><code value="active-tables"/><value value="true"/></parameter><parameter><code value="fmm-definition"/><value value="http://hl7.org/fhir/versions.html#maturity"/></parameter><parameter><code value="propagate-status"/><value value="true"/></parameter><parameter><code value="excludelogbinaryformat"/><value value="true"/></parameter></definition></ImplementationGuide>