<?xml version="1.0" encoding="UTF-8"?><NamingSystem xmlns="http://hl7.org/fhir"><id value="IDThaiPharmacist"/><text><status value="generated"/><div xmlns="http://www.w3.org/1999/xhtml"><h3>Summary</h3><table class="grid"><tr><td>Defining URL</td><td>https://terms.sil-th.org/NamingSystem/IDThaiPharmacist</td></tr><tr><td>Version</td><td>0.1.0</td></tr><tr><td>Name</td><td>IDThaiPharmacist</td></tr><tr><td>Status</td><td>active</td></tr><tr><td>Definition</td><td><div><p>เลขที่ใบประกอบวิชาชีพเภสัชกรรม (Thai Pharmacist License Number)</p>
</div></td></tr></table><h3>Identifiers</h3><table class="grid"><tr><td><b>Type</b></td><td><b>Value</b></td><td><b>Preferred</b></td></tr><tr><td>URI</td><td>https://terms.sil-th.org/id/th-pharmacist-id</td><td>true</td></tr></table></div></text><url value="https://terms.sil-th.org/NamingSystem/IDThaiPharmacist"/><version value="0.1.0"/><name value="IDThaiPharmacist"/><status value="active"/><kind value="identifier"/><date value="2022-07-31T19:11:26+07:00"/><type><coding><system value="http://terminology.hl7.org/3.1.0/CodeSystem-v2-0203.html"/><code value="RPH"/><display value="Pharmacist license number"/></coding></type><description value="เลขที่ใบประกอบวิชาชีพเภสัชกรรม (Thai Pharmacist License Number)"/><jurisdiction><coding><system value="urn:iso:std:iso:3166"/><code value="TH"/></coding></jurisdiction><uniqueId><type value="uri"/><value value="https://terms.sil-th.org/id/th-pharmacist-id"/><preferred value="true"/></uniqueId></NamingSystem>