<?xml version="1.0" encoding="UTF-8"?>

<CodeSystem xmlns="http://hl7.org/fhir">
  <id value="cs-thcc-allergy-severity"/>
  <text>
    <status value="generated"/><div xmlns="http://www.w3.org/1999/xhtml"><p>This code system http://terms.sil-th.org/CodeSystem/cs-thcc-allergy-severity defines the following codes:</p><table class="codes"><tr><td style="white-space:nowrap"><b>Code</b></td><td><b>Display</b></td></tr><tr><td style="white-space:nowrap">1<a name="cs-thcc-allergy-severity-1"> </a></td><td>ไม่ร้ายแรง (Non-serious)</td></tr><tr><td style="white-space:nowrap">2<a name="cs-thcc-allergy-severity-2"> </a></td><td>ร้ายแรง - เสียชีวิต (Death)</td></tr><tr><td style="white-space:nowrap">3<a name="cs-thcc-allergy-severity-3"> </a></td><td>ร้ายแรง - อัตรายถึงชีวิต (Life-threatening)</td></tr><tr><td style="white-space:nowrap">4<a name="cs-thcc-allergy-severity-4"> </a></td><td>ร้ายแรง - ต้องเข้ารับการรักษาในโรงพยาบาล (Hospitalization-initial)</td></tr><tr><td style="white-space:nowrap">5<a name="cs-thcc-allergy-severity-5"> </a></td><td>ร้ายแรง - ทำให้เพิ่มระยะเวลาในการรักษานานขึ้น (Hospitalization-prolonged)</td></tr><tr><td style="white-space:nowrap">6<a name="cs-thcc-allergy-severity-6"> </a></td><td>ร้ายแรง - พิการ (Disability)</td></tr><tr><td style="white-space:nowrap">7<a name="cs-thcc-allergy-severity-7"> </a></td><td>ร้ายแรง - เป็นเหตุให้เกิดความผิดปกติแต่กำเนิด (Congenital anomaly)</td></tr><tr><td style="white-space:nowrap">8<a name="cs-thcc-allergy-severity-8"> </a></td><td>ร้ายแรง - อื่นๆ</td></tr></table></div>
  </text>
  <url value="http://terms.sil-th.org/CodeSystem/cs-thcc-allergy-severity"/>
  <version value="0.1.0"/>
  <name value="CS_THCC_AllergySeverity"/>
  <title value="รหัสระดับความรุนแรงของการแพ้ยา"/>
  <status value="active"/>
  <date value="2022-08-16T21:51:46+07:00"/>
  <description value="รหัสระดับความรุนแรงของการแพ้ยา ซึ่งใช้ในโครงสร้างข้อมูล 43 แฟ้ม"/>
  <jurisdiction>
    <coding>
      <system value="urn:iso:std:iso:3166"/>
      <code value="TH"/>
    </coding>
  </jurisdiction>
  <content value="complete"/>
  <count value="8"/>
  <concept>
    <code value="1"/>
    <display value="ไม่ร้ายแรง (Non-serious)"/>
  </concept>
  <concept>
    <code value="2"/>
    <display value="ร้ายแรง - เสียชีวิต (Death)"/>
  </concept>
  <concept>
    <code value="3"/>
    <display value="ร้ายแรง - อัตรายถึงชีวิต (Life-threatening)"/>
  </concept>
  <concept>
    <code value="4"/>
    <display value="ร้ายแรง - ต้องเข้ารับการรักษาในโรงพยาบาล (Hospitalization-initial)"/>
  </concept>
  <concept>
    <code value="5"/>
    <display value="ร้ายแรง - ทำให้เพิ่มระยะเวลาในการรักษานานขึ้น (Hospitalization-prolonged)"/>
  </concept>
  <concept>
    <code value="6"/>
    <display value="ร้ายแรง - พิการ (Disability)"/>
  </concept>
  <concept>
    <code value="7"/>
    <display value="ร้ายแรง - เป็นเหตุให้เกิดความผิดปกติแต่กำเนิด (Congenital anomaly)"/>
  </concept>
  <concept>
    <code value="8"/>
    <display value="ร้ายแรง - อื่นๆ"/>
  </concept>
</CodeSystem>