<?xml version="1.0" encoding="UTF-8"?>

<CodeSystem xmlns="http://hl7.org/fhir">
  <id value="cs-thcc-ipd-journey"/>
  <text>
    <status value="generated"/><div xmlns="http://www.w3.org/1999/xhtml"><p>This code system http://terms.sil-th.org/CodeSystem/cs-thcc-ipd-journey defines the following codes:</p><table class="codes"><tr><td style="white-space:nowrap"><b>Code</b></td><td><b>Display</b></td></tr><tr><td style="white-space:nowrap">first<a name="cs-thcc-ipd-journey-first"> </a></td><td>รหัสแผนกที่รับผู้ป่วย</td></tr><tr><td style="white-space:nowrap">admit<a name="cs-thcc-ipd-journey-admit"> </a></td><td>รหัสแผนกที่ส่งผู้ป่วยให้เป็นผู้ป่วยใน (admit clinic)</td></tr><tr><td style="white-space:nowrap">discharge<a name="cs-thcc-ipd-journey-discharge"> </a></td><td>รหัสแผนกที่จำหน่ายผู้ป่วย (discharge clinic)</td></tr></table></div>
  </text>
  <url value="http://terms.sil-th.org/CodeSystem/cs-thcc-ipd-journey"/>
  <version value="0.1.0"/>
  <name value="CS_THCC_IpdJourney"/>
  <title value="รหัสชนิดของแผนกที่ผู้ป่วยในรับบริการ"/>
  <status value="active"/>
  <date value="2022-08-17T01:34:31+07:00"/>
  <description value="รหัสชนิดของแผนกที่ผู้ป่วยในรับบริการ เพื่อใช้ในโครงสร้างข้อมูล 43 แฟ้ม"/>
  <jurisdiction>
    <coding>
      <system value="urn:iso:std:iso:3166"/>
      <code value="TH"/>
    </coding>
  </jurisdiction>
  <content value="complete"/>
  <count value="3"/>
  <concept>
    <code value="first"/>
    <display value="รหัสแผนกที่รับผู้ป่วย"/>
  </concept>
  <concept>
    <code value="admit"/>
    <display value="รหัสแผนกที่ส่งผู้ป่วยให้เป็นผู้ป่วยใน (admit clinic)"/>
  </concept>
  <concept>
    <code value="discharge"/>
    <display value="รหัสแผนกที่จำหน่ายผู้ป่วย (discharge clinic)"/>
  </concept>
</CodeSystem>