<?xml version="1.0" encoding="UTF-8"?>

<CodeSystem xmlns="http://hl7.org/fhir">
  <id value="cs-thcc-disability-reason"/>
  <text>
    <status value="generated"/><div xmlns="http://www.w3.org/1999/xhtml"><p>This code system https://terms.sil-th.org/CodeSystem/cs-thcc-disability-reason defines the following codes:</p><table class="codes"><tr><td style="white-space:nowrap"><b>Code</b></td><td><b>Display</b></td></tr><tr><td style="white-space:nowrap">1<a name="cs-thcc-disability-reason-1"> </a></td><td>ความพิการแต่กำเนิด</td></tr><tr><td style="white-space:nowrap">2<a name="cs-thcc-disability-reason-2"> </a></td><td>ความพิการจากการบาดเจ็บ</td></tr><tr><td style="white-space:nowrap">3<a name="cs-thcc-disability-reason-3"> </a></td><td>ความพิการจากโรค</td></tr></table></div>
  </text>
  <url value="https://terms.sil-th.org/CodeSystem/cs-thcc-disability-reason"/>
  <version value="0.1.0"/>
  <name value="CS_THCC_DisabilityReason"/>
  <title value="รหัสสาเหตุความพิการ"/>
  <status value="active"/>
  <date value="2022-08-15T02:16:31+07:00"/>
  <description value="รหัสสาเหตุความพิการ จาก THCC ซึ่งใช้ในโครงสร้างข้อมูล 43 แฟ้ม"/>
  <jurisdiction>
    <coding>
      <system value="urn:iso:std:iso:3166"/>
      <code value="TH"/>
    </coding>
  </jurisdiction>
  <content value="complete"/>
  <count value="3"/>
  <concept>
    <code value="1"/>
    <display value="ความพิการแต่กำเนิด"/>
  </concept>
  <concept>
    <code value="2"/>
    <display value="ความพิการจากการบาดเจ็บ"/>
  </concept>
  <concept>
    <code value="3"/>
    <display value="ความพิการจากโรค"/>
  </concept>
</CodeSystem>