<?xml version="1.0" encoding="UTF-8"?>

<CodeSystem xmlns="http://hl7.org/fhir">
  <id value="cs-thcc-misc-pregnancy-obs"/>
  <text>
    <status value="generated"/><div xmlns="http://www.w3.org/1999/xhtml"><p>This code system http://terms.sil-th.org/CodeSystem/cs-thcc-misc-pregnancy-obs defines the following codes:</p><table class="codes"><tr><td style="white-space:nowrap"><b>Code</b></td><td><b>Display</b></td></tr><tr><td style="white-space:nowrap">ancperiod<a name="cs-thcc-misc-pregnancy-obs-ancperiod"> </a></td><td>ช่วงของการ ANC ตามโครงสร้างข้อมูล 43 แฟ้ม แฟ้ม ANC</td></tr></table></div>
  </text>
  <url value="http://terms.sil-th.org/CodeSystem/cs-thcc-misc-pregnancy-obs"/>
  <version value="0.1.0"/>
  <name value="CS_THCC_MiscPregnancyObs"/>
  <title value="รหัสการตรวจอื่น ๆ เกี่ยวกับอนามัยแม่และเด็ก"/>
  <status value="active"/>
  <date value="2022-08-15T02:16:31+07:00"/>
  <description value="รหัสการตรวจอื่น ๆ เกี่ยวกับอนามัยแม่และเด็กที่ไม่มี LOINC code เพื่อใช้ประกอบโครงสร้างข้อมูล 43 แฟ้ม"/>
  <jurisdiction>
    <coding>
      <system value="urn:iso:std:iso:3166"/>
      <code value="TH"/>
    </coding>
  </jurisdiction>
  <content value="complete"/>
  <count value="1"/>
  <concept>
    <code value="ancperiod"/>
    <display value="ช่วงของการ ANC ตามโครงสร้างข้อมูล 43 แฟ้ม แฟ้ม ANC"/>
  </concept>
</CodeSystem>