<?xml version="1.0" encoding="UTF-8"?>

<CodeSystem xmlns="http://hl7.org/fhir">
  <id value="cs-thcc-postnatal-perineum"/>
  <text>
    <status value="generated"/><div xmlns="http://www.w3.org/1999/xhtml"><p>This code system http://terms.sil-th.org/CodeSystem/cs-thcc-postnatal-perineum defines the following codes:</p><table class="codes"><tr><td style="white-space:nowrap"><b>Code</b></td><td><b>Display</b></td></tr><tr><td style="white-space:nowrap">1<a name="cs-thcc-postnatal-perineum-1"> </a></td><td>ปกติ</td></tr><tr><td style="white-space:nowrap">2<a name="cs-thcc-postnatal-perineum-2"> </a></td><td>มีเลือดซึม</td></tr><tr><td style="white-space:nowrap">3<a name="cs-thcc-postnatal-perineum-3"> </a></td><td>มีแผลเป็นหนอง</td></tr><tr><td style="white-space:nowrap">4<a name="cs-thcc-postnatal-perineum-4"> </a></td><td>ผิดปกติอื่นๆ</td></tr></table></div>
  </text>
  <url value="http://terms.sil-th.org/CodeSystem/cs-thcc-postnatal-perineum"/>
  <version value="0.1.0"/>
  <name value="CS_THCC_PostnatalPerineum"/>
  <title value="รหัสการตรวจฝีเย็บหลังคลอด"/>
  <status value="active"/>
  <date value="2022-08-15T02:16:31+07:00"/>
  <description value="รหัสการตรวจฝีเย็บหลังคลอด เพื่อใช้ประกอบโครงสร้างข้อมูล 43 แฟ้ม"/>
  <jurisdiction>
    <coding>
      <system value="urn:iso:std:iso:3166"/>
      <code value="TH"/>
    </coding>
  </jurisdiction>
  <content value="complete"/>
  <count value="4"/>
  <concept>
    <code value="1"/>
    <display value="ปกติ"/>
  </concept>
  <concept>
    <code value="2"/>
    <display value="มีเลือดซึม"/>
  </concept>
  <concept>
    <code value="3"/>
    <display value="มีแผลเป็นหนอง"/>
  </concept>
  <concept>
    <code value="4"/>
    <display value="ผิดปกติอื่นๆ"/>
  </concept>
</CodeSystem>