<?xml version="1.0" encoding="UTF-8"?>

<CodeSystem xmlns="http://hl7.org/fhir">
  <id value="cs-thcc-labor-performer-role"/>
  <text>
    <status value="generated"/><div xmlns="http://www.w3.org/1999/xhtml"><p>This code system http://terms.sil-th.org/CodeSystem/cs-thcc-labor-performer-role defines the following codes:</p><table class="codes"><tr><td style="white-space:nowrap"><b>Code</b></td><td><b>Display</b></td></tr><tr><td style="white-space:nowrap">1<a name="cs-thcc-labor-performer-role-1"> </a></td><td>แพทย์</td></tr><tr><td style="white-space:nowrap">2<a name="cs-thcc-labor-performer-role-2"> </a></td><td>พยาบาล</td></tr><tr><td style="white-space:nowrap">3<a name="cs-thcc-labor-performer-role-3"> </a></td><td>เจ้าหน้าที่สาธารณสุข(ที่ไม่ใช่แพทย์ พยาบาล)</td></tr><tr><td style="white-space:nowrap">4<a name="cs-thcc-labor-performer-role-4"> </a></td><td>ผดุงครรภ์โบราณ</td></tr><tr><td style="white-space:nowrap">5<a name="cs-thcc-labor-performer-role-5"> </a></td><td>คลอดเอง</td></tr><tr><td style="white-space:nowrap">6<a name="cs-thcc-labor-performer-role-6"> </a></td><td>อื่นๆ</td></tr></table></div>
  </text>
  <url value="http://terms.sil-th.org/CodeSystem/cs-thcc-labor-performer-role"/>
  <version value="0.1.0"/>
  <name value="CS_THCC_LaborPerformerRole"/>
  <title value="รหัสประเภทของผู้ทำคลอด"/>
  <status value="active"/>
  <date value="2022-08-16T21:51:46+07:00"/>
  <description value="รหัสประเภทของผู้ทำคลอด ตามโครงสร้างข้อมูล 43 แฟ้ม"/>
  <jurisdiction>
    <coding>
      <system value="urn:iso:std:iso:3166"/>
      <code value="TH"/>
    </coding>
  </jurisdiction>
  <content value="complete"/>
  <count value="6"/>
  <concept>
    <code value="1"/>
    <display value="แพทย์"/>
  </concept>
  <concept>
    <code value="2"/>
    <display value="พยาบาล"/>
  </concept>
  <concept>
    <code value="3"/>
    <display value="เจ้าหน้าที่สาธารณสุข(ที่ไม่ใช่แพทย์ พยาบาล)"/>
  </concept>
  <concept>
    <code value="4"/>
    <display value="ผดุงครรภ์โบราณ"/>
  </concept>
  <concept>
    <code value="5"/>
    <display value="คลอดเอง"/>
  </concept>
  <concept>
    <code value="6"/>
    <display value="อื่นๆ"/>
  </concept>
</CodeSystem>