<?xml version="1.0" encoding="UTF-8"?>

<CodeSystem xmlns="http://hl7.org/fhir">
  <id value="cs-thcc-ncd-status"/>
  <text>
    <status value="generated"/><div xmlns="http://www.w3.org/1999/xhtml"><p>This code system http://terms.sil-th.org/CodeSystem/cs-thcc-ncd-status defines the following codes:</p><table class="codes"><tr><td style="white-space:nowrap"><b>Code</b></td><td><b>Display</b></td></tr><tr><td style="white-space:nowrap">1<a name="cs-thcc-ncd-status-1"> </a></td><td>เป็น</td></tr><tr><td style="white-space:nowrap">2<a name="cs-thcc-ncd-status-2"> </a></td><td>ไม่เป็น</td></tr></table></div>
  </text>
  <url value="http://terms.sil-th.org/CodeSystem/cs-thcc-ncd-status"/>
  <version value="0.1.0"/>
  <name value="CS_THCC_NcdStatus"/>
  <title value="สถานะการเป็นผู้ป่วยโรคเรื้อรัง"/>
  <status value="active"/>
  <date value="2022-08-17T01:34:31+07:00"/>
  <description value="สถานะการเป็นผู้ป่วยโรคเรื้อรัง ตามโครงสร้างข้อมูล 43 แฟ้ม"/>
  <jurisdiction>
    <coding>
      <system value="urn:iso:std:iso:3166"/>
      <code value="TH"/>
    </coding>
  </jurisdiction>
  <content value="complete"/>
  <count value="2"/>
  <concept>
    <code value="1"/>
    <display value="เป็น"/>
  </concept>
  <concept>
    <code value="2"/>
    <display value="ไม่เป็น"/>
  </concept>
</CodeSystem>