<?xml version="1.0" encoding="UTF-8"?>

<CodeSystem xmlns="http://hl7.org/fhir">
  <id value="cs-thcc-nationality"/>
  <text>
    <status value="generated"/><div xmlns="http://www.w3.org/1999/xhtml"><p>This code system https://terms.sil-th.org/CodeSystem/cs-thcc-nationality defines the following codes:</p><table class="codes"><tr><td style="white-space:nowrap"><b>Code</b></td><td><b>Display</b></td></tr><tr><td style="white-space:nowrap">002<a name="cs-thcc-nationality-002"> </a></td><td>โปรตุเกส</td></tr><tr><td style="white-space:nowrap">003<a name="cs-thcc-nationality-003"> </a></td><td>ดัตช์</td></tr><tr><td style="white-space:nowrap">004<a name="cs-thcc-nationality-004"> </a></td><td>เยอรมัน</td></tr><tr><td style="white-space:nowrap">005<a name="cs-thcc-nationality-005"> </a></td><td>ฝรั่งเศส</td></tr><tr><td style="white-space:nowrap">006<a name="cs-thcc-nationality-006"> </a></td><td>เดนมาร์ก</td></tr><tr><td style="white-space:nowrap">007<a name="cs-thcc-nationality-007"> </a></td><td>สวีเดน</td></tr><tr><td style="white-space:nowrap">008<a name="cs-thcc-nationality-008"> </a></td><td>สวิส</td></tr><tr><td style="white-space:nowrap">009<a name="cs-thcc-nationality-009"> </a></td><td>อิตาลี</td></tr><tr><td style="white-space:nowrap">010<a name="cs-thcc-nationality-010"> </a></td><td>นอร์เวย์</td></tr><tr><td style="white-space:nowrap">011<a name="cs-thcc-nationality-011"> </a></td><td>ออสเตรีย</td></tr><tr><td style="white-space:nowrap">012<a name="cs-thcc-nationality-012"> </a></td><td>ไอริช</td></tr><tr><td style="white-space:nowrap">013<a name="cs-thcc-nationality-013"> </a></td><td>ฟินแลนด์</td></tr><tr><td style="white-space:nowrap">014<a name="cs-thcc-nationality-014"> </a></td><td>เบลเยียม</td></tr><tr><td style="white-space:nowrap">015<a name="cs-thcc-nationality-015"> </a></td><td>สเปน</td></tr><tr><td style="white-space:nowrap">016<a name="cs-thcc-nationality-016"> </a></td><td>รัสเซีย</td></tr><tr><td style="white-space:nowrap">017<a name="cs-thcc-nationality-017"> </a></td><td>โปแลนด์</td></tr><tr><td style="white-space:nowrap">018<a name="cs-thcc-nationality-018"> </a></td><td>เช็ก</td></tr><tr><td style="white-space:nowrap">019<a name="cs-thcc-nationality-019"> </a></td><td>ฮังการี</td></tr><tr><td style="white-space:nowrap">020<a name="cs-thcc-nationality-020"> </a></td><td>กรีก</td></tr><tr><td style="white-space:nowrap">021<a name="cs-thcc-nationality-021"> </a></td><td>ยูโกสลาฟ</td></tr><tr><td style="white-space:nowrap">022<a name="cs-thcc-nationality-022"> </a></td><td>ลักเซมเบิร์ก</td></tr><tr><td style="white-space:nowrap">023<a name="cs-thcc-nationality-023"> </a></td><td>วาติกัน</td></tr><tr><td style="white-space:nowrap">024<a name="cs-thcc-nationality-024"> </a></td><td>มอลตา</td></tr><tr><td style="white-space:nowrap">025<a name="cs-thcc-nationality-025"> </a></td><td>ลีซู</td></tr><tr><td style="white-space:nowrap">026<a name="cs-thcc-nationality-026"> </a></td><td>บัลแกเรีย</td></tr><tr><td style="white-space:nowrap">027<a name="cs-thcc-nationality-027"> </a></td><td>โรมาเนีย</td></tr><tr><td style="white-space:nowrap">028<a name="cs-thcc-nationality-028"> </a></td><td>ไซปรัส</td></tr><tr><td style="white-space:nowrap">029<a name="cs-thcc-nationality-029"> </a></td><td>อเมริกัน</td></tr><tr><td style="white-space:nowrap">030<a name="cs-thcc-nationality-030"> </a></td><td>แคนาดา</td></tr><tr><td style="white-space:nowrap">031<a name="cs-thcc-nationality-031"> </a></td><td>เม็กซิกัน</td></tr><tr><td style="white-space:nowrap">032<a name="cs-thcc-nationality-032"> </a></td><td>คิวบา</td></tr><tr><td style="white-space:nowrap">033<a name="cs-thcc-nationality-033"> </a></td><td>อาร์เจนตินา</td></tr><tr><td style="white-space:nowrap">034<a name="cs-thcc-nationality-034"> </a></td><td>บราซิล</td></tr><tr><td style="white-space:nowrap">035<a name="cs-thcc-nationality-035"> </a></td><td>ชิลี</td></tr><tr><td style="white-space:nowrap">036<a name="cs-thcc-nationality-036"> </a></td><td>อาข่า</td></tr><tr><td style="white-space:nowrap">037<a name="cs-thcc-nationality-037"> </a></td><td>โคลัมเบีย</td></tr><tr><td style="white-space:nowrap">038<a name="cs-thcc-nationality-038"> </a></td><td>ลั๊ว</td></tr><tr><td style="white-space:nowrap">039<a name="cs-thcc-nationality-039"> </a></td><td>เปรู</td></tr><tr><td style="white-space:nowrap">040<a name="cs-thcc-nationality-040"> </a></td><td>ปานามา</td></tr><tr><td style="white-space:nowrap">041<a name="cs-thcc-nationality-041"> </a></td><td>อุรุกวัย</td></tr><tr><td style="white-space:nowrap">042<a name="cs-thcc-nationality-042"> </a></td><td>เวเนซุเอลา</td></tr><tr><td style="white-space:nowrap">043<a name="cs-thcc-nationality-043"> </a></td><td>เปอร์โตริโก้ (ยกเลิก)</td></tr><tr><td style="white-space:nowrap">044<a name="cs-thcc-nationality-044"> </a></td><td>จีน</td></tr><tr><td style="white-space:nowrap">045<a name="cs-thcc-nationality-045"> </a></td><td>อินเดีย</td></tr><tr><td style="white-space:nowrap">046<a name="cs-thcc-nationality-046"> </a></td><td>เวียดนาม</td></tr><tr><td style="white-space:nowrap">047<a name="cs-thcc-nationality-047"> </a></td><td>ญี่ปุ่น</td></tr><tr><td style="white-space:nowrap">048<a name="cs-thcc-nationality-048"> </a></td><td>เมียนมา</td></tr><tr><td style="white-space:nowrap">049<a name="cs-thcc-nationality-049"> </a></td><td>ฟิลิปปิน</td></tr><tr><td style="white-space:nowrap">050<a name="cs-thcc-nationality-050"> </a></td><td>มาเลเซีย</td></tr><tr><td style="white-space:nowrap">051<a name="cs-thcc-nationality-051"> </a></td><td>อินโดนีเซีย</td></tr><tr><td style="white-space:nowrap">052<a name="cs-thcc-nationality-052"> </a></td><td>ปากีสถาน</td></tr><tr><td style="white-space:nowrap">053<a name="cs-thcc-nationality-053"> </a></td><td>เกาหลีใต้</td></tr><tr><td style="white-space:nowrap">054<a name="cs-thcc-nationality-054"> </a></td><td>สิงคโปร์</td></tr><tr><td style="white-space:nowrap">055<a name="cs-thcc-nationality-055"> </a></td><td>เนปาล</td></tr><tr><td style="white-space:nowrap">056<a name="cs-thcc-nationality-056"> </a></td><td>ลาว</td></tr><tr><td style="white-space:nowrap">057<a name="cs-thcc-nationality-057"> </a></td><td>กัมพูชา</td></tr><tr><td style="white-space:nowrap">058<a name="cs-thcc-nationality-058"> </a></td><td>ศรีลังกา</td></tr><tr><td style="white-space:nowrap">059<a name="cs-thcc-nationality-059"> </a></td><td>ซาอุดีอาระเบีย</td></tr><tr><td style="white-space:nowrap">060<a name="cs-thcc-nationality-060"> </a></td><td>อิสราเอล</td></tr><tr><td style="white-space:nowrap">061<a name="cs-thcc-nationality-061"> </a></td><td>เลบานอน</td></tr><tr><td style="white-space:nowrap">062<a name="cs-thcc-nationality-062"> </a></td><td>อิหร่าน</td></tr><tr><td style="white-space:nowrap">063<a name="cs-thcc-nationality-063"> </a></td><td>ตุรกี</td></tr><tr><td style="white-space:nowrap">064<a name="cs-thcc-nationality-064"> </a></td><td>บังกลาเทศ</td></tr><tr><td style="white-space:nowrap">065<a name="cs-thcc-nationality-065"> </a></td><td>ถูกถอนสัญชาติ</td></tr><tr><td style="white-space:nowrap">066<a name="cs-thcc-nationality-066"> </a></td><td>ซีเรีย</td></tr><tr><td style="white-space:nowrap">067<a name="cs-thcc-nationality-067"> </a></td><td>อิรัก</td></tr><tr><td style="white-space:nowrap">068<a name="cs-thcc-nationality-068"> </a></td><td>คูเวต</td></tr><tr><td style="white-space:nowrap">069<a name="cs-thcc-nationality-069"> </a></td><td>บรูไน</td></tr><tr><td style="white-space:nowrap">070<a name="cs-thcc-nationality-070"> </a></td><td>แอฟริกาใต้</td></tr><tr><td style="white-space:nowrap">071<a name="cs-thcc-nationality-071"> </a></td><td>กะเหรี่ยง</td></tr><tr><td style="white-space:nowrap">072<a name="cs-thcc-nationality-072"> </a></td><td>ลาหู่</td></tr><tr><td style="white-space:nowrap">073<a name="cs-thcc-nationality-073"> </a></td><td>เคนยา</td></tr><tr><td style="white-space:nowrap">074<a name="cs-thcc-nationality-074"> </a></td><td>อียิปต์</td></tr><tr><td style="white-space:nowrap">075<a name="cs-thcc-nationality-075"> </a></td><td>เอธิโอเปีย</td></tr><tr><td style="white-space:nowrap">076<a name="cs-thcc-nationality-076"> </a></td><td>ไนจีเรีย</td></tr><tr><td style="white-space:nowrap">077<a name="cs-thcc-nationality-077"> </a></td><td>สหรัฐอาหรับเอมิเรตส์</td></tr><tr><td style="white-space:nowrap">078<a name="cs-thcc-nationality-078"> </a></td><td>กินี</td></tr><tr><td style="white-space:nowrap">079<a name="cs-thcc-nationality-079"> </a></td><td>ออสเตรเลีย</td></tr><tr><td style="white-space:nowrap">080<a name="cs-thcc-nationality-080"> </a></td><td>นิวซีแลนด์</td></tr><tr><td style="white-space:nowrap">081<a name="cs-thcc-nationality-081"> </a></td><td>ปาปัวนิวกินี</td></tr><tr><td style="white-space:nowrap">082<a name="cs-thcc-nationality-082"> </a></td><td>ม้ง</td></tr><tr><td style="white-space:nowrap">083<a name="cs-thcc-nationality-083"> </a></td><td>เมี่ยน</td></tr><tr><td style="white-space:nowrap">084<a name="cs-thcc-nationality-084"> </a></td><td>ชาวเขาที่ไม่ได้รับสัญขาติไทย (ยกเลิก)</td></tr><tr><td style="white-space:nowrap">085<a name="cs-thcc-nationality-085"> </a></td><td>- (ฐานชุดเก่า,ใหม่ไม่มีข้อมูล)</td></tr><tr><td style="white-space:nowrap">086<a name="cs-thcc-nationality-086"> </a></td><td>จีนฮ่อ</td></tr><tr><td style="white-space:nowrap">087<a name="cs-thcc-nationality-087"> </a></td><td>จีน (อดีตทหารจีนคณะชาติ ,อดีตทหารจีนชาติ)</td></tr><tr><td style="white-space:nowrap">088<a name="cs-thcc-nationality-088"> </a></td><td>ผู้พลัดถิ่นสัญชาติพม่า</td></tr><tr><td style="white-space:nowrap">089<a name="cs-thcc-nationality-089"> </a></td><td>ผู้อพยพเชื้อสายจากกัมพูชา</td></tr><tr><td style="white-space:nowrap">090<a name="cs-thcc-nationality-090"> </a></td><td>ลาว (ลาวอพยพ)</td></tr><tr><td style="white-space:nowrap">091<a name="cs-thcc-nationality-091"> </a></td><td>เขมรอพยพ</td></tr><tr><td style="white-space:nowrap">092<a name="cs-thcc-nationality-092"> </a></td><td>ผู้อพยพอินโดจีนสัญชาติเวียดนาม (ยกเลิก  ไปใช้รหัส 046 แทน)</td></tr><tr><td style="white-space:nowrap">093<a name="cs-thcc-nationality-093"> </a></td><td>รอให้สัญชาติไทย (ยกเลิก)</td></tr><tr><td style="white-space:nowrap">094<a name="cs-thcc-nationality-094"> </a></td><td>ไทย-อิสลาม,อิสลาม-ไทย (ยกเลิก)</td></tr><tr><td style="white-space:nowrap">095<a name="cs-thcc-nationality-095"> </a></td><td>ไทย-จีน,จีน-ไทย (ยกเลิก)</td></tr><tr><td style="white-space:nowrap">096<a name="cs-thcc-nationality-096"> </a></td><td>ไร้สัญชาติ</td></tr><tr><td style="white-space:nowrap">097<a name="cs-thcc-nationality-097"> </a></td><td>อื่นๆ</td></tr><tr><td style="white-space:nowrap">098<a name="cs-thcc-nationality-098"> </a></td><td>ไม่ได้สัญชาติไทย</td></tr><tr><td style="white-space:nowrap">099<a name="cs-thcc-nationality-099"> </a></td><td>ไทย</td></tr><tr><td style="white-space:nowrap">100<a name="cs-thcc-nationality-100"> </a></td><td>อัฟกัน</td></tr><tr><td style="white-space:nowrap">101<a name="cs-thcc-nationality-101"> </a></td><td>บาห์เรน</td></tr><tr><td style="white-space:nowrap">102<a name="cs-thcc-nationality-102"> </a></td><td>ภูฏาน</td></tr><tr><td style="white-space:nowrap">103<a name="cs-thcc-nationality-103"> </a></td><td>จอร์แดน</td></tr><tr><td style="white-space:nowrap">104<a name="cs-thcc-nationality-104"> </a></td><td>เกาหลีเหนือ</td></tr><tr><td style="white-space:nowrap">105<a name="cs-thcc-nationality-105"> </a></td><td>มัลดีฟ</td></tr><tr><td style="white-space:nowrap">106<a name="cs-thcc-nationality-106"> </a></td><td>มองโกเลีย</td></tr><tr><td style="white-space:nowrap">107<a name="cs-thcc-nationality-107"> </a></td><td>โอมาน</td></tr><tr><td style="white-space:nowrap">108<a name="cs-thcc-nationality-108"> </a></td><td>กาตาร์</td></tr><tr><td style="white-space:nowrap">109<a name="cs-thcc-nationality-109"> </a></td><td>เยเมน</td></tr><tr><td style="white-space:nowrap">110<a name="cs-thcc-nationality-110"> </a></td><td>เยเมน(ใต้)** (ยกเลิก  ไปใช้รหัส 109 แทน)</td></tr><tr><td style="white-space:nowrap">111<a name="cs-thcc-nationality-111"> </a></td><td>หมู่เกาะฟิจิ</td></tr><tr><td style="white-space:nowrap">112<a name="cs-thcc-nationality-112"> </a></td><td>คิริบาส</td></tr><tr><td style="white-space:nowrap">113<a name="cs-thcc-nationality-113"> </a></td><td>นาอูรู</td></tr><tr><td style="white-space:nowrap">114<a name="cs-thcc-nationality-114"> </a></td><td>หมู่เกาะโซโลมอน</td></tr><tr><td style="white-space:nowrap">115<a name="cs-thcc-nationality-115"> </a></td><td>ตองก้า</td></tr><tr><td style="white-space:nowrap">116<a name="cs-thcc-nationality-116"> </a></td><td>ตูวาลู</td></tr><tr><td style="white-space:nowrap">117<a name="cs-thcc-nationality-117"> </a></td><td>วานูอาตู</td></tr><tr><td style="white-space:nowrap">118<a name="cs-thcc-nationality-118"> </a></td><td>ซามัว</td></tr><tr><td style="white-space:nowrap">119<a name="cs-thcc-nationality-119"> </a></td><td>แอลเบเนีย</td></tr><tr><td style="white-space:nowrap">120<a name="cs-thcc-nationality-120"> </a></td><td>อันดอร์รา</td></tr><tr><td style="white-space:nowrap">121<a name="cs-thcc-nationality-121"> </a></td><td>เยอรมนีตะวันออก** (ยกเลิก  ไปใช้รหัส 004 แทน)</td></tr><tr><td style="white-space:nowrap">122<a name="cs-thcc-nationality-122"> </a></td><td>ไอซ์แลนด์</td></tr><tr><td style="white-space:nowrap">123<a name="cs-thcc-nationality-123"> </a></td><td>ลิกเตนสไตน์</td></tr><tr><td style="white-space:nowrap">124<a name="cs-thcc-nationality-124"> </a></td><td>โมนาโก</td></tr><tr><td style="white-space:nowrap">125<a name="cs-thcc-nationality-125"> </a></td><td>ซานมารีโน</td></tr><tr><td style="white-space:nowrap">126<a name="cs-thcc-nationality-126"> </a></td><td>บริติช  (อังกฤษ, สก็อตแลนด์)</td></tr><tr><td style="white-space:nowrap">127<a name="cs-thcc-nationality-127"> </a></td><td>แอลจีเรีย</td></tr><tr><td style="white-space:nowrap">128<a name="cs-thcc-nationality-128"> </a></td><td>แองโกลา</td></tr><tr><td style="white-space:nowrap">129<a name="cs-thcc-nationality-129"> </a></td><td>เบนิน</td></tr><tr><td style="white-space:nowrap">130<a name="cs-thcc-nationality-130"> </a></td><td>บอตสวานา</td></tr><tr><td style="white-space:nowrap">131<a name="cs-thcc-nationality-131"> </a></td><td>บูร์กินาฟาโซ</td></tr><tr><td style="white-space:nowrap">132<a name="cs-thcc-nationality-132"> </a></td><td>บุรุนดี</td></tr><tr><td style="white-space:nowrap">133<a name="cs-thcc-nationality-133"> </a></td><td>แคเมอรูน</td></tr><tr><td style="white-space:nowrap">134<a name="cs-thcc-nationality-134"> </a></td><td>เคปเวิร์ด</td></tr><tr><td style="white-space:nowrap">135<a name="cs-thcc-nationality-135"> </a></td><td>แอฟริกากลาง</td></tr><tr><td style="white-space:nowrap">136<a name="cs-thcc-nationality-136"> </a></td><td>ชาด</td></tr><tr><td style="white-space:nowrap">137<a name="cs-thcc-nationality-137"> </a></td><td>คอโมโรส</td></tr><tr><td style="white-space:nowrap">138<a name="cs-thcc-nationality-138"> </a></td><td>คองโก</td></tr><tr><td style="white-space:nowrap">139<a name="cs-thcc-nationality-139"> </a></td><td>ไอโวเรี่ยน</td></tr><tr><td style="white-space:nowrap">140<a name="cs-thcc-nationality-140"> </a></td><td>จิบูตี</td></tr><tr><td style="white-space:nowrap">141<a name="cs-thcc-nationality-141"> </a></td><td>อิเควทอเรียลกินี</td></tr><tr><td style="white-space:nowrap">142<a name="cs-thcc-nationality-142"> </a></td><td>กาบอง</td></tr><tr><td style="white-space:nowrap">143<a name="cs-thcc-nationality-143"> </a></td><td>แกมเบีย</td></tr><tr><td style="white-space:nowrap">144<a name="cs-thcc-nationality-144"> </a></td><td>กานา</td></tr><tr><td style="white-space:nowrap">145<a name="cs-thcc-nationality-145"> </a></td><td>กินีบีสเซา</td></tr><tr><td style="white-space:nowrap">146<a name="cs-thcc-nationality-146"> </a></td><td>เลโซโท</td></tr><tr><td style="white-space:nowrap">147<a name="cs-thcc-nationality-147"> </a></td><td>ไลบีเรีย</td></tr><tr><td style="white-space:nowrap">148<a name="cs-thcc-nationality-148"> </a></td><td>ลิเบีย</td></tr><tr><td style="white-space:nowrap">149<a name="cs-thcc-nationality-149"> </a></td><td>มาลากาซี</td></tr><tr><td style="white-space:nowrap">150<a name="cs-thcc-nationality-150"> </a></td><td>มาลาวี</td></tr><tr><td style="white-space:nowrap">151<a name="cs-thcc-nationality-151"> </a></td><td>มาลี</td></tr><tr><td style="white-space:nowrap">152<a name="cs-thcc-nationality-152"> </a></td><td>มอริเตเนีย</td></tr><tr><td style="white-space:nowrap">153<a name="cs-thcc-nationality-153"> </a></td><td>มอริเชียส</td></tr><tr><td style="white-space:nowrap">154<a name="cs-thcc-nationality-154"> </a></td><td>โมร็อกโก</td></tr><tr><td style="white-space:nowrap">155<a name="cs-thcc-nationality-155"> </a></td><td>โมซัมบิก</td></tr><tr><td style="white-space:nowrap">156<a name="cs-thcc-nationality-156"> </a></td><td>ไนเจอร์</td></tr><tr><td style="white-space:nowrap">157<a name="cs-thcc-nationality-157"> </a></td><td>รวันดา</td></tr><tr><td style="white-space:nowrap">158<a name="cs-thcc-nationality-158"> </a></td><td>เซาโตเมและปรินซิเป</td></tr><tr><td style="white-space:nowrap">159<a name="cs-thcc-nationality-159"> </a></td><td>เซเนกัล</td></tr><tr><td style="white-space:nowrap">160<a name="cs-thcc-nationality-160"> </a></td><td>เซเชลส์</td></tr><tr><td style="white-space:nowrap">161<a name="cs-thcc-nationality-161"> </a></td><td>เซียร์ราลีโอน</td></tr><tr><td style="white-space:nowrap">162<a name="cs-thcc-nationality-162"> </a></td><td>โซมาลี</td></tr><tr><td style="white-space:nowrap">163<a name="cs-thcc-nationality-163"> </a></td><td>ซูดาน</td></tr><tr><td style="white-space:nowrap">164<a name="cs-thcc-nationality-164"> </a></td><td>สวาซี</td></tr><tr><td style="white-space:nowrap">165<a name="cs-thcc-nationality-165"> </a></td><td>แทนซาเนีย</td></tr><tr><td style="white-space:nowrap">166<a name="cs-thcc-nationality-166"> </a></td><td>โตโก</td></tr><tr><td style="white-space:nowrap">167<a name="cs-thcc-nationality-167"> </a></td><td>ตูนิเซีย</td></tr><tr><td style="white-space:nowrap">168<a name="cs-thcc-nationality-168"> </a></td><td>ยูกันดา</td></tr><tr><td style="white-space:nowrap">169<a name="cs-thcc-nationality-169"> </a></td><td>ซาอีร์</td></tr><tr><td style="white-space:nowrap">170<a name="cs-thcc-nationality-170"> </a></td><td>แซมเบีย</td></tr><tr><td style="white-space:nowrap">171<a name="cs-thcc-nationality-171"> </a></td><td>ซิมบับเว</td></tr><tr><td style="white-space:nowrap">172<a name="cs-thcc-nationality-172"> </a></td><td>แอนติกาและบาร์บูดา</td></tr><tr><td style="white-space:nowrap">173<a name="cs-thcc-nationality-173"> </a></td><td>บาฮามาส</td></tr><tr><td style="white-space:nowrap">174<a name="cs-thcc-nationality-174"> </a></td><td>บาร์เบโดส</td></tr><tr><td style="white-space:nowrap">175<a name="cs-thcc-nationality-175"> </a></td><td>เบลิซ</td></tr><tr><td style="white-space:nowrap">176<a name="cs-thcc-nationality-176"> </a></td><td>คอสตาริกา</td></tr><tr><td style="white-space:nowrap">177<a name="cs-thcc-nationality-177"> </a></td><td>โดมินิกา</td></tr><tr><td style="white-space:nowrap">178<a name="cs-thcc-nationality-178"> </a></td><td>โดมินิกัน</td></tr><tr><td style="white-space:nowrap">179<a name="cs-thcc-nationality-179"> </a></td><td>เอลซัลวาดอร์</td></tr><tr><td style="white-space:nowrap">180<a name="cs-thcc-nationality-180"> </a></td><td>เกรเนดา</td></tr><tr><td style="white-space:nowrap">181<a name="cs-thcc-nationality-181"> </a></td><td>กัวเตมาลา</td></tr><tr><td style="white-space:nowrap">182<a name="cs-thcc-nationality-182"> </a></td><td>เฮติ</td></tr><tr><td style="white-space:nowrap">183<a name="cs-thcc-nationality-183"> </a></td><td>ฮอนดูรัส</td></tr><tr><td style="white-space:nowrap">184<a name="cs-thcc-nationality-184"> </a></td><td>จาเมกา</td></tr><tr><td style="white-space:nowrap">185<a name="cs-thcc-nationality-185"> </a></td><td>นิการากัว</td></tr><tr><td style="white-space:nowrap">186<a name="cs-thcc-nationality-186"> </a></td><td>เซนต์คิตส์และเนวิส</td></tr><tr><td style="white-space:nowrap">187<a name="cs-thcc-nationality-187"> </a></td><td>เซนต์ลูเซีย</td></tr><tr><td style="white-space:nowrap">188<a name="cs-thcc-nationality-188"> </a></td><td>เซนต์วินเซนต์และเกรนาดีนส์</td></tr><tr><td style="white-space:nowrap">189<a name="cs-thcc-nationality-189"> </a></td><td>ตรินิแดดและโตเบโก</td></tr><tr><td style="white-space:nowrap">190<a name="cs-thcc-nationality-190"> </a></td><td>โบลีเวีย</td></tr><tr><td style="white-space:nowrap">191<a name="cs-thcc-nationality-191"> </a></td><td>เอกวาดอร์</td></tr><tr><td style="white-space:nowrap">192<a name="cs-thcc-nationality-192"> </a></td><td>กายอานา</td></tr><tr><td style="white-space:nowrap">193<a name="cs-thcc-nationality-193"> </a></td><td>ปารากวัย</td></tr><tr><td style="white-space:nowrap">194<a name="cs-thcc-nationality-194"> </a></td><td>ซูรินาเม</td></tr><tr><td style="white-space:nowrap">195<a name="cs-thcc-nationality-195"> </a></td><td>อาหรับ</td></tr><tr><td style="white-space:nowrap">196<a name="cs-thcc-nationality-196"> </a></td><td>คะฉิ่น</td></tr><tr><td style="white-space:nowrap">197<a name="cs-thcc-nationality-197"> </a></td><td>ว้า</td></tr><tr><td style="white-space:nowrap">198<a name="cs-thcc-nationality-198"> </a></td><td>ไทยใหญ่</td></tr><tr><td style="white-space:nowrap">199<a name="cs-thcc-nationality-199"> </a></td><td>ไทยลื้อ</td></tr><tr><td style="white-space:nowrap">200<a name="cs-thcc-nationality-200"> </a></td><td>ขมุ</td></tr><tr><td style="white-space:nowrap">201<a name="cs-thcc-nationality-201"> </a></td><td>ตองสู</td></tr><tr><td style="white-space:nowrap">202<a name="cs-thcc-nationality-202"> </a></td><td>เงี้ยว** (ยกเลิก)</td></tr><tr><td style="white-space:nowrap">203<a name="cs-thcc-nationality-203"> </a></td><td>ละว้า</td></tr><tr><td style="white-space:nowrap">204<a name="cs-thcc-nationality-204"> </a></td><td>แม้ว (ยกเลิก  ไปใช้รหัส 082 แทน)</td></tr><tr><td style="white-space:nowrap">205<a name="cs-thcc-nationality-205"> </a></td><td>ปะหร่อง</td></tr><tr><td style="white-space:nowrap">206<a name="cs-thcc-nationality-206"> </a></td><td>ถิ่น</td></tr><tr><td style="white-space:nowrap">207<a name="cs-thcc-nationality-207"> </a></td><td>ปะโอ</td></tr><tr><td style="white-space:nowrap">208<a name="cs-thcc-nationality-208"> </a></td><td>มอญ</td></tr><tr><td style="white-space:nowrap">209<a name="cs-thcc-nationality-209"> </a></td><td>มลาบรี</td></tr><tr><td style="white-space:nowrap">210<a name="cs-thcc-nationality-210"> </a></td><td>เฮาะ** (ยกเลิก)</td></tr><tr><td style="white-space:nowrap">211<a name="cs-thcc-nationality-211"> </a></td><td>สก็อตแลน์** (ยกเลิก  ไปใช้รหัส  126 แทน)</td></tr><tr><td style="white-space:nowrap">212<a name="cs-thcc-nationality-212"> </a></td><td>จีน (จีนฮ่ออิสระ)</td></tr><tr><td style="white-space:nowrap">213<a name="cs-thcc-nationality-213"> </a></td><td>จีนอพยพ** (ยกเลิก)</td></tr><tr><td style="white-space:nowrap">214<a name="cs-thcc-nationality-214"> </a></td><td>จีน (จีนฮ่ออพยพ)</td></tr><tr><td style="white-space:nowrap">215<a name="cs-thcc-nationality-215"> </a></td><td>ไต้หวัน** (ยกเลิก ไปใช้รหัส 220 แทน)</td></tr><tr><td style="white-space:nowrap">216<a name="cs-thcc-nationality-216"> </a></td><td>ยูเครน</td></tr><tr><td style="white-space:nowrap">217<a name="cs-thcc-nationality-217"> </a></td><td>อาณานิคมอังกฤษ** (ยกเลิก ไปใช้รหัส 126 แทน)</td></tr><tr><td style="white-space:nowrap">218<a name="cs-thcc-nationality-218"> </a></td><td>ดูไบ** (ยกเลิก ไปใช้รหัส 077 แทน)</td></tr><tr><td style="white-space:nowrap">219<a name="cs-thcc-nationality-219"> </a></td><td>จีน(ฮ่องกง)</td></tr><tr><td style="white-space:nowrap">220<a name="cs-thcc-nationality-220"> </a></td><td>จีน(ไต้หวัน)</td></tr><tr><td style="white-space:nowrap">221<a name="cs-thcc-nationality-221"> </a></td><td>โครเอเชีย</td></tr><tr><td style="white-space:nowrap">223<a name="cs-thcc-nationality-223"> </a></td><td>คาซัค</td></tr><tr><td style="white-space:nowrap">222<a name="cs-thcc-nationality-222"> </a></td><td>บริทิธ** (ยกเลิก ไปใช้รหัส 126 แทน)</td></tr><tr><td style="white-space:nowrap">224<a name="cs-thcc-nationality-224"> </a></td><td>อาร์เมเนีย</td></tr><tr><td style="white-space:nowrap">225<a name="cs-thcc-nationality-225"> </a></td><td>อาเซอร์ไบจาน</td></tr><tr><td style="white-space:nowrap">226<a name="cs-thcc-nationality-226"> </a></td><td>จอร์เจีย</td></tr><tr><td style="white-space:nowrap">227<a name="cs-thcc-nationality-227"> </a></td><td>คีร์กีซ</td></tr><tr><td style="white-space:nowrap">228<a name="cs-thcc-nationality-228"> </a></td><td>ทาจิก</td></tr><tr><td style="white-space:nowrap">229<a name="cs-thcc-nationality-229"> </a></td><td>อุซเบก</td></tr><tr><td style="white-space:nowrap">230<a name="cs-thcc-nationality-230"> </a></td><td>หมู่เกาะมาร์แชลล์</td></tr><tr><td style="white-space:nowrap">231<a name="cs-thcc-nationality-231"> </a></td><td>ไมโครนีเซีย</td></tr><tr><td style="white-space:nowrap">232<a name="cs-thcc-nationality-232"> </a></td><td>ปาเลา</td></tr><tr><td style="white-space:nowrap">233<a name="cs-thcc-nationality-233"> </a></td><td>เบลารุส</td></tr><tr><td style="white-space:nowrap">234<a name="cs-thcc-nationality-234"> </a></td><td>บอสเนียและเฮอร์เซโกวีนา</td></tr><tr><td style="white-space:nowrap">235<a name="cs-thcc-nationality-235"> </a></td><td>เติร์กเมน</td></tr><tr><td style="white-space:nowrap">236<a name="cs-thcc-nationality-236"> </a></td><td>เอสโตเนีย</td></tr><tr><td style="white-space:nowrap">237<a name="cs-thcc-nationality-237"> </a></td><td>ลัตเวีย</td></tr><tr><td style="white-space:nowrap">238<a name="cs-thcc-nationality-238"> </a></td><td>ลิทัวเนีย</td></tr><tr><td style="white-space:nowrap">239<a name="cs-thcc-nationality-239"> </a></td><td>มาซิโดเนีย</td></tr><tr><td style="white-space:nowrap">240<a name="cs-thcc-nationality-240"> </a></td><td>มอลโดวา</td></tr><tr><td style="white-space:nowrap">241<a name="cs-thcc-nationality-241"> </a></td><td>สโลวัก</td></tr><tr><td style="white-space:nowrap">242<a name="cs-thcc-nationality-242"> </a></td><td>สโลวีน</td></tr><tr><td style="white-space:nowrap">243<a name="cs-thcc-nationality-243"> </a></td><td>เอริเทรีย</td></tr><tr><td style="white-space:nowrap">244<a name="cs-thcc-nationality-244"> </a></td><td>นามิเบีย</td></tr><tr><td style="white-space:nowrap">245<a name="cs-thcc-nationality-245"> </a></td><td>โบลิเวีย</td></tr><tr><td style="white-space:nowrap">246<a name="cs-thcc-nationality-246"> </a></td><td>หมู่เกาะคุก</td></tr><tr><td style="white-space:nowrap">247<a name="cs-thcc-nationality-247"> </a></td><td>เนปาล (เนปาลอพยพ)</td></tr><tr><td style="white-space:nowrap">248<a name="cs-thcc-nationality-248"> </a></td><td>มอญ  (ผู้พลัดถิ่นสัญชาติพม่า)</td></tr><tr><td style="white-space:nowrap">249<a name="cs-thcc-nationality-249"> </a></td><td>ไทยใหญ่  (ผู้พลัดถิ่นสัญชาติพม่า)</td></tr><tr><td style="white-space:nowrap">250<a name="cs-thcc-nationality-250"> </a></td><td>เวียดนาม  (ญวนอพยพ)</td></tr><tr><td style="white-space:nowrap">251<a name="cs-thcc-nationality-251"> </a></td><td>มาเลเชีย  (อดีต จีนคอมมิวนิสต์)</td></tr><tr><td style="white-space:nowrap">252<a name="cs-thcc-nationality-252"> </a></td><td>จีน  (อดีต จีนคอมมิวนิสต์)</td></tr><tr><td style="white-space:nowrap">253<a name="cs-thcc-nationality-253"> </a></td><td>สิงคโปร์  (อดีต จีนคอมมิวนิสต์)</td></tr><tr><td style="white-space:nowrap">254<a name="cs-thcc-nationality-254"> </a></td><td>กะเหรี่ยง  (ผู้หลบหนีเข้าเมือง)</td></tr><tr><td style="white-space:nowrap">255<a name="cs-thcc-nationality-255"> </a></td><td>มอญ  (ผู้หลบหนีเข้าเมือง)</td></tr><tr><td style="white-space:nowrap">256<a name="cs-thcc-nationality-256"> </a></td><td>ไทยใหญ่  (ผู้หลบหนีเข้าเมือง)</td></tr><tr><td style="white-space:nowrap">257<a name="cs-thcc-nationality-257"> </a></td><td>กัมพูชา  (ผู้หลบหนีเข้าเมือง)</td></tr><tr><td style="white-space:nowrap">258<a name="cs-thcc-nationality-258"> </a></td><td>มอญ  (ชุมชนบนพื้นที่สูง)</td></tr><tr><td style="white-space:nowrap">259<a name="cs-thcc-nationality-259"> </a></td><td>กะเหรี่ยง  (ชุมชนบนพื้นที่สูง)</td></tr><tr><td style="white-space:nowrap">260<a name="cs-thcc-nationality-260"> </a></td><td>ปาเลสไตน์</td></tr><tr><td style="white-space:nowrap">261<a name="cs-thcc-nationality-261"> </a></td><td>ติมอร์-เลสเต</td></tr><tr><td style="white-space:nowrap">262<a name="cs-thcc-nationality-262"> </a></td><td>สละสัญชาติไทย</td></tr><tr><td style="white-space:nowrap">263<a name="cs-thcc-nationality-263"> </a></td><td>เซอร์เบีย แอนด์ มอนเตเนโกร</td></tr><tr><td style="white-space:nowrap">264<a name="cs-thcc-nationality-264"> </a></td><td>กัมพูชา(แรงงาน)</td></tr><tr><td style="white-space:nowrap">265<a name="cs-thcc-nationality-265"> </a></td><td>เมียนมา(แรงงาน)</td></tr><tr><td style="white-space:nowrap">266<a name="cs-thcc-nationality-266"> </a></td><td>ลาว(แรงงาน)</td></tr><tr><td style="white-space:nowrap">267<a name="cs-thcc-nationality-267"> </a></td><td>เซอร์เบียน</td></tr><tr><td style="white-space:nowrap">270<a name="cs-thcc-nationality-270"> </a></td><td>กาบูเวอร์ดี</td></tr><tr><td style="white-space:nowrap">271<a name="cs-thcc-nationality-271"> </a></td><td>คอซอวอ</td></tr><tr><td style="white-space:nowrap">272<a name="cs-thcc-nationality-272"> </a></td><td>เซาท์ซูดาน</td></tr><tr><td style="white-space:nowrap">268<a name="cs-thcc-nationality-268"> </a></td><td>มอนเตเนกริน</td></tr><tr><td style="white-space:nowrap">989<a name="cs-thcc-nationality-989"> </a></td><td>บุคคลที่ไม่มีสถานะทางทะเบียน</td></tr><tr><td style="white-space:nowrap">999<a name="cs-thcc-nationality-999"> </a></td><td>ไม่ระบุ</td></tr></table></div>
  </text>
  <url value="https://terms.sil-th.org/CodeSystem/cs-thcc-nationality"/>
  <version value="0.1.0"/>
  <name value="CS_THCC_Nationality"/>
  <title value="ชุดรหัสเชื้อชาติ-สัญชาติ"/>
  <status value="active"/>
  <date value="2022-08-14T01:41:38+07:00"/>
  <description value="ชุดรหัสเชื้อชาติ-สัญชาติ จาก THCC ซึ่งใช้ในโครงสร้างข้อมูล 43 แฟ้ม"/>
  <jurisdiction>
    <coding>
      <system value="urn:iso:std:iso:3166"/>
      <code value="TH"/>
    </coding>
  </jurisdiction>
  <content value="complete"/>
  <count value="272"/>
  <concept>
    <code value="002"/>
    <display value="โปรตุเกส"/>
  </concept>
  <concept>
    <code value="003"/>
    <display value="ดัตช์"/>
  </concept>
  <concept>
    <code value="004"/>
    <display value="เยอรมัน"/>
  </concept>
  <concept>
    <code value="005"/>
    <display value="ฝรั่งเศส"/>
  </concept>
  <concept>
    <code value="006"/>
    <display value="เดนมาร์ก"/>
  </concept>
  <concept>
    <code value="007"/>
    <display value="สวีเดน"/>
  </concept>
  <concept>
    <code value="008"/>
    <display value="สวิส"/>
  </concept>
  <concept>
    <code value="009"/>
    <display value="อิตาลี"/>
  </concept>
  <concept>
    <code value="010"/>
    <display value="นอร์เวย์"/>
  </concept>
  <concept>
    <code value="011"/>
    <display value="ออสเตรีย"/>
  </concept>
  <concept>
    <code value="012"/>
    <display value="ไอริช"/>
  </concept>
  <concept>
    <code value="013"/>
    <display value="ฟินแลนด์"/>
  </concept>
  <concept>
    <code value="014"/>
    <display value="เบลเยียม"/>
  </concept>
  <concept>
    <code value="015"/>
    <display value="สเปน"/>
  </concept>
  <concept>
    <code value="016"/>
    <display value="รัสเซีย"/>
  </concept>
  <concept>
    <code value="017"/>
    <display value="โปแลนด์"/>
  </concept>
  <concept>
    <code value="018"/>
    <display value="เช็ก"/>
  </concept>
  <concept>
    <code value="019"/>
    <display value="ฮังการี"/>
  </concept>
  <concept>
    <code value="020"/>
    <display value="กรีก"/>
  </concept>
  <concept>
    <code value="021"/>
    <display value="ยูโกสลาฟ"/>
  </concept>
  <concept>
    <code value="022"/>
    <display value="ลักเซมเบิร์ก"/>
  </concept>
  <concept>
    <code value="023"/>
    <display value="วาติกัน"/>
  </concept>
  <concept>
    <code value="024"/>
    <display value="มอลตา"/>
  </concept>
  <concept>
    <code value="025"/>
    <display value="ลีซู"/>
  </concept>
  <concept>
    <code value="026"/>
    <display value="บัลแกเรีย"/>
  </concept>
  <concept>
    <code value="027"/>
    <display value="โรมาเนีย"/>
  </concept>
  <concept>
    <code value="028"/>
    <display value="ไซปรัส"/>
  </concept>
  <concept>
    <code value="029"/>
    <display value="อเมริกัน"/>
  </concept>
  <concept>
    <code value="030"/>
    <display value="แคนาดา"/>
  </concept>
  <concept>
    <code value="031"/>
    <display value="เม็กซิกัน"/>
  </concept>
  <concept>
    <code value="032"/>
    <display value="คิวบา"/>
  </concept>
  <concept>
    <code value="033"/>
    <display value="อาร์เจนตินา"/>
  </concept>
  <concept>
    <code value="034"/>
    <display value="บราซิล"/>
  </concept>
  <concept>
    <code value="035"/>
    <display value="ชิลี"/>
  </concept>
  <concept>
    <code value="036"/>
    <display value="อาข่า"/>
  </concept>
  <concept>
    <code value="037"/>
    <display value="โคลัมเบีย"/>
  </concept>
  <concept>
    <code value="038"/>
    <display value="ลั๊ว"/>
  </concept>
  <concept>
    <code value="039"/>
    <display value="เปรู"/>
  </concept>
  <concept>
    <code value="040"/>
    <display value="ปานามา"/>
  </concept>
  <concept>
    <code value="041"/>
    <display value="อุรุกวัย"/>
  </concept>
  <concept>
    <code value="042"/>
    <display value="เวเนซุเอลา"/>
  </concept>
  <concept>
    <code value="043"/>
    <display value="เปอร์โตริโก้ (ยกเลิก)"/>
  </concept>
  <concept>
    <code value="044"/>
    <display value="จีน"/>
  </concept>
  <concept>
    <code value="045"/>
    <display value="อินเดีย"/>
  </concept>
  <concept>
    <code value="046"/>
    <display value="เวียดนาม"/>
  </concept>
  <concept>
    <code value="047"/>
    <display value="ญี่ปุ่น"/>
  </concept>
  <concept>
    <code value="048"/>
    <display value="เมียนมา"/>
  </concept>
  <concept>
    <code value="049"/>
    <display value="ฟิลิปปิน"/>
  </concept>
  <concept>
    <code value="050"/>
    <display value="มาเลเซีย"/>
  </concept>
  <concept>
    <code value="051"/>
    <display value="อินโดนีเซีย"/>
  </concept>
  <concept>
    <code value="052"/>
    <display value="ปากีสถาน"/>
  </concept>
  <concept>
    <code value="053"/>
    <display value="เกาหลีใต้"/>
  </concept>
  <concept>
    <code value="054"/>
    <display value="สิงคโปร์"/>
  </concept>
  <concept>
    <code value="055"/>
    <display value="เนปาล"/>
  </concept>
  <concept>
    <code value="056"/>
    <display value="ลาว"/>
  </concept>
  <concept>
    <code value="057"/>
    <display value="กัมพูชา"/>
  </concept>
  <concept>
    <code value="058"/>
    <display value="ศรีลังกา"/>
  </concept>
  <concept>
    <code value="059"/>
    <display value="ซาอุดีอาระเบีย"/>
  </concept>
  <concept>
    <code value="060"/>
    <display value="อิสราเอล"/>
  </concept>
  <concept>
    <code value="061"/>
    <display value="เลบานอน"/>
  </concept>
  <concept>
    <code value="062"/>
    <display value="อิหร่าน"/>
  </concept>
  <concept>
    <code value="063"/>
    <display value="ตุรกี"/>
  </concept>
  <concept>
    <code value="064"/>
    <display value="บังกลาเทศ"/>
  </concept>
  <concept>
    <code value="065"/>
    <display value="ถูกถอนสัญชาติ"/>
  </concept>
  <concept>
    <code value="066"/>
    <display value="ซีเรีย"/>
  </concept>
  <concept>
    <code value="067"/>
    <display value="อิรัก"/>
  </concept>
  <concept>
    <code value="068"/>
    <display value="คูเวต"/>
  </concept>
  <concept>
    <code value="069"/>
    <display value="บรูไน"/>
  </concept>
  <concept>
    <code value="070"/>
    <display value="แอฟริกาใต้"/>
  </concept>
  <concept>
    <code value="071"/>
    <display value="กะเหรี่ยง"/>
  </concept>
  <concept>
    <code value="072"/>
    <display value="ลาหู่"/>
  </concept>
  <concept>
    <code value="073"/>
    <display value="เคนยา"/>
  </concept>
  <concept>
    <code value="074"/>
    <display value="อียิปต์"/>
  </concept>
  <concept>
    <code value="075"/>
    <display value="เอธิโอเปีย"/>
  </concept>
  <concept>
    <code value="076"/>
    <display value="ไนจีเรีย"/>
  </concept>
  <concept>
    <code value="077"/>
    <display value="สหรัฐอาหรับเอมิเรตส์"/>
  </concept>
  <concept>
    <code value="078"/>
    <display value="กินี"/>
  </concept>
  <concept>
    <code value="079"/>
    <display value="ออสเตรเลีย"/>
  </concept>
  <concept>
    <code value="080"/>
    <display value="นิวซีแลนด์"/>
  </concept>
  <concept>
    <code value="081"/>
    <display value="ปาปัวนิวกินี"/>
  </concept>
  <concept>
    <code value="082"/>
    <display value="ม้ง"/>
  </concept>
  <concept>
    <code value="083"/>
    <display value="เมี่ยน"/>
  </concept>
  <concept>
    <code value="084"/>
    <display value="ชาวเขาที่ไม่ได้รับสัญขาติไทย (ยกเลิก)"/>
  </concept>
  <concept>
    <code value="085"/>
    <display value="- (ฐานชุดเก่า,ใหม่ไม่มีข้อมูล)"/>
  </concept>
  <concept>
    <code value="086"/>
    <display value="จีนฮ่อ"/>
  </concept>
  <concept>
    <code value="087"/>
    <display value="จีน (อดีตทหารจีนคณะชาติ ,อดีตทหารจีนชาติ)"/>
  </concept>
  <concept>
    <code value="088"/>
    <display value="ผู้พลัดถิ่นสัญชาติพม่า"/>
  </concept>
  <concept>
    <code value="089"/>
    <display value="ผู้อพยพเชื้อสายจากกัมพูชา"/>
  </concept>
  <concept>
    <code value="090"/>
    <display value="ลาว (ลาวอพยพ)"/>
  </concept>
  <concept>
    <code value="091"/>
    <display value="เขมรอพยพ"/>
  </concept>
  <concept>
    <code value="092"/>
    <display value="ผู้อพยพอินโดจีนสัญชาติเวียดนาม (ยกเลิก  ไปใช้รหัส 046 แทน)"/>
  </concept>
  <concept>
    <code value="093"/>
    <display value="รอให้สัญชาติไทย (ยกเลิก)"/>
  </concept>
  <concept>
    <code value="094"/>
    <display value="ไทย-อิสลาม,อิสลาม-ไทย (ยกเลิก)"/>
  </concept>
  <concept>
    <code value="095"/>
    <display value="ไทย-จีน,จีน-ไทย (ยกเลิก)"/>
  </concept>
  <concept>
    <code value="096"/>
    <display value="ไร้สัญชาติ"/>
  </concept>
  <concept>
    <code value="097"/>
    <display value="อื่นๆ"/>
  </concept>
  <concept>
    <code value="098"/>
    <display value="ไม่ได้สัญชาติไทย"/>
  </concept>
  <concept>
    <code value="099"/>
    <display value="ไทย"/>
  </concept>
  <concept>
    <code value="100"/>
    <display value="อัฟกัน"/>
  </concept>
  <concept>
    <code value="101"/>
    <display value="บาห์เรน"/>
  </concept>
  <concept>
    <code value="102"/>
    <display value="ภูฏาน"/>
  </concept>
  <concept>
    <code value="103"/>
    <display value="จอร์แดน"/>
  </concept>
  <concept>
    <code value="104"/>
    <display value="เกาหลีเหนือ"/>
  </concept>
  <concept>
    <code value="105"/>
    <display value="มัลดีฟ"/>
  </concept>
  <concept>
    <code value="106"/>
    <display value="มองโกเลีย"/>
  </concept>
  <concept>
    <code value="107"/>
    <display value="โอมาน"/>
  </concept>
  <concept>
    <code value="108"/>
    <display value="กาตาร์"/>
  </concept>
  <concept>
    <code value="109"/>
    <display value="เยเมน"/>
  </concept>
  <concept>
    <code value="110"/>
    <display value="เยเมน(ใต้)** (ยกเลิก  ไปใช้รหัส 109 แทน)"/>
  </concept>
  <concept>
    <code value="111"/>
    <display value="หมู่เกาะฟิจิ"/>
  </concept>
  <concept>
    <code value="112"/>
    <display value="คิริบาส"/>
  </concept>
  <concept>
    <code value="113"/>
    <display value="นาอูรู"/>
  </concept>
  <concept>
    <code value="114"/>
    <display value="หมู่เกาะโซโลมอน"/>
  </concept>
  <concept>
    <code value="115"/>
    <display value="ตองก้า"/>
  </concept>
  <concept>
    <code value="116"/>
    <display value="ตูวาลู"/>
  </concept>
  <concept>
    <code value="117"/>
    <display value="วานูอาตู"/>
  </concept>
  <concept>
    <code value="118"/>
    <display value="ซามัว"/>
  </concept>
  <concept>
    <code value="119"/>
    <display value="แอลเบเนีย"/>
  </concept>
  <concept>
    <code value="120"/>
    <display value="อันดอร์รา"/>
  </concept>
  <concept>
    <code value="121"/>
    <display value="เยอรมนีตะวันออก** (ยกเลิก  ไปใช้รหัส 004 แทน)"/>
  </concept>
  <concept>
    <code value="122"/>
    <display value="ไอซ์แลนด์"/>
  </concept>
  <concept>
    <code value="123"/>
    <display value="ลิกเตนสไตน์"/>
  </concept>
  <concept>
    <code value="124"/>
    <display value="โมนาโก"/>
  </concept>
  <concept>
    <code value="125"/>
    <display value="ซานมารีโน"/>
  </concept>
  <concept>
    <code value="126"/>
    <display value="บริติช  (อังกฤษ, สก็อตแลนด์)"/>
  </concept>
  <concept>
    <code value="127"/>
    <display value="แอลจีเรีย"/>
  </concept>
  <concept>
    <code value="128"/>
    <display value="แองโกลา"/>
  </concept>
  <concept>
    <code value="129"/>
    <display value="เบนิน"/>
  </concept>
  <concept>
    <code value="130"/>
    <display value="บอตสวานา"/>
  </concept>
  <concept>
    <code value="131"/>
    <display value="บูร์กินาฟาโซ"/>
  </concept>
  <concept>
    <code value="132"/>
    <display value="บุรุนดี"/>
  </concept>
  <concept>
    <code value="133"/>
    <display value="แคเมอรูน"/>
  </concept>
  <concept>
    <code value="134"/>
    <display value="เคปเวิร์ด"/>
  </concept>
  <concept>
    <code value="135"/>
    <display value="แอฟริกากลาง"/>
  </concept>
  <concept>
    <code value="136"/>
    <display value="ชาด"/>
  </concept>
  <concept>
    <code value="137"/>
    <display value="คอโมโรส"/>
  </concept>
  <concept>
    <code value="138"/>
    <display value="คองโก"/>
  </concept>
  <concept>
    <code value="139"/>
    <display value="ไอโวเรี่ยน"/>
  </concept>
  <concept>
    <code value="140"/>
    <display value="จิบูตี"/>
  </concept>
  <concept>
    <code value="141"/>
    <display value="อิเควทอเรียลกินี"/>
  </concept>
  <concept>
    <code value="142"/>
    <display value="กาบอง"/>
  </concept>
  <concept>
    <code value="143"/>
    <display value="แกมเบีย"/>
  </concept>
  <concept>
    <code value="144"/>
    <display value="กานา"/>
  </concept>
  <concept>
    <code value="145"/>
    <display value="กินีบีสเซา"/>
  </concept>
  <concept>
    <code value="146"/>
    <display value="เลโซโท"/>
  </concept>
  <concept>
    <code value="147"/>
    <display value="ไลบีเรีย"/>
  </concept>
  <concept>
    <code value="148"/>
    <display value="ลิเบีย"/>
  </concept>
  <concept>
    <code value="149"/>
    <display value="มาลากาซี"/>
  </concept>
  <concept>
    <code value="150"/>
    <display value="มาลาวี"/>
  </concept>
  <concept>
    <code value="151"/>
    <display value="มาลี"/>
  </concept>
  <concept>
    <code value="152"/>
    <display value="มอริเตเนีย"/>
  </concept>
  <concept>
    <code value="153"/>
    <display value="มอริเชียส"/>
  </concept>
  <concept>
    <code value="154"/>
    <display value="โมร็อกโก"/>
  </concept>
  <concept>
    <code value="155"/>
    <display value="โมซัมบิก"/>
  </concept>
  <concept>
    <code value="156"/>
    <display value="ไนเจอร์"/>
  </concept>
  <concept>
    <code value="157"/>
    <display value="รวันดา"/>
  </concept>
  <concept>
    <code value="158"/>
    <display value="เซาโตเมและปรินซิเป"/>
  </concept>
  <concept>
    <code value="159"/>
    <display value="เซเนกัล"/>
  </concept>
  <concept>
    <code value="160"/>
    <display value="เซเชลส์"/>
  </concept>
  <concept>
    <code value="161"/>
    <display value="เซียร์ราลีโอน"/>
  </concept>
  <concept>
    <code value="162"/>
    <display value="โซมาลี"/>
  </concept>
  <concept>
    <code value="163"/>
    <display value="ซูดาน"/>
  </concept>
  <concept>
    <code value="164"/>
    <display value="สวาซี"/>
  </concept>
  <concept>
    <code value="165"/>
    <display value="แทนซาเนีย"/>
  </concept>
  <concept>
    <code value="166"/>
    <display value="โตโก"/>
  </concept>
  <concept>
    <code value="167"/>
    <display value="ตูนิเซีย"/>
  </concept>
  <concept>
    <code value="168"/>
    <display value="ยูกันดา"/>
  </concept>
  <concept>
    <code value="169"/>
    <display value="ซาอีร์"/>
  </concept>
  <concept>
    <code value="170"/>
    <display value="แซมเบีย"/>
  </concept>
  <concept>
    <code value="171"/>
    <display value="ซิมบับเว"/>
  </concept>
  <concept>
    <code value="172"/>
    <display value="แอนติกาและบาร์บูดา"/>
  </concept>
  <concept>
    <code value="173"/>
    <display value="บาฮามาส"/>
  </concept>
  <concept>
    <code value="174"/>
    <display value="บาร์เบโดส"/>
  </concept>
  <concept>
    <code value="175"/>
    <display value="เบลิซ"/>
  </concept>
  <concept>
    <code value="176"/>
    <display value="คอสตาริกา"/>
  </concept>
  <concept>
    <code value="177"/>
    <display value="โดมินิกา"/>
  </concept>
  <concept>
    <code value="178"/>
    <display value="โดมินิกัน"/>
  </concept>
  <concept>
    <code value="179"/>
    <display value="เอลซัลวาดอร์"/>
  </concept>
  <concept>
    <code value="180"/>
    <display value="เกรเนดา"/>
  </concept>
  <concept>
    <code value="181"/>
    <display value="กัวเตมาลา"/>
  </concept>
  <concept>
    <code value="182"/>
    <display value="เฮติ"/>
  </concept>
  <concept>
    <code value="183"/>
    <display value="ฮอนดูรัส"/>
  </concept>
  <concept>
    <code value="184"/>
    <display value="จาเมกา"/>
  </concept>
  <concept>
    <code value="185"/>
    <display value="นิการากัว"/>
  </concept>
  <concept>
    <code value="186"/>
    <display value="เซนต์คิตส์และเนวิส"/>
  </concept>
  <concept>
    <code value="187"/>
    <display value="เซนต์ลูเซีย"/>
  </concept>
  <concept>
    <code value="188"/>
    <display value="เซนต์วินเซนต์และเกรนาดีนส์"/>
  </concept>
  <concept>
    <code value="189"/>
    <display value="ตรินิแดดและโตเบโก"/>
  </concept>
  <concept>
    <code value="190"/>
    <display value="โบลีเวีย"/>
  </concept>
  <concept>
    <code value="191"/>
    <display value="เอกวาดอร์"/>
  </concept>
  <concept>
    <code value="192"/>
    <display value="กายอานา"/>
  </concept>
  <concept>
    <code value="193"/>
    <display value="ปารากวัย"/>
  </concept>
  <concept>
    <code value="194"/>
    <display value="ซูรินาเม"/>
  </concept>
  <concept>
    <code value="195"/>
    <display value="อาหรับ"/>
  </concept>
  <concept>
    <code value="196"/>
    <display value="คะฉิ่น"/>
  </concept>
  <concept>
    <code value="197"/>
    <display value="ว้า"/>
  </concept>
  <concept>
    <code value="198"/>
    <display value="ไทยใหญ่"/>
  </concept>
  <concept>
    <code value="199"/>
    <display value="ไทยลื้อ"/>
  </concept>
  <concept>
    <code value="200"/>
    <display value="ขมุ"/>
  </concept>
  <concept>
    <code value="201"/>
    <display value="ตองสู"/>
  </concept>
  <concept>
    <code value="202"/>
    <display value="เงี้ยว** (ยกเลิก)"/>
  </concept>
  <concept>
    <code value="203"/>
    <display value="ละว้า"/>
  </concept>
  <concept>
    <code value="204"/>
    <display value="แม้ว (ยกเลิก  ไปใช้รหัส 082 แทน)"/>
  </concept>
  <concept>
    <code value="205"/>
    <display value="ปะหร่อง"/>
  </concept>
  <concept>
    <code value="206"/>
    <display value="ถิ่น"/>
  </concept>
  <concept>
    <code value="207"/>
    <display value="ปะโอ"/>
  </concept>
  <concept>
    <code value="208"/>
    <display value="มอญ"/>
  </concept>
  <concept>
    <code value="209"/>
    <display value="มลาบรี"/>
  </concept>
  <concept>
    <code value="210"/>
    <display value="เฮาะ** (ยกเลิก)"/>
  </concept>
  <concept>
    <code value="211"/>
    <display value="สก็อตแลน์** (ยกเลิก  ไปใช้รหัส  126 แทน)"/>
  </concept>
  <concept>
    <code value="212"/>
    <display value="จีน (จีนฮ่ออิสระ)"/>
  </concept>
  <concept>
    <code value="213"/>
    <display value="จีนอพยพ** (ยกเลิก)"/>
  </concept>
  <concept>
    <code value="214"/>
    <display value="จีน (จีนฮ่ออพยพ)"/>
  </concept>
  <concept>
    <code value="215"/>
    <display value="ไต้หวัน** (ยกเลิก ไปใช้รหัส 220 แทน)"/>
  </concept>
  <concept>
    <code value="216"/>
    <display value="ยูเครน"/>
  </concept>
  <concept>
    <code value="217"/>
    <display value="อาณานิคมอังกฤษ** (ยกเลิก ไปใช้รหัส 126 แทน)"/>
  </concept>
  <concept>
    <code value="218"/>
    <display value="ดูไบ** (ยกเลิก ไปใช้รหัส 077 แทน)"/>
  </concept>
  <concept>
    <code value="219"/>
    <display value="จีน(ฮ่องกง)"/>
  </concept>
  <concept>
    <code value="220"/>
    <display value="จีน(ไต้หวัน)"/>
  </concept>
  <concept>
    <code value="221"/>
    <display value="โครเอเชีย"/>
  </concept>
  <concept>
    <code value="223"/>
    <display value="คาซัค"/>
  </concept>
  <concept>
    <code value="222"/>
    <display value="บริทิธ** (ยกเลิก ไปใช้รหัส 126 แทน)"/>
  </concept>
  <concept>
    <code value="224"/>
    <display value="อาร์เมเนีย"/>
  </concept>
  <concept>
    <code value="225"/>
    <display value="อาเซอร์ไบจาน"/>
  </concept>
  <concept>
    <code value="226"/>
    <display value="จอร์เจีย"/>
  </concept>
  <concept>
    <code value="227"/>
    <display value="คีร์กีซ"/>
  </concept>
  <concept>
    <code value="228"/>
    <display value="ทาจิก"/>
  </concept>
  <concept>
    <code value="229"/>
    <display value="อุซเบก"/>
  </concept>
  <concept>
    <code value="230"/>
    <display value="หมู่เกาะมาร์แชลล์"/>
  </concept>
  <concept>
    <code value="231"/>
    <display value="ไมโครนีเซีย"/>
  </concept>
  <concept>
    <code value="232"/>
    <display value="ปาเลา"/>
  </concept>
  <concept>
    <code value="233"/>
    <display value="เบลารุส"/>
  </concept>
  <concept>
    <code value="234"/>
    <display value="บอสเนียและเฮอร์เซโกวีนา"/>
  </concept>
  <concept>
    <code value="235"/>
    <display value="เติร์กเมน"/>
  </concept>
  <concept>
    <code value="236"/>
    <display value="เอสโตเนีย"/>
  </concept>
  <concept>
    <code value="237"/>
    <display value="ลัตเวีย"/>
  </concept>
  <concept>
    <code value="238"/>
    <display value="ลิทัวเนีย"/>
  </concept>
  <concept>
    <code value="239"/>
    <display value="มาซิโดเนีย"/>
  </concept>
  <concept>
    <code value="240"/>
    <display value="มอลโดวา"/>
  </concept>
  <concept>
    <code value="241"/>
    <display value="สโลวัก"/>
  </concept>
  <concept>
    <code value="242"/>
    <display value="สโลวีน"/>
  </concept>
  <concept>
    <code value="243"/>
    <display value="เอริเทรีย"/>
  </concept>
  <concept>
    <code value="244"/>
    <display value="นามิเบีย"/>
  </concept>
  <concept>
    <code value="245"/>
    <display value="โบลิเวีย"/>
  </concept>
  <concept>
    <code value="246"/>
    <display value="หมู่เกาะคุก"/>
  </concept>
  <concept>
    <code value="247"/>
    <display value="เนปาล (เนปาลอพยพ)"/>
  </concept>
  <concept>
    <code value="248"/>
    <display value="มอญ  (ผู้พลัดถิ่นสัญชาติพม่า)"/>
  </concept>
  <concept>
    <code value="249"/>
    <display value="ไทยใหญ่  (ผู้พลัดถิ่นสัญชาติพม่า)"/>
  </concept>
  <concept>
    <code value="250"/>
    <display value="เวียดนาม  (ญวนอพยพ)"/>
  </concept>
  <concept>
    <code value="251"/>
    <display value="มาเลเชีย  (อดีต จีนคอมมิวนิสต์)"/>
  </concept>
  <concept>
    <code value="252"/>
    <display value="จีน  (อดีต จีนคอมมิวนิสต์)"/>
  </concept>
  <concept>
    <code value="253"/>
    <display value="สิงคโปร์  (อดีต จีนคอมมิวนิสต์)"/>
  </concept>
  <concept>
    <code value="254"/>
    <display value="กะเหรี่ยง  (ผู้หลบหนีเข้าเมือง)"/>
  </concept>
  <concept>
    <code value="255"/>
    <display value="มอญ  (ผู้หลบหนีเข้าเมือง)"/>
  </concept>
  <concept>
    <code value="256"/>
    <display value="ไทยใหญ่  (ผู้หลบหนีเข้าเมือง)"/>
  </concept>
  <concept>
    <code value="257"/>
    <display value="กัมพูชา  (ผู้หลบหนีเข้าเมือง)"/>
  </concept>
  <concept>
    <code value="258"/>
    <display value="มอญ  (ชุมชนบนพื้นที่สูง)"/>
  </concept>
  <concept>
    <code value="259"/>
    <display value="กะเหรี่ยง  (ชุมชนบนพื้นที่สูง)"/>
  </concept>
  <concept>
    <code value="260"/>
    <display value="ปาเลสไตน์"/>
  </concept>
  <concept>
    <code value="261"/>
    <display value="ติมอร์-เลสเต"/>
  </concept>
  <concept>
    <code value="262"/>
    <display value="สละสัญชาติไทย"/>
  </concept>
  <concept>
    <code value="263"/>
    <display value="เซอร์เบีย แอนด์ มอนเตเนโกร"/>
  </concept>
  <concept>
    <code value="264"/>
    <display value="กัมพูชา(แรงงาน)"/>
  </concept>
  <concept>
    <code value="265"/>
    <display value="เมียนมา(แรงงาน)"/>
  </concept>
  <concept>
    <code value="266"/>
    <display value="ลาว(แรงงาน)"/>
  </concept>
  <concept>
    <code value="267"/>
    <display value="เซอร์เบียน"/>
  </concept>
  <concept>
    <code value="270"/>
    <display value="กาบูเวอร์ดี"/>
  </concept>
  <concept>
    <code value="271"/>
    <display value="คอซอวอ"/>
  </concept>
  <concept>
    <code value="272"/>
    <display value="เซาท์ซูดาน"/>
  </concept>
  <concept>
    <code value="268"/>
    <display value="มอนเตเนกริน"/>
  </concept>
  <concept>
    <code value="989"/>
    <display value="บุคคลที่ไม่มีสถานะทางทะเบียน"/>
  </concept>
  <concept>
    <code value="999"/>
    <display value="ไม่ระบุ"/>
  </concept>
</CodeSystem>