<?xml version="1.0" encoding="UTF-8"?>

<CodeSystem xmlns="http://hl7.org/fhir">
  <id value="cs-thcc-accident-coverage"/>
  <text>
    <status value="generated"/><div xmlns="http://www.w3.org/1999/xhtml"><p>This code system http://terms.sil-th.org/CodeSystem/cs-thcc-accident-coverage defines the following codes:</p><table class="codes"><tr><td style="white-space:nowrap"><b>Code</b></td><td><b>Display</b></td></tr><tr><td style="white-space:nowrap">V<a name="cs-thcc-accident-coverage-V"> </a></td><td>ใช้ พรบ. ผู้ประสบภัยจากรถ</td></tr><tr><td style="white-space:nowrap">O<a name="cs-thcc-accident-coverage-O"> </a></td><td>ใช้ พรบ. กองทุนเงินทดแทน</td></tr><tr><td style="white-space:nowrap">B<a name="cs-thcc-accident-coverage-B"> </a></td><td>ใช้ทั้ง พรบ. ผู้ประสบภัย และ พรบ. กองทุนเงินทดแทน</td></tr></table></div>
  </text>
  <url value="http://terms.sil-th.org/CodeSystem/cs-thcc-accident-coverage"/>
  <version value="0.1.0"/>
  <name value="CS_THCC_AccidentCoverage"/>
  <title value="รหัสสิทธิการรักษาอื่นกรณีอุบัติเหตุ"/>
  <status value="active"/>
  <date value="2022-08-14T22:14:52+07:00"/>
  <description value="ใช้ระบุรหัสสิทธิการรักษาอื่นกรณีอุบัติเหตุ ตามโครงสร้างข้อมูล 43 แฟ้ม"/>
  <jurisdiction>
    <coding>
      <system value="urn:iso:std:iso:3166"/>
      <code value="TH"/>
    </coding>
  </jurisdiction>
  <content value="complete"/>
  <count value="3"/>
  <concept>
    <code value="V"/>
    <display value="ใช้ พรบ. ผู้ประสบภัยจากรถ"/>
  </concept>
  <concept>
    <code value="O"/>
    <display value="ใช้ พรบ. กองทุนเงินทดแทน"/>
  </concept>
  <concept>
    <code value="B"/>
    <display value="ใช้ทั้ง พรบ. ผู้ประสบภัย และ พรบ. กองทุนเงินทดแทน"/>
  </concept>
</CodeSystem>