<?xml version="1.0" encoding="UTF-8"?>

<CodeSystem xmlns="http://hl7.org/fhir">
  <id value="cs-thcc-vaccine-code"/>
  <text>
    <status value="generated"/><div xmlns="http://www.w3.org/1999/xhtml"><p>This code system http://terms.sil-th.org/CodeSystem/cs-thcc-vaccine-code defines the following codes:</p><table class="codes"><tr><td style="white-space:nowrap"><b>Code</b></td><td><b>Display</b></td><td><b>Definition</b></td></tr><tr><td style="white-space:nowrap">010<a name="cs-thcc-vaccine-code-010"> </a></td><td>BCG</td><td>บีซีจี</td></tr><tr><td style="white-space:nowrap">041<a name="cs-thcc-vaccine-code-041"> </a></td><td>HBV1</td><td>ตับอักเสบบี 1</td></tr><tr><td style="white-space:nowrap">042<a name="cs-thcc-vaccine-code-042"> </a></td><td>HBV2</td><td>ตับอักเสบบี 2</td></tr><tr><td style="white-space:nowrap">043<a name="cs-thcc-vaccine-code-043"> </a></td><td>HBV3</td><td>ตับอักเสบบี 3</td></tr><tr><td style="white-space:nowrap">091<a name="cs-thcc-vaccine-code-091"> </a></td><td>DTPHB 1</td><td>ดีทีพีตับอักเสบบี 1</td></tr><tr><td style="white-space:nowrap">092<a name="cs-thcc-vaccine-code-092"> </a></td><td>DTPHB 2</td><td>ดีทีพีตับอักเสบบี 2</td></tr><tr><td style="white-space:nowrap">093<a name="cs-thcc-vaccine-code-093"> </a></td><td>DTPHB 3</td><td>ดีทีพีตับอักเสบบี 3</td></tr><tr><td style="white-space:nowrap">D21<a name="cs-thcc-vaccine-code-D21"> </a></td><td>DTP-HB-Hib 1</td><td>ดีทีพีตับอักเสบบีฮิบ 1</td></tr><tr><td style="white-space:nowrap">D22<a name="cs-thcc-vaccine-code-D22"> </a></td><td>DTP-HB-Hib 2</td><td>ดีทีพีตับอักเสบบีฮิบ 2</td></tr><tr><td style="white-space:nowrap">D23<a name="cs-thcc-vaccine-code-D23"> </a></td><td>DTP-HB-Hib 3</td><td>ดีทีพีตับอักเสบบีฮิบ 3</td></tr><tr><td style="white-space:nowrap">081<a name="cs-thcc-vaccine-code-081"> </a></td><td>OPV1</td><td>โอพีวี 1</td></tr><tr><td style="white-space:nowrap">082<a name="cs-thcc-vaccine-code-082"> </a></td><td>OPV2</td><td>โอพีวี 2</td></tr><tr><td style="white-space:nowrap">083<a name="cs-thcc-vaccine-code-083"> </a></td><td>OPV3</td><td>โอพีวี 3</td></tr><tr><td style="white-space:nowrap">401<a name="cs-thcc-vaccine-code-401"> </a></td><td>IPV-P</td><td>ไอพีวี-พี</td></tr><tr><td style="white-space:nowrap">061<a name="cs-thcc-vaccine-code-061"> </a></td><td>MMR1</td><td>หัด คางทูม หัดเยอรมัน</td></tr><tr><td style="white-space:nowrap">073<a name="cs-thcc-vaccine-code-073"> </a></td><td>MMR2</td><td>หัด คางทูม หัดเยอรมัน</td></tr><tr><td style="white-space:nowrap">J11<a name="cs-thcc-vaccine-code-J11"> </a></td><td>LAJE1</td><td>เจอีเชื้อเป็น 1</td></tr><tr><td style="white-space:nowrap">J12<a name="cs-thcc-vaccine-code-J12"> </a></td><td>LAJE2</td><td>เจอีเชื้อเป็น 2</td></tr><tr><td style="white-space:nowrap">031<a name="cs-thcc-vaccine-code-031"> </a></td><td>DTP1</td><td>ดีทีพี 1</td></tr><tr><td style="white-space:nowrap">032<a name="cs-thcc-vaccine-code-032"> </a></td><td>DTP2</td><td>ดีทีพี 2</td></tr><tr><td style="white-space:nowrap">033<a name="cs-thcc-vaccine-code-033"> </a></td><td>DTP3</td><td>ดีทีพี 3</td></tr><tr><td style="white-space:nowrap">034<a name="cs-thcc-vaccine-code-034"> </a></td><td>DTP4</td><td>ดีทีพี กระตุ้น 1</td></tr><tr><td style="white-space:nowrap">035<a name="cs-thcc-vaccine-code-035"> </a></td><td>DTP5</td><td>ดีทีพี กระตุ้น 2</td></tr><tr><td style="white-space:nowrap">084<a name="cs-thcc-vaccine-code-084"> </a></td><td>OPV4</td><td>โอพีวี กระตุ้น 1</td></tr><tr><td style="white-space:nowrap">085<a name="cs-thcc-vaccine-code-085"> </a></td><td>OPV5</td><td>โอพีวี กระตุ้น 2</td></tr><tr><td style="white-space:nowrap">011<a name="cs-thcc-vaccine-code-011"> </a></td><td>BCGs</td><td>บีซีจีเอส</td></tr><tr><td style="white-space:nowrap">021<a name="cs-thcc-vaccine-code-021"> </a></td><td>dTs1</td><td>ดีทีเอส 1</td></tr><tr><td style="white-space:nowrap">022<a name="cs-thcc-vaccine-code-022"> </a></td><td>dTs2</td><td>ดีทีเอส 2</td></tr><tr><td style="white-space:nowrap">023<a name="cs-thcc-vaccine-code-023"> </a></td><td>dTs3</td><td>ดีทีเอส 3</td></tr><tr><td style="white-space:nowrap">024<a name="cs-thcc-vaccine-code-024"> </a></td><td>dTs4</td><td>ดีทีเอส 4</td></tr><tr><td style="white-space:nowrap">072<a name="cs-thcc-vaccine-code-072"> </a></td><td>MMRs</td><td>หัด คางทูม หัดเยอรมัน เอส</td></tr><tr><td style="white-space:nowrap">075<a name="cs-thcc-vaccine-code-075"> </a></td><td>MRs</td><td>หัด หัดเยอรมัน เอส</td></tr><tr><td style="white-space:nowrap">086<a name="cs-thcc-vaccine-code-086"> </a></td><td>OPVs1</td><td>โอพีวีเอส 1</td></tr><tr><td style="white-space:nowrap">087<a name="cs-thcc-vaccine-code-087"> </a></td><td>OPVs2</td><td>โอพีวีเอส 2</td></tr><tr><td style="white-space:nowrap">088<a name="cs-thcc-vaccine-code-088"> </a></td><td>OPVs3</td><td>โอพีวีเอส 3</td></tr><tr><td style="white-space:nowrap">402<a name="cs-thcc-vaccine-code-402"> </a></td><td>IPVs</td><td>ไอพีวี เอส</td></tr><tr><td style="white-space:nowrap">054<a name="cs-thcc-vaccine-code-054"> </a></td><td>LAJEs1</td><td>เจอีเชื้อเป็น เอส 1</td></tr><tr><td style="white-space:nowrap">055<a name="cs-thcc-vaccine-code-055"> </a></td><td>LAJEs2</td><td>เจอีเชื้อเป็น เอส 2</td></tr><tr><td style="white-space:nowrap">044<a name="cs-thcc-vaccine-code-044"> </a></td><td>HBVs1</td><td>ตับอักเสบบี เอส 1</td></tr><tr><td style="white-space:nowrap">045<a name="cs-thcc-vaccine-code-045"> </a></td><td>HBVs2</td><td>ตับอักเสบบี เอส 2</td></tr><tr><td style="white-space:nowrap">046<a name="cs-thcc-vaccine-code-046"> </a></td><td>HBVs3</td><td>ตับอักเสบบี เอส 3</td></tr><tr><td style="white-space:nowrap">310<a name="cs-thcc-vaccine-code-310"> </a></td><td>HPVs1</td><td>เอชพีวีเอส 1</td></tr><tr><td style="white-space:nowrap">320<a name="cs-thcc-vaccine-code-320"> </a></td><td>HPVs2</td><td>เอชพีวีเอส 2</td></tr><tr><td style="white-space:nowrap">311<a name="cs-thcc-vaccine-code-311"> </a></td><td>HPVs+</td><td>เอชพีวีเอส พลัส</td></tr><tr><td style="white-space:nowrap">051<a name="cs-thcc-vaccine-code-051"> </a></td><td>JE1</td><td>ไข้สมองอักเสบเจอี 1</td></tr><tr><td style="white-space:nowrap">052<a name="cs-thcc-vaccine-code-052"> </a></td><td>JE2</td><td>ไข้สมองอักเสบเจอี 2</td></tr><tr><td style="white-space:nowrap">053<a name="cs-thcc-vaccine-code-053"> </a></td><td>JE3</td><td>ไข้สมองอักเสบเจอี 3</td></tr><tr><td style="white-space:nowrap">074<a name="cs-thcc-vaccine-code-074"> </a></td><td>MRC</td><td>หัด หัดเยอรมัน ซี</td></tr><tr><td style="white-space:nowrap">076<a name="cs-thcc-vaccine-code-076"> </a></td><td>MMRC</td><td>หัด คางทูม หัดเยอรมัน ซี</td></tr><tr><td style="white-space:nowrap">089<a name="cs-thcc-vaccine-code-089"> </a></td><td>OPVC</td><td>โอพีวีซี</td></tr><tr><td style="white-space:nowrap">101<a name="cs-thcc-vaccine-code-101"> </a></td><td>TT</td><td>ทีที</td></tr><tr><td style="white-space:nowrap">106<a name="cs-thcc-vaccine-code-106"> </a></td><td>dT</td><td>ดีที</td></tr><tr><td style="white-space:nowrap">815<a name="cs-thcc-vaccine-code-815"> </a></td><td>Flu</td><td>ไข้หวัดใหญ่</td></tr><tr><td style="white-space:nowrap">111<a name="cs-thcc-vaccine-code-111"> </a></td><td>Rabies Vaccine 1</td><td>วัคซีนพิษสุนัขบ้า 1</td></tr><tr><td style="white-space:nowrap">112<a name="cs-thcc-vaccine-code-112"> </a></td><td>Rabies Vaccine 2</td><td>วัคซีนพิษสุนัขบ้า 2</td></tr><tr><td style="white-space:nowrap">113<a name="cs-thcc-vaccine-code-113"> </a></td><td>Rabies Vaccine 3</td><td>วัคซีนพิษสุนัขบ้า 3</td></tr><tr><td style="white-space:nowrap">114<a name="cs-thcc-vaccine-code-114"> </a></td><td>Rabies Vaccine 4</td><td>วัคซีนพิษสุนัขบ้า 4</td></tr><tr><td style="white-space:nowrap">115<a name="cs-thcc-vaccine-code-115"> </a></td><td>Rabies Vaccine 5</td><td>วัคซีนพิษสุนัขบ้า 5</td></tr><tr><td style="white-space:nowrap">R11<a name="cs-thcc-vaccine-code-R11"> </a></td><td>RV2-1</td><td>โรต้า 2-1</td></tr><tr><td style="white-space:nowrap">R12<a name="cs-thcc-vaccine-code-R12"> </a></td><td>RV2-2</td><td>โรต้า 2-2</td></tr><tr><td style="white-space:nowrap">R21<a name="cs-thcc-vaccine-code-R21"> </a></td><td>RV3-1</td><td>โรต้า 3-1</td></tr><tr><td style="white-space:nowrap">R22<a name="cs-thcc-vaccine-code-R22"> </a></td><td>RV3-2</td><td>โรต้า 3-2</td></tr><tr><td style="white-space:nowrap">R23<a name="cs-thcc-vaccine-code-R23"> </a></td><td>RV3-3</td><td>โรต้า 3-3</td></tr><tr><td style="white-space:nowrap">077<a name="cs-thcc-vaccine-code-077"> </a></td><td>MRss</td><td>หัด หัดเยอรมัน</td></tr><tr><td style="white-space:nowrap">047<a name="cs-thcc-vaccine-code-047"> </a></td><td>HBV</td><td>ตับอักเสบบี</td></tr><tr><td style="white-space:nowrap">P41<a name="cs-thcc-vaccine-code-P41"> </a></td><td>ap</td><td>เอพี</td></tr><tr><td style="white-space:nowrap">817<a name="cs-thcc-vaccine-code-817"> </a></td><td>Influenza</td><td>ไข้หวัดใหญ่</td></tr><tr><td style="white-space:nowrap">818<a name="cs-thcc-vaccine-code-818"> </a></td><td>Influenza</td><td>ไข้หวัดใหญ่</td></tr><tr><td style="white-space:nowrap">CA1<a name="cs-thcc-vaccine-code-CA1"> </a></td><td>Covid-19 (AstraZeneca)</td><td>โควิด 19 (บริษัทแอสตราเซเนกา)</td></tr><tr><td style="white-space:nowrap">CA2<a name="cs-thcc-vaccine-code-CA2"> </a></td><td>Covid-19 (AstraZeneca)</td><td>โควิด 19 (บริษัทแอสตราเซเนกา)</td></tr><tr><td style="white-space:nowrap">CS1<a name="cs-thcc-vaccine-code-CS1"> </a></td><td>Covid-19 (Sinovac)</td><td>โควิด 19 (บริษัทซิโนแวค)</td></tr><tr><td style="white-space:nowrap">CS2<a name="cs-thcc-vaccine-code-CS2"> </a></td><td>Covid-19 (Sinovac)</td><td>โควิด 19 (บริษัทซิโนแวค)</td></tr><tr><td style="white-space:nowrap">CI1<a name="cs-thcc-vaccine-code-CI1"> </a></td><td>Covid-19 (Sinopharm)</td><td>โควิด 19 (บริษัทซิโนฟาร์ม)</td></tr><tr><td style="white-space:nowrap">CI2<a name="cs-thcc-vaccine-code-CI2"> </a></td><td>Covid-19 (Sinopharm)</td><td>โควิด 19 (บริษัทซิโนฟาร์ม)</td></tr><tr><td style="white-space:nowrap">CM1<a name="cs-thcc-vaccine-code-CM1"> </a></td><td>Covid-19 (Moderna)</td><td>โควิด 19 (บริษัท Moderna)</td></tr><tr><td style="white-space:nowrap">CM2<a name="cs-thcc-vaccine-code-CM2"> </a></td><td>Covid-19 (Moderna)</td><td>โควิด 19 (บริษัท Moderna)</td></tr><tr><td style="white-space:nowrap">CP1<a name="cs-thcc-vaccine-code-CP1"> </a></td><td>Covid-19 (Pfizer)</td><td>โควิด 19 (บริษัทไฟเซอร์)</td></tr><tr><td style="white-space:nowrap">CP2<a name="cs-thcc-vaccine-code-CP2"> </a></td><td>Covid-19 (Pfizer)</td><td>โควิด 19 (บริษัทไฟเซอร์)</td></tr><tr><td style="white-space:nowrap">CJ1<a name="cs-thcc-vaccine-code-CJ1"> </a></td><td>Covid-19 (J &amp; J)</td><td>โควิด 19 (บริษัท Johnson &amp; Johnson)</td></tr><tr><td style="white-space:nowrap">CA3<a name="cs-thcc-vaccine-code-CA3"> </a></td><td>Covid-19 (AstraZeneca)</td><td>โควิด 19 (บริษัทแอสตราเซเนกา)</td></tr><tr><td style="white-space:nowrap">CS3<a name="cs-thcc-vaccine-code-CS3"> </a></td><td>Covid-19 (Sinovac)</td><td>โควิด 19 (บริษัทซิโนแวค)</td></tr><tr><td style="white-space:nowrap">CI3<a name="cs-thcc-vaccine-code-CI3"> </a></td><td>Covid-19 (Sinopharm)</td><td>โควิด 19 (บริษัทซิโนฟาร์ม)</td></tr><tr><td style="white-space:nowrap">CM3<a name="cs-thcc-vaccine-code-CM3"> </a></td><td>Covid-19 (Moderna)</td><td>โควิด 19 (บริษัท Moderna)</td></tr><tr><td style="white-space:nowrap">CP3<a name="cs-thcc-vaccine-code-CP3"> </a></td><td>Covid-19 (Pfizer)</td><td>โควิด 19 (บริษัทไฟเซอร์)</td></tr><tr><td style="white-space:nowrap">CJ2<a name="cs-thcc-vaccine-code-CJ2"> </a></td><td>Covid-19 (J &amp; J)</td><td>โควิด 19 (บริษัท Johnson &amp; Johnson)</td></tr><tr><td style="white-space:nowrap">CX1<a name="cs-thcc-vaccine-code-CX1"> </a></td><td>Covid-19 (Covaxin)</td><td>โควิด 19 (บริษัท Bharat biotech)</td></tr><tr><td style="white-space:nowrap">CX2<a name="cs-thcc-vaccine-code-CX2"> </a></td><td>Covid-19 (Covaxin)</td><td>โควิด 19 (บริษัท Bharat biotech)</td></tr><tr><td style="white-space:nowrap">CX3<a name="cs-thcc-vaccine-code-CX3"> </a></td><td>Covid-19 (Covaxin)</td><td>โควิด 19 (บริษัท Bharat biotech)</td></tr><tr><td style="white-space:nowrap">CV1<a name="cs-thcc-vaccine-code-CV1"> </a></td><td>Covid-19 (Sputnik V)</td><td>โควิด 19 (บริษัท Sputnik V)</td></tr><tr><td style="white-space:nowrap">CV2<a name="cs-thcc-vaccine-code-CV2"> </a></td><td>Covid-19 (Sputnik V)</td><td>โควิด 19 (บริษัท Sputnik V)</td></tr><tr><td style="white-space:nowrap">CV3<a name="cs-thcc-vaccine-code-CV3"> </a></td><td>Covid-19 (Sputnik V)</td><td>โควิด 19 (บริษัท Sputnik V)</td></tr><tr><td style="white-space:nowrap">CA4<a name="cs-thcc-vaccine-code-CA4"> </a></td><td>Covid-19 (AstraZeneca)</td><td>โควิด 19 (บริษัทแอสตราเซเนกา)</td></tr><tr><td style="white-space:nowrap">CS4<a name="cs-thcc-vaccine-code-CS4"> </a></td><td>Covid-19 (Sinovac)</td><td>โควิด 19 (บริษัทซิโนแวค)</td></tr><tr><td style="white-space:nowrap">CI4<a name="cs-thcc-vaccine-code-CI4"> </a></td><td>Covid-19 (Sinopharm)</td><td>โควิด 19 (บริษัทซิโนฟาร์ม)</td></tr><tr><td style="white-space:nowrap">CM4<a name="cs-thcc-vaccine-code-CM4"> </a></td><td>Covid-19 (Moderna)</td><td>โควิด 19 (บริษัท Moderna)</td></tr><tr><td style="white-space:nowrap">CP4<a name="cs-thcc-vaccine-code-CP4"> </a></td><td>Covid-19 (Pfizer)</td><td>โควิด 19 (บริษัทไฟเซอร์)</td></tr><tr><td style="white-space:nowrap">CJ3<a name="cs-thcc-vaccine-code-CJ3"> </a></td><td>Covid-19 (J &amp; J)</td><td>โควิด 19 (บริษัท Johnson &amp; Johnson)</td></tr><tr><td style="white-space:nowrap">CJ4<a name="cs-thcc-vaccine-code-CJ4"> </a></td><td>Covid-19 (J &amp; J)</td><td>โควิด 19 (บริษัท Johnson &amp; Johnson)</td></tr><tr><td style="white-space:nowrap">CX4<a name="cs-thcc-vaccine-code-CX4"> </a></td><td>Covid-19 (Covaxin)</td><td>โควิด 19 (บริษัท Bharat biotech)</td></tr><tr><td style="white-space:nowrap">CV4<a name="cs-thcc-vaccine-code-CV4"> </a></td><td>Covid-19 (Sputnik V)</td><td>โควิด 19 (บริษัท Sputnik V)</td></tr><tr><td style="white-space:nowrap">CN1<a name="cs-thcc-vaccine-code-CN1"> </a></td><td>Covid-19 (Novavax)</td><td>โควิด 19 (บริษัท Novavax Inc)</td></tr><tr><td style="white-space:nowrap">CN2<a name="cs-thcc-vaccine-code-CN2"> </a></td><td>Covid-19 (Novavax)</td><td>โควิด 19 (บริษัท Novavax Inc)</td></tr><tr><td style="white-space:nowrap">CN3<a name="cs-thcc-vaccine-code-CN3"> </a></td><td>Covid-19 (Novavax)</td><td>โควิด 19 (บริษัท Novavax Inc)</td></tr><tr><td style="white-space:nowrap">CN4<a name="cs-thcc-vaccine-code-CN4"> </a></td><td>Covid-19 (Novavax)</td><td>โควิด 19 (บริษัท Novavax Inc)</td></tr><tr><td style="white-space:nowrap">CA5<a name="cs-thcc-vaccine-code-CA5"> </a></td><td>Covid-19 (AstraZeneca)</td><td>โควิด 19 (บริษัทแอสตราเซเนกา)</td></tr><tr><td style="white-space:nowrap">CA6<a name="cs-thcc-vaccine-code-CA6"> </a></td><td>Covid-19 (AstraZeneca)</td><td>โควิด 19 (บริษัทแอสตราเซเนกา)</td></tr><tr><td style="white-space:nowrap">CI5<a name="cs-thcc-vaccine-code-CI5"> </a></td><td>Covid-19 (Sinopharm)</td><td>โควิด 19 (บริษัทซิโนฟาร์ม)</td></tr><tr><td style="white-space:nowrap">CI6<a name="cs-thcc-vaccine-code-CI6"> </a></td><td>Covid-19 (Sinopharm)</td><td>โควิด 19 (บริษัทซิโนฟาร์ม)</td></tr><tr><td style="white-space:nowrap">CJ5<a name="cs-thcc-vaccine-code-CJ5"> </a></td><td>Covid-19 (J &amp; J)</td><td>โควิด 19 (บริษัท Johnson &amp; Johnson)</td></tr><tr><td style="white-space:nowrap">CJ6<a name="cs-thcc-vaccine-code-CJ6"> </a></td><td>Covid-19 (J &amp; J)</td><td>โควิด 19 (บริษัท Johnson &amp; Johnson)</td></tr><tr><td style="white-space:nowrap">CM5<a name="cs-thcc-vaccine-code-CM5"> </a></td><td>Covid-19 (Moderna)</td><td>โควิด 19 (บริษัท Moderna)</td></tr><tr><td style="white-space:nowrap">CM6<a name="cs-thcc-vaccine-code-CM6"> </a></td><td>Covid-19 (Moderna)</td><td>โควิด 19 (บริษัท Moderna)</td></tr><tr><td style="white-space:nowrap">CN5<a name="cs-thcc-vaccine-code-CN5"> </a></td><td>Covid-19 (Novavax)</td><td>โควิด 19 (บริษัท Novavax Inc)</td></tr><tr><td style="white-space:nowrap">CN6<a name="cs-thcc-vaccine-code-CN6"> </a></td><td>Covid-19 (Novavax)</td><td>โควิด 19 (บริษัท Novavax Inc)</td></tr><tr><td style="white-space:nowrap">CP5<a name="cs-thcc-vaccine-code-CP5"> </a></td><td>Covid-19 (Pfizer)</td><td>โควิด 19 (บริษัทไฟเซอร์)</td></tr><tr><td style="white-space:nowrap">CP6<a name="cs-thcc-vaccine-code-CP6"> </a></td><td>Covid-19 (Pfizer)</td><td>โควิด 19 (บริษัทไฟเซอร์)</td></tr><tr><td style="white-space:nowrap">CS5<a name="cs-thcc-vaccine-code-CS5"> </a></td><td>Covid-19 (Sinovac)</td><td>โควิด 19 (บริษัทซิโนแวค)</td></tr><tr><td style="white-space:nowrap">CS6<a name="cs-thcc-vaccine-code-CS6"> </a></td><td>Covid-19 (Sinovac)</td><td>โควิด 19 (บริษัทซิโนแวค)</td></tr><tr><td style="white-space:nowrap">CV5<a name="cs-thcc-vaccine-code-CV5"> </a></td><td>Covid-19 (Sputnik V)</td><td>โควิด 19 (บริษัท Sputnik V)</td></tr><tr><td style="white-space:nowrap">CV6<a name="cs-thcc-vaccine-code-CV6"> </a></td><td>Covid-19 (Sputnik V)</td><td>โควิด 19 (บริษัท Sputnik V)</td></tr><tr><td style="white-space:nowrap">CX5<a name="cs-thcc-vaccine-code-CX5"> </a></td><td>Covid-19 (Covaxin)</td><td>โควิด 19 (บริษัท Bharat biotech)</td></tr><tr><td style="white-space:nowrap">CX6<a name="cs-thcc-vaccine-code-CX6"> </a></td><td>Covid-19 (Covaxin)</td><td>โควิด 19 (บริษัท Bharat biotech)</td></tr><tr><td style="white-space:nowrap">CC1<a name="cs-thcc-vaccine-code-CC1"> </a></td><td>Covid-19 (COVOVAX)</td><td>โควิด 19 (บริษัท Serum Institude of India)</td></tr><tr><td style="white-space:nowrap">CC2<a name="cs-thcc-vaccine-code-CC2"> </a></td><td>Covid-19 (COVOVAX)</td><td>โควิด 19 (บริษัท Serum Institude of India)</td></tr><tr><td style="white-space:nowrap">CC3<a name="cs-thcc-vaccine-code-CC3"> </a></td><td>Covid-19 (COVOVAX)</td><td>โควิด 19 (บริษัท Serum Institude of India)</td></tr><tr><td style="white-space:nowrap">CC4<a name="cs-thcc-vaccine-code-CC4"> </a></td><td>Covid-19 (COVOVAX)</td><td>โควิด 19 (บริษัท Serum Institude of India)</td></tr><tr><td style="white-space:nowrap">CC5<a name="cs-thcc-vaccine-code-CC5"> </a></td><td>Covid-19 (COVOVAX)</td><td>โควิด 19 (บริษัท Serum Institude of India)</td></tr><tr><td style="white-space:nowrap">CC6<a name="cs-thcc-vaccine-code-CC6"> </a></td><td>Covid-19 (COVOVAX)</td><td>โควิด 19 (บริษัท Serum Institude of India)</td></tr><tr><td style="white-space:nowrap">LB1<a name="cs-thcc-vaccine-code-LB1"> </a></td><td>Covid-19 (Evusheld)</td><td>แอนติบอดีออกฤทธิ์ยาว (บริษัทแอสตราเซเนกา)</td></tr><tr><td style="white-space:nowrap">LB2<a name="cs-thcc-vaccine-code-LB2"> </a></td><td>Covid-19 (Evusheld)</td><td>แอนติบอดีออกฤทธิ์ยาว (บริษัทแอสตราเซเนกา)</td></tr><tr><td style="white-space:nowrap">LB3<a name="cs-thcc-vaccine-code-LB3"> </a></td><td>Covid-19 (Evusheld)</td><td>แอนติบอดีออกฤทธิ์ยาว (บริษัทแอสตราเซเนกา)</td></tr></table></div>
  </text>
  <url value="http://terms.sil-th.org/CodeSystem/cs-thcc-vaccine-code"/>
  <version value="0.1.0"/>
  <name value="CS_THCC_VaccineCode"/>
  <title value="รหัสวัคซีน"/>
  <status value="active"/>
  <date value="2022-08-17T01:34:31+07:00"/>
  <description value="รหัสวัคซีน ตามโครงสร้างข้อมูล 43 แฟ้ม"/>
  <jurisdiction>
    <coding>
      <system value="urn:iso:std:iso:3166"/>
      <code value="TH"/>
    </coding>
  </jurisdiction>
  <content value="complete"/>
  <count value="131"/>
  <concept>
    <code value="010"/>
    <display value="BCG"/>
    <definition value="บีซีจี"/>
  </concept>
  <concept>
    <code value="041"/>
    <display value="HBV1"/>
    <definition value="ตับอักเสบบี 1"/>
  </concept>
  <concept>
    <code value="042"/>
    <display value="HBV2"/>
    <definition value="ตับอักเสบบี 2"/>
  </concept>
  <concept>
    <code value="043"/>
    <display value="HBV3"/>
    <definition value="ตับอักเสบบี 3"/>
  </concept>
  <concept>
    <code value="091"/>
    <display value="DTPHB 1"/>
    <definition value="ดีทีพีตับอักเสบบี 1"/>
  </concept>
  <concept>
    <code value="092"/>
    <display value="DTPHB 2"/>
    <definition value="ดีทีพีตับอักเสบบี 2"/>
  </concept>
  <concept>
    <code value="093"/>
    <display value="DTPHB 3"/>
    <definition value="ดีทีพีตับอักเสบบี 3"/>
  </concept>
  <concept>
    <code value="D21"/>
    <display value="DTP-HB-Hib 1"/>
    <definition value="ดีทีพีตับอักเสบบีฮิบ 1"/>
  </concept>
  <concept>
    <code value="D22"/>
    <display value="DTP-HB-Hib 2"/>
    <definition value="ดีทีพีตับอักเสบบีฮิบ 2"/>
  </concept>
  <concept>
    <code value="D23"/>
    <display value="DTP-HB-Hib 3"/>
    <definition value="ดีทีพีตับอักเสบบีฮิบ 3"/>
  </concept>
  <concept>
    <code value="081"/>
    <display value="OPV1"/>
    <definition value="โอพีวี 1"/>
  </concept>
  <concept>
    <code value="082"/>
    <display value="OPV2"/>
    <definition value="โอพีวี 2"/>
  </concept>
  <concept>
    <code value="083"/>
    <display value="OPV3"/>
    <definition value="โอพีวี 3"/>
  </concept>
  <concept>
    <code value="401"/>
    <display value="IPV-P"/>
    <definition value="ไอพีวี-พี"/>
  </concept>
  <concept>
    <code value="061"/>
    <display value="MMR1"/>
    <definition value="หัด คางทูม หัดเยอรมัน"/>
  </concept>
  <concept>
    <code value="073"/>
    <display value="MMR2"/>
    <definition value="หัด คางทูม หัดเยอรมัน"/>
  </concept>
  <concept>
    <code value="J11"/>
    <display value="LAJE1"/>
    <definition value="เจอีเชื้อเป็น 1"/>
  </concept>
  <concept>
    <code value="J12"/>
    <display value="LAJE2"/>
    <definition value="เจอีเชื้อเป็น 2"/>
  </concept>
  <concept>
    <code value="031"/>
    <display value="DTP1"/>
    <definition value="ดีทีพี 1"/>
  </concept>
  <concept>
    <code value="032"/>
    <display value="DTP2"/>
    <definition value="ดีทีพี 2"/>
  </concept>
  <concept>
    <code value="033"/>
    <display value="DTP3"/>
    <definition value="ดีทีพี 3"/>
  </concept>
  <concept>
    <code value="034"/>
    <display value="DTP4"/>
    <definition value="ดีทีพี กระตุ้น 1"/>
  </concept>
  <concept>
    <code value="035"/>
    <display value="DTP5"/>
    <definition value="ดีทีพี กระตุ้น 2"/>
  </concept>
  <concept>
    <code value="084"/>
    <display value="OPV4"/>
    <definition value="โอพีวี กระตุ้น 1"/>
  </concept>
  <concept>
    <code value="085"/>
    <display value="OPV5"/>
    <definition value="โอพีวี กระตุ้น 2"/>
  </concept>
  <concept>
    <code value="011"/>
    <display value="BCGs"/>
    <definition value="บีซีจีเอส"/>
  </concept>
  <concept>
    <code value="021"/>
    <display value="dTs1"/>
    <definition value="ดีทีเอส 1"/>
  </concept>
  <concept>
    <code value="022"/>
    <display value="dTs2"/>
    <definition value="ดีทีเอส 2"/>
  </concept>
  <concept>
    <code value="023"/>
    <display value="dTs3"/>
    <definition value="ดีทีเอส 3"/>
  </concept>
  <concept>
    <code value="024"/>
    <display value="dTs4"/>
    <definition value="ดีทีเอส 4"/>
  </concept>
  <concept>
    <code value="072"/>
    <display value="MMRs"/>
    <definition value="หัด คางทูม หัดเยอรมัน เอส"/>
  </concept>
  <concept>
    <code value="075"/>
    <display value="MRs"/>
    <definition value="หัด หัดเยอรมัน เอส"/>
  </concept>
  <concept>
    <code value="086"/>
    <display value="OPVs1"/>
    <definition value="โอพีวีเอส 1"/>
  </concept>
  <concept>
    <code value="087"/>
    <display value="OPVs2"/>
    <definition value="โอพีวีเอส 2"/>
  </concept>
  <concept>
    <code value="088"/>
    <display value="OPVs3"/>
    <definition value="โอพีวีเอส 3"/>
  </concept>
  <concept>
    <code value="402"/>
    <display value="IPVs"/>
    <definition value="ไอพีวี เอส"/>
  </concept>
  <concept>
    <code value="054"/>
    <display value="LAJEs1"/>
    <definition value="เจอีเชื้อเป็น เอส 1"/>
  </concept>
  <concept>
    <code value="055"/>
    <display value="LAJEs2"/>
    <definition value="เจอีเชื้อเป็น เอส 2"/>
  </concept>
  <concept>
    <code value="044"/>
    <display value="HBVs1"/>
    <definition value="ตับอักเสบบี เอส 1"/>
  </concept>
  <concept>
    <code value="045"/>
    <display value="HBVs2"/>
    <definition value="ตับอักเสบบี เอส 2"/>
  </concept>
  <concept>
    <code value="046"/>
    <display value="HBVs3"/>
    <definition value="ตับอักเสบบี เอส 3"/>
  </concept>
  <concept>
    <code value="310"/>
    <display value="HPVs1"/>
    <definition value="เอชพีวีเอส 1"/>
  </concept>
  <concept>
    <code value="320"/>
    <display value="HPVs2"/>
    <definition value="เอชพีวีเอส 2"/>
  </concept>
  <concept>
    <code value="311"/>
    <display value="HPVs+"/>
    <definition value="เอชพีวีเอส พลัส"/>
  </concept>
  <concept>
    <code value="051"/>
    <display value="JE1"/>
    <definition value="ไข้สมองอักเสบเจอี 1"/>
  </concept>
  <concept>
    <code value="052"/>
    <display value="JE2"/>
    <definition value="ไข้สมองอักเสบเจอี 2"/>
  </concept>
  <concept>
    <code value="053"/>
    <display value="JE3"/>
    <definition value="ไข้สมองอักเสบเจอี 3"/>
  </concept>
  <concept>
    <code value="074"/>
    <display value="MRC"/>
    <definition value="หัด หัดเยอรมัน ซี"/>
  </concept>
  <concept>
    <code value="076"/>
    <display value="MMRC"/>
    <definition value="หัด คางทูม หัดเยอรมัน ซี"/>
  </concept>
  <concept>
    <code value="089"/>
    <display value="OPVC"/>
    <definition value="โอพีวีซี"/>
  </concept>
  <concept>
    <code value="101"/>
    <display value="TT"/>
    <definition value="ทีที"/>
  </concept>
  <concept>
    <code value="106"/>
    <display value="dT"/>
    <definition value="ดีที"/>
  </concept>
  <concept>
    <code value="815"/>
    <display value="Flu"/>
    <definition value="ไข้หวัดใหญ่"/>
  </concept>
  <concept>
    <code value="111"/>
    <display value="Rabies Vaccine 1"/>
    <definition value="วัคซีนพิษสุนัขบ้า 1"/>
  </concept>
  <concept>
    <code value="112"/>
    <display value="Rabies Vaccine 2"/>
    <definition value="วัคซีนพิษสุนัขบ้า 2"/>
  </concept>
  <concept>
    <code value="113"/>
    <display value="Rabies Vaccine 3"/>
    <definition value="วัคซีนพิษสุนัขบ้า 3"/>
  </concept>
  <concept>
    <code value="114"/>
    <display value="Rabies Vaccine 4"/>
    <definition value="วัคซีนพิษสุนัขบ้า 4"/>
  </concept>
  <concept>
    <code value="115"/>
    <display value="Rabies Vaccine 5"/>
    <definition value="วัคซีนพิษสุนัขบ้า 5"/>
  </concept>
  <concept>
    <code value="R11"/>
    <display value="RV2-1"/>
    <definition value="โรต้า 2-1"/>
  </concept>
  <concept>
    <code value="R12"/>
    <display value="RV2-2"/>
    <definition value="โรต้า 2-2"/>
  </concept>
  <concept>
    <code value="R21"/>
    <display value="RV3-1"/>
    <definition value="โรต้า 3-1"/>
  </concept>
  <concept>
    <code value="R22"/>
    <display value="RV3-2"/>
    <definition value="โรต้า 3-2"/>
  </concept>
  <concept>
    <code value="R23"/>
    <display value="RV3-3"/>
    <definition value="โรต้า 3-3"/>
  </concept>
  <concept>
    <code value="077"/>
    <display value="MRss"/>
    <definition value="หัด หัดเยอรมัน"/>
  </concept>
  <concept>
    <code value="047"/>
    <display value="HBV"/>
    <definition value="ตับอักเสบบี"/>
  </concept>
  <concept>
    <code value="P41"/>
    <display value="ap"/>
    <definition value="เอพี"/>
  </concept>
  <concept>
    <code value="817"/>
    <display value="Influenza"/>
    <definition value="ไข้หวัดใหญ่"/>
  </concept>
  <concept>
    <code value="818"/>
    <display value="Influenza"/>
    <definition value="ไข้หวัดใหญ่"/>
  </concept>
  <concept>
    <code value="CA1"/>
    <display value="Covid-19 (AstraZeneca)"/>
    <definition value="โควิด 19 (บริษัทแอสตราเซเนกา)"/>
  </concept>
  <concept>
    <code value="CA2"/>
    <display value="Covid-19 (AstraZeneca)"/>
    <definition value="โควิด 19 (บริษัทแอสตราเซเนกา)"/>
  </concept>
  <concept>
    <code value="CS1"/>
    <display value="Covid-19 (Sinovac)"/>
    <definition value="โควิด 19 (บริษัทซิโนแวค)"/>
  </concept>
  <concept>
    <code value="CS2"/>
    <display value="Covid-19 (Sinovac)"/>
    <definition value="โควิด 19 (บริษัทซิโนแวค)"/>
  </concept>
  <concept>
    <code value="CI1"/>
    <display value="Covid-19 (Sinopharm)"/>
    <definition value="โควิด 19 (บริษัทซิโนฟาร์ม)"/>
  </concept>
  <concept>
    <code value="CI2"/>
    <display value="Covid-19 (Sinopharm)"/>
    <definition value="โควิด 19 (บริษัทซิโนฟาร์ม)"/>
  </concept>
  <concept>
    <code value="CM1"/>
    <display value="Covid-19 (Moderna)"/>
    <definition value="โควิด 19 (บริษัท Moderna)"/>
  </concept>
  <concept>
    <code value="CM2"/>
    <display value="Covid-19 (Moderna)"/>
    <definition value="โควิด 19 (บริษัท Moderna)"/>
  </concept>
  <concept>
    <code value="CP1"/>
    <display value="Covid-19 (Pfizer)"/>
    <definition value="โควิด 19 (บริษัทไฟเซอร์)"/>
  </concept>
  <concept>
    <code value="CP2"/>
    <display value="Covid-19 (Pfizer)"/>
    <definition value="โควิด 19 (บริษัทไฟเซอร์)"/>
  </concept>
  <concept>
    <code value="CJ1"/>
    <display value="Covid-19 (J &amp; J)"/>
    <definition value="โควิด 19 (บริษัท Johnson &amp; Johnson)"/>
  </concept>
  <concept>
    <code value="CA3"/>
    <display value="Covid-19 (AstraZeneca)"/>
    <definition value="โควิด 19 (บริษัทแอสตราเซเนกา)"/>
  </concept>
  <concept>
    <code value="CS3"/>
    <display value="Covid-19 (Sinovac)"/>
    <definition value="โควิด 19 (บริษัทซิโนแวค)"/>
  </concept>
  <concept>
    <code value="CI3"/>
    <display value="Covid-19 (Sinopharm)"/>
    <definition value="โควิด 19 (บริษัทซิโนฟาร์ม)"/>
  </concept>
  <concept>
    <code value="CM3"/>
    <display value="Covid-19 (Moderna)"/>
    <definition value="โควิด 19 (บริษัท Moderna)"/>
  </concept>
  <concept>
    <code value="CP3"/>
    <display value="Covid-19 (Pfizer)"/>
    <definition value="โควิด 19 (บริษัทไฟเซอร์)"/>
  </concept>
  <concept>
    <code value="CJ2"/>
    <display value="Covid-19 (J &amp; J)"/>
    <definition value="โควิด 19 (บริษัท Johnson &amp; Johnson)"/>
  </concept>
  <concept>
    <code value="CX1"/>
    <display value="Covid-19 (Covaxin)"/>
    <definition value="โควิด 19 (บริษัท Bharat biotech)"/>
  </concept>
  <concept>
    <code value="CX2"/>
    <display value="Covid-19 (Covaxin)"/>
    <definition value="โควิด 19 (บริษัท Bharat biotech)"/>
  </concept>
  <concept>
    <code value="CX3"/>
    <display value="Covid-19 (Covaxin)"/>
    <definition value="โควิด 19 (บริษัท Bharat biotech)"/>
  </concept>
  <concept>
    <code value="CV1"/>
    <display value="Covid-19 (Sputnik V)"/>
    <definition value="โควิด 19 (บริษัท Sputnik V)"/>
  </concept>
  <concept>
    <code value="CV2"/>
    <display value="Covid-19 (Sputnik V)"/>
    <definition value="โควิด 19 (บริษัท Sputnik V)"/>
  </concept>
  <concept>
    <code value="CV3"/>
    <display value="Covid-19 (Sputnik V)"/>
    <definition value="โควิด 19 (บริษัท Sputnik V)"/>
  </concept>
  <concept>
    <code value="CA4"/>
    <display value="Covid-19 (AstraZeneca)"/>
    <definition value="โควิด 19 (บริษัทแอสตราเซเนกา)"/>
  </concept>
  <concept>
    <code value="CS4"/>
    <display value="Covid-19 (Sinovac)"/>
    <definition value="โควิด 19 (บริษัทซิโนแวค)"/>
  </concept>
  <concept>
    <code value="CI4"/>
    <display value="Covid-19 (Sinopharm)"/>
    <definition value="โควิด 19 (บริษัทซิโนฟาร์ม)"/>
  </concept>
  <concept>
    <code value="CM4"/>
    <display value="Covid-19 (Moderna)"/>
    <definition value="โควิด 19 (บริษัท Moderna)"/>
  </concept>
  <concept>
    <code value="CP4"/>
    <display value="Covid-19 (Pfizer)"/>
    <definition value="โควิด 19 (บริษัทไฟเซอร์)"/>
  </concept>
  <concept>
    <code value="CJ3"/>
    <display value="Covid-19 (J &amp; J)"/>
    <definition value="โควิด 19 (บริษัท Johnson &amp; Johnson)"/>
  </concept>
  <concept>
    <code value="CJ4"/>
    <display value="Covid-19 (J &amp; J)"/>
    <definition value="โควิด 19 (บริษัท Johnson &amp; Johnson)"/>
  </concept>
  <concept>
    <code value="CX4"/>
    <display value="Covid-19 (Covaxin)"/>
    <definition value="โควิด 19 (บริษัท Bharat biotech)"/>
  </concept>
  <concept>
    <code value="CV4"/>
    <display value="Covid-19 (Sputnik V)"/>
    <definition value="โควิด 19 (บริษัท Sputnik V)"/>
  </concept>
  <concept>
    <code value="CN1"/>
    <display value="Covid-19 (Novavax)"/>
    <definition value="โควิด 19 (บริษัท Novavax Inc)"/>
  </concept>
  <concept>
    <code value="CN2"/>
    <display value="Covid-19 (Novavax)"/>
    <definition value="โควิด 19 (บริษัท Novavax Inc)"/>
  </concept>
  <concept>
    <code value="CN3"/>
    <display value="Covid-19 (Novavax)"/>
    <definition value="โควิด 19 (บริษัท Novavax Inc)"/>
  </concept>
  <concept>
    <code value="CN4"/>
    <display value="Covid-19 (Novavax)"/>
    <definition value="โควิด 19 (บริษัท Novavax Inc)"/>
  </concept>
  <concept>
    <code value="CA5"/>
    <display value="Covid-19 (AstraZeneca)"/>
    <definition value="โควิด 19 (บริษัทแอสตราเซเนกา)"/>
  </concept>
  <concept>
    <code value="CA6"/>
    <display value="Covid-19 (AstraZeneca)"/>
    <definition value="โควิด 19 (บริษัทแอสตราเซเนกา)"/>
  </concept>
  <concept>
    <code value="CI5"/>
    <display value="Covid-19 (Sinopharm)"/>
    <definition value="โควิด 19 (บริษัทซิโนฟาร์ม)"/>
  </concept>
  <concept>
    <code value="CI6"/>
    <display value="Covid-19 (Sinopharm)"/>
    <definition value="โควิด 19 (บริษัทซิโนฟาร์ม)"/>
  </concept>
  <concept>
    <code value="CJ5"/>
    <display value="Covid-19 (J &amp; J)"/>
    <definition value="โควิด 19 (บริษัท Johnson &amp; Johnson)"/>
  </concept>
  <concept>
    <code value="CJ6"/>
    <display value="Covid-19 (J &amp; J)"/>
    <definition value="โควิด 19 (บริษัท Johnson &amp; Johnson)"/>
  </concept>
  <concept>
    <code value="CM5"/>
    <display value="Covid-19 (Moderna)"/>
    <definition value="โควิด 19 (บริษัท Moderna)"/>
  </concept>
  <concept>
    <code value="CM6"/>
    <display value="Covid-19 (Moderna)"/>
    <definition value="โควิด 19 (บริษัท Moderna)"/>
  </concept>
  <concept>
    <code value="CN5"/>
    <display value="Covid-19 (Novavax)"/>
    <definition value="โควิด 19 (บริษัท Novavax Inc)"/>
  </concept>
  <concept>
    <code value="CN6"/>
    <display value="Covid-19 (Novavax)"/>
    <definition value="โควิด 19 (บริษัท Novavax Inc)"/>
  </concept>
  <concept>
    <code value="CP5"/>
    <display value="Covid-19 (Pfizer)"/>
    <definition value="โควิด 19 (บริษัทไฟเซอร์)"/>
  </concept>
  <concept>
    <code value="CP6"/>
    <display value="Covid-19 (Pfizer)"/>
    <definition value="โควิด 19 (บริษัทไฟเซอร์)"/>
  </concept>
  <concept>
    <code value="CS5"/>
    <display value="Covid-19 (Sinovac)"/>
    <definition value="โควิด 19 (บริษัทซิโนแวค)"/>
  </concept>
  <concept>
    <code value="CS6"/>
    <display value="Covid-19 (Sinovac)"/>
    <definition value="โควิด 19 (บริษัทซิโนแวค)"/>
  </concept>
  <concept>
    <code value="CV5"/>
    <display value="Covid-19 (Sputnik V)"/>
    <definition value="โควิด 19 (บริษัท Sputnik V)"/>
  </concept>
  <concept>
    <code value="CV6"/>
    <display value="Covid-19 (Sputnik V)"/>
    <definition value="โควิด 19 (บริษัท Sputnik V)"/>
  </concept>
  <concept>
    <code value="CX5"/>
    <display value="Covid-19 (Covaxin)"/>
    <definition value="โควิด 19 (บริษัท Bharat biotech)"/>
  </concept>
  <concept>
    <code value="CX6"/>
    <display value="Covid-19 (Covaxin)"/>
    <definition value="โควิด 19 (บริษัท Bharat biotech)"/>
  </concept>
  <concept>
    <code value="CC1"/>
    <display value="Covid-19 (COVOVAX)"/>
    <definition value="โควิด 19 (บริษัท Serum Institude of India)"/>
  </concept>
  <concept>
    <code value="CC2"/>
    <display value="Covid-19 (COVOVAX)"/>
    <definition value="โควิด 19 (บริษัท Serum Institude of India)"/>
  </concept>
  <concept>
    <code value="CC3"/>
    <display value="Covid-19 (COVOVAX)"/>
    <definition value="โควิด 19 (บริษัท Serum Institude of India)"/>
  </concept>
  <concept>
    <code value="CC4"/>
    <display value="Covid-19 (COVOVAX)"/>
    <definition value="โควิด 19 (บริษัท Serum Institude of India)"/>
  </concept>
  <concept>
    <code value="CC5"/>
    <display value="Covid-19 (COVOVAX)"/>
    <definition value="โควิด 19 (บริษัท Serum Institude of India)"/>
  </concept>
  <concept>
    <code value="CC6"/>
    <display value="Covid-19 (COVOVAX)"/>
    <definition value="โควิด 19 (บริษัท Serum Institude of India)"/>
  </concept>
  <concept>
    <code value="LB1"/>
    <display value="Covid-19 (Evusheld)"/>
    <definition value="แอนติบอดีออกฤทธิ์ยาว (บริษัทแอสตราเซเนกา)"/>
  </concept>
  <concept>
    <code value="LB2"/>
    <display value="Covid-19 (Evusheld)"/>
    <definition value="แอนติบอดีออกฤทธิ์ยาว (บริษัทแอสตราเซเนกา)"/>
  </concept>
  <concept>
    <code value="LB3"/>
    <display value="Covid-19 (Evusheld)"/>
    <definition value="แอนติบอดีออกฤทธิ์ยาว (บริษัทแอสตราเซเนกา)"/>
  </concept>
</CodeSystem>