<?xml version="1.0" encoding="UTF-8"?>

<CodeSystem xmlns="http://hl7.org/fhir">
  <id value="cs-thcc-ncd-retina-exam"/>
  <text>
    <status value="generated"/><div xmlns="http://www.w3.org/1999/xhtml"><p>This code system http://terms.sil-th.org/CodeSystem/cs-thcc-ncd-retina-exam defines the following codes:</p><table class="codes"><tr><td style="white-space:nowrap"><b>Code</b></td><td><b>Display</b></td></tr><tr><td style="white-space:nowrap">1<a name="cs-thcc-ncd-retina-exam-1"> </a></td><td>ตรวจ opthalmoscope ผลปกติ</td></tr><tr><td style="white-space:nowrap">2<a name="cs-thcc-ncd-retina-exam-2"> </a></td><td>ตรวจด้วย fundus camera ผลปกติ</td></tr><tr><td style="white-space:nowrap">3<a name="cs-thcc-ncd-retina-exam-3"> </a></td><td>ตรวจ opthalmoscope ผลไม่ปกติ</td></tr><tr><td style="white-space:nowrap">4<a name="cs-thcc-ncd-retina-exam-4"> </a></td><td>ตรวจด้วย fundus camera ผลไม่ปกติ</td></tr><tr><td style="white-space:nowrap">8<a name="cs-thcc-ncd-retina-exam-8"> </a></td><td>ไม่ตรวจ</td></tr><tr><td style="white-space:nowrap">9<a name="cs-thcc-ncd-retina-exam-9"> </a></td><td>ไม่ทราบ</td></tr></table></div>
  </text>
  <url value="http://terms.sil-th.org/CodeSystem/cs-thcc-ncd-retina-exam"/>
  <version value="0.1.0"/>
  <name value="CS_THCC_NcdRetinaExam"/>
  <title value="รหัสตรวจจอประสาทตา"/>
  <status value="active"/>
  <date value="2022-08-17T01:34:31+07:00"/>
  <description value="รหัสตรวจจอประสาทตา ตามโครงสร้างข้อมูล 43 แฟ้ม"/>
  <jurisdiction>
    <coding>
      <system value="urn:iso:std:iso:3166"/>
      <code value="TH"/>
    </coding>
  </jurisdiction>
  <content value="complete"/>
  <count value="6"/>
  <concept>
    <code value="1"/>
    <display value="ตรวจ opthalmoscope ผลปกติ"/>
  </concept>
  <concept>
    <code value="2"/>
    <display value="ตรวจด้วย fundus camera ผลปกติ"/>
  </concept>
  <concept>
    <code value="3"/>
    <display value="ตรวจ opthalmoscope ผลไม่ปกติ"/>
  </concept>
  <concept>
    <code value="4"/>
    <display value="ตรวจด้วย fundus camera ผลไม่ปกติ"/>
  </concept>
  <concept>
    <code value="8"/>
    <display value="ไม่ตรวจ"/>
  </concept>
  <concept>
    <code value="9"/>
    <display value="ไม่ทราบ"/>
  </concept>
</CodeSystem>