<?xml version="1.0" encoding="UTF-8"?>

<CodeSystem xmlns="http://hl7.org/fhir">
  <id value="cs-thcc-contraceptive"/>
  <text>
    <status value="generated"/><div xmlns="http://www.w3.org/1999/xhtml"><p>This code system https://terms.sil-th.org/CodeSystem/cs-thcc-contraceptive defines the following codes:</p><table class="codes"><tr><td style="white-space:nowrap"><b>Code</b></td><td><b>Display</b></td></tr><tr><td style="white-space:nowrap">1<a name="cs-thcc-contraceptive-1"> </a></td><td>ยาเม็ด</td></tr><tr><td style="white-space:nowrap">2<a name="cs-thcc-contraceptive-2"> </a></td><td>ยาฉีด</td></tr><tr><td style="white-space:nowrap">3<a name="cs-thcc-contraceptive-3"> </a></td><td>ห่วงอนามัย</td></tr><tr><td style="white-space:nowrap">4<a name="cs-thcc-contraceptive-4"> </a></td><td>ยาฝัง</td></tr><tr><td style="white-space:nowrap">5<a name="cs-thcc-contraceptive-5"> </a></td><td>ถุงยางอนามัย</td></tr><tr><td style="white-space:nowrap">6<a name="cs-thcc-contraceptive-6"> </a></td><td>หมันชาย</td></tr><tr><td style="white-space:nowrap">7<a name="cs-thcc-contraceptive-7"> </a></td><td>หมันหญิง</td></tr><tr><td style="white-space:nowrap">8<a name="cs-thcc-contraceptive-8"> </a></td><td>นับระยะปลอดภัย</td></tr><tr><td style="white-space:nowrap">9<a name="cs-thcc-contraceptive-9"> </a></td><td>ไม่คุมกำเนิด</td></tr></table></div>
  </text>
  <url value="https://terms.sil-th.org/CodeSystem/cs-thcc-contraceptive"/>
  <version value="0.1.0"/>
  <name value="CS_THCC_Contraceptive"/>
  <title value="รหัสวิธีการคุมกำเนิดปัจจุบัน"/>
  <status value="active"/>
  <date value="2022-08-11T00:50:32+07:00"/>
  <description value="รหัสวิธีการคุมกำเนิดปัจจุบัน ซึ่งใช้ในโครงสร้างข้อมูล 43 แฟ้ม"/>
  <jurisdiction>
    <coding>
      <system value="urn:iso:std:iso:3166"/>
      <code value="TH"/>
    </coding>
  </jurisdiction>
  <content value="complete"/>
  <count value="9"/>
  <concept>
    <code value="1"/>
    <display value="ยาเม็ด"/>
  </concept>
  <concept>
    <code value="2"/>
    <display value="ยาฉีด"/>
  </concept>
  <concept>
    <code value="3"/>
    <display value="ห่วงอนามัย"/>
  </concept>
  <concept>
    <code value="4"/>
    <display value="ยาฝัง"/>
  </concept>
  <concept>
    <code value="5"/>
    <display value="ถุงยางอนามัย"/>
  </concept>
  <concept>
    <code value="6"/>
    <display value="หมันชาย"/>
  </concept>
  <concept>
    <code value="7"/>
    <display value="หมันหญิง"/>
  </concept>
  <concept>
    <code value="8"/>
    <display value="นับระยะปลอดภัย"/>
  </concept>
  <concept>
    <code value="9"/>
    <display value="ไม่คุมกำเนิด"/>
  </concept>
</CodeSystem>