<?xml version="1.0" encoding="UTF-8"?>

<CodeSystem xmlns="http://hl7.org/fhir">
  <id value="cs-thcc-service-type-th"/>
  <text>
    <status value="generated"/><div xmlns="http://www.w3.org/1999/xhtml"><p>This code system http://terms.sil-th.org/CodeSystem/cs-thcc-service-type-th defines the following codes:</p><table class="codes"><tr><td style="white-space:nowrap"><b>Code</b></td><td><b>Display</b></td></tr><tr><td style="white-space:nowrap">0<a name="cs-thcc-service-type-th-0"> </a></td><td>Refer ในบัญชีเครือข่ายเดียวกัน</td></tr><tr><td style="white-space:nowrap">1<a name="cs-thcc-service-type-th-1"> </a></td><td>Refer นอกบัญชีเครือข่าย</td></tr><tr><td style="white-space:nowrap">2<a name="cs-thcc-service-type-th-2"> </a></td><td>AE ในบัญชีเครือข่าย </td></tr><tr><td style="white-space:nowrap">3<a name="cs-thcc-service-type-th-3"> </a></td><td>AE นอกบัญชีเครือข่าย</td></tr><tr><td style="white-space:nowrap">4<a name="cs-thcc-service-type-th-4"> </a></td><td>OP พิการ</td></tr><tr><td style="white-space:nowrap">5<a name="cs-thcc-service-type-th-5"> </a></td><td>OP บัตรตัวเอง</td></tr><tr><td style="white-space:nowrap">6<a name="cs-thcc-service-type-th-6"> </a></td><td>Clearing House ศบส</td></tr><tr><td style="white-space:nowrap">7<a name="cs-thcc-service-type-th-7"> </a></td><td>OP อื่นๆ (Individual data)</td></tr><tr><td style="white-space:nowrap">8<a name="cs-thcc-service-type-th-8"> </a></td><td>ผู้ป่วยกึ่ง OP / IP (NONI)</td></tr><tr><td style="white-space:nowrap">9<a name="cs-thcc-service-type-th-9"> </a></td><td>บริการแพทย์แผนไทย</td></tr></table></div>
  </text>
  <url value="http://terms.sil-th.org/CodeSystem/cs-thcc-service-type-th"/>
  <version value="0.1.0"/>
  <name value="CS_THCC_ServiceTypeTH"/>
  <title value="รหัสประเภทการให้บริการ"/>
  <status value="active"/>
  <date value="2022-08-16T00:23:13+07:00"/>
  <description value="รหัสประเภทการให้บริการ ตามโครงสร้างข้อมูล 43 แฟ้ม"/>
  <jurisdiction>
    <coding>
      <system value="urn:iso:std:iso:3166"/>
      <code value="TH"/>
    </coding>
  </jurisdiction>
  <content value="complete"/>
  <count value="10"/>
  <concept>
    <code value="0"/>
    <display value="Refer ในบัญชีเครือข่ายเดียวกัน"/>
  </concept>
  <concept>
    <code value="1"/>
    <display value="Refer นอกบัญชีเครือข่าย"/>
  </concept>
  <concept>
    <code value="2"/>
    <display value="AE ในบัญชีเครือข่าย "/>
  </concept>
  <concept>
    <code value="3"/>
    <display value="AE นอกบัญชีเครือข่าย"/>
  </concept>
  <concept>
    <code value="4"/>
    <display value="OP พิการ"/>
  </concept>
  <concept>
    <code value="5"/>
    <display value="OP บัตรตัวเอง"/>
  </concept>
  <concept>
    <code value="6"/>
    <display value="Clearing House ศบส"/>
  </concept>
  <concept>
    <code value="7"/>
    <display value="OP อื่นๆ (Individual data)"/>
  </concept>
  <concept>
    <code value="8"/>
    <display value="ผู้ป่วยกึ่ง OP / IP (NONI)"/>
  </concept>
  <concept>
    <code value="9"/>
    <display value="บริการแพทย์แผนไทย"/>
  </concept>
</CodeSystem>