<?xml version="1.0" encoding="UTF-8"?>

<CodeSystem xmlns="http://hl7.org/fhir">
  <id value="cs-thcc-functional-conclusion"/>
  <text>
    <status value="generated"/><div xmlns="http://www.w3.org/1999/xhtml"><p>This code system http://terms.sil-th.org/CodeSystem/cs-thcc-functional-conclusion defines the following codes:</p><table class="codes"><tr><td style="white-space:nowrap"><b>Code</b></td><td><b>Display</b></td></tr><tr><td style="white-space:nowrap">1<a name="cs-thcc-functional-conclusion-1"> </a></td><td>ไม่พึ่งพิง</td></tr><tr><td style="white-space:nowrap">2<a name="cs-thcc-functional-conclusion-2"> </a></td><td>พึ่งพิงน้อย</td></tr><tr><td style="white-space:nowrap">3<a name="cs-thcc-functional-conclusion-3"> </a></td><td>พึ่งพิงมาก</td></tr></table></div>
  </text>
  <url value="http://terms.sil-th.org/CodeSystem/cs-thcc-functional-conclusion"/>
  <version value="0.1.0"/>
  <name value="CS_THCC_FunctionalConclusion"/>
  <title value="รหัสภาวะพึ่งพิงของผู้สูงอายุ"/>
  <status value="active"/>
  <date value="2022-08-07T12:07:42+07:00"/>
  <description value="รหัสภาวะพึ่งพิงของผู้สูงอายุ จาก THCC ซึ่งใช้ในโครงสร้างข้อมูล 43 แฟ้ม"/>
  <jurisdiction>
    <coding>
      <system value="urn:iso:std:iso:3166"/>
      <code value="TH"/>
    </coding>
  </jurisdiction>
  <content value="complete"/>
  <count value="3"/>
  <concept>
    <code value="1"/>
    <display value="ไม่พึ่งพิง"/>
  </concept>
  <concept>
    <code value="2"/>
    <display value="พึ่งพิงน้อย"/>
  </concept>
  <concept>
    <code value="3"/>
    <display value="พึ่งพิงมาก"/>
  </concept>
</CodeSystem>