<?xml version="1.0" encoding="UTF-8"?>

<CodeSystem xmlns="http://hl7.org/fhir">
  <id value="cs-thcc-accident-patient-type"/>
  <text>
    <status value="generated"/><div xmlns="http://www.w3.org/1999/xhtml"><p>This code system http://terms.sil-th.org/CodeSystem/cs-thcc-accident-patient-type defines the following codes:</p><table class="codes"><tr><td style="white-space:nowrap"><b>Code</b></td><td><b>Display</b></td></tr><tr><td style="white-space:nowrap">1<a name="cs-thcc-accident-patient-type-1"> </a></td><td>ผู้ขับขี่</td></tr><tr><td style="white-space:nowrap">2<a name="cs-thcc-accident-patient-type-2"> </a></td><td>ผู้โดยสาร</td></tr><tr><td style="white-space:nowrap">3<a name="cs-thcc-accident-patient-type-3"> </a></td><td>คนเดินเท้า</td></tr><tr><td style="white-space:nowrap">8<a name="cs-thcc-accident-patient-type-8"> </a></td><td>อื่นๆ</td></tr><tr><td style="white-space:nowrap">9<a name="cs-thcc-accident-patient-type-9"> </a></td><td>ไม่ทราบ</td></tr></table></div>
  </text>
  <url value="http://terms.sil-th.org/CodeSystem/cs-thcc-accident-patient-type"/>
  <version value="0.1.0"/>
  <name value="CS_THCC_AccidentPatientType"/>
  <title value="ประเภทผู้บาดเจ็บ"/>
  <status value="active"/>
  <date value="2022-08-15T02:16:31+07:00"/>
  <description value="ใช้ระบุประเภทผู้บาดเจ็บ ซึ่งใช้ในโครงสร้างข้อมูล 43 แฟ้ม"/>
  <jurisdiction>
    <coding>
      <system value="urn:iso:std:iso:3166"/>
      <code value="TH"/>
    </coding>
  </jurisdiction>
  <content value="complete"/>
  <count value="5"/>
  <concept>
    <code value="1"/>
    <display value="ผู้ขับขี่"/>
  </concept>
  <concept>
    <code value="2"/>
    <display value="ผู้โดยสาร"/>
  </concept>
  <concept>
    <code value="3"/>
    <display value="คนเดินเท้า"/>
  </concept>
  <concept>
    <code value="8"/>
    <display value="อื่นๆ"/>
  </concept>
  <concept>
    <code value="9"/>
    <display value="ไม่ทราบ"/>
  </concept>
</CodeSystem>