<?xml version="1.0" encoding="UTF-8"?>

<CodeSystem xmlns="http://hl7.org/fhir">
  <id value="cs-thcc-provider-type-coverage"/>
  <text>
    <status value="generated"/><div xmlns="http://www.w3.org/1999/xhtml"><p>This code system https://terms.sil-th.org/CodeSystem/cs-thcc-provider-type-coverage defines the following codes:</p><table class="codes"><tr><td style="white-space:nowrap"><b>Code</b></td><td><b>Display</b></td></tr><tr><td style="white-space:nowrap">primary<a name="cs-thcc-provider-type-coverage-primary"> </a></td><td>สถานบริการหลัก</td></tr><tr><td style="white-space:nowrap">secondary<a name="cs-thcc-provider-type-coverage-secondary"> </a></td><td>สถานบริการรอง</td></tr><tr><td style="white-space:nowrap">primary-care<a name="cs-thcc-provider-type-coverage-primary-care"> </a></td><td>สถานบริการปฐมภูมิ</td></tr></table></div>
  </text>
  <url value="https://terms.sil-th.org/CodeSystem/cs-thcc-provider-type-coverage"/>
  <version value="0.1.0"/>
  <name value="CS_THCC_ProviderTypeCoverage"/>
  <title value="ประเภทสถานพยาบาล ตามสิทธิการรักษา"/>
  <status value="active"/>
  <date value="2022-08-16T23:36:06+07:00"/>
  <description value="ใช้ประกอบการบันทึกข้อมูลเรื่องสิทธิการรักษา ตามโครงสร้างข้อมูล 43 แฟ้ม"/>
  <jurisdiction>
    <coding>
      <system value="urn:iso:std:iso:3166"/>
      <code value="TH"/>
    </coding>
  </jurisdiction>
  <content value="complete"/>
  <count value="3"/>
  <concept>
    <code value="primary"/>
    <display value="สถานบริการหลัก"/>
  </concept>
  <concept>
    <code value="secondary"/>
    <display value="สถานบริการรอง"/>
  </concept>
  <concept>
    <code value="primary-care"/>
    <display value="สถานบริการปฐมภูมิ"/>
  </concept>
</CodeSystem>