<?xml version="1.0" encoding="UTF-8"?>

<CodeSystem xmlns="http://hl7.org/fhir">
  <id value="cs-thcc-newborn-food"/>
  <text>
    <status value="generated"/><div xmlns="http://www.w3.org/1999/xhtml"><p>This code system http://terms.sil-th.org/CodeSystem/cs-thcc-newborn-food defines the following codes:</p><table class="codes"><tr><td style="white-space:nowrap"><b>Code</b></td><td><b>Display</b></td></tr><tr><td style="white-space:nowrap">1<a name="cs-thcc-newborn-food-1"> </a></td><td>นมแม่อย่างเดียว</td></tr><tr><td style="white-space:nowrap">2<a name="cs-thcc-newborn-food-2"> </a></td><td>นมแม่และน้ำ</td></tr><tr><td style="white-space:nowrap">3<a name="cs-thcc-newborn-food-3"> </a></td><td>นมแม่และนมผสม</td></tr><tr><td style="white-space:nowrap">4<a name="cs-thcc-newborn-food-4"> </a></td><td>นมผสมอย่างเดียว</td></tr></table></div>
  </text>
  <url value="http://terms.sil-th.org/CodeSystem/cs-thcc-newborn-food"/>
  <version value="0.1.0"/>
  <name value="CS_THCC_NewbornFood"/>
  <title value="รหัสอาหารที่รับประทาน"/>
  <status value="active"/>
  <date value="2022-08-17T01:34:31+07:00"/>
  <description value="รหัสอาหารที่รับประทาน สำหรับใช้ในโครงสร้างข้อมูล 43 แฟ้ม"/>
  <jurisdiction>
    <coding>
      <system value="urn:iso:std:iso:3166"/>
      <code value="TH"/>
    </coding>
  </jurisdiction>
  <content value="complete"/>
  <count value="4"/>
  <concept>
    <code value="1"/>
    <display value="นมแม่อย่างเดียว"/>
  </concept>
  <concept>
    <code value="2"/>
    <display value="นมแม่และน้ำ"/>
  </concept>
  <concept>
    <code value="3"/>
    <display value="นมแม่และนมผสม"/>
  </concept>
  <concept>
    <code value="4"/>
    <display value="นมผสมอย่างเดียว"/>
  </concept>
</CodeSystem>