<?xml version="1.0" encoding="UTF-8"?>

<CodeSystem xmlns="http://hl7.org/fhir">
  <id value="cs-thcc-fp-case-type"/>
  <text>
    <status value="generated"/><div xmlns="http://www.w3.org/1999/xhtml"><p>This code system http://terms.sil-th.org/CodeSystem/cs-thcc-fp-case-type defines the following codes:</p><table class="codes"><tr><td style="white-space:nowrap"><b>Code</b></td><td><b>Display</b></td></tr><tr><td style="white-space:nowrap">0<a name="cs-thcc-fp-case-type-0"> </a></td><td>รายเก่า</td></tr><tr><td style="white-space:nowrap">1<a name="cs-thcc-fp-case-type-1"> </a></td><td>รายใหม่</td></tr></table></div>
  </text>
  <url value="http://terms.sil-th.org/CodeSystem/cs-thcc-fp-case-type"/>
  <version value="0.1.0"/>
  <name value="CS_THCC_FpCaseType"/>
  <title value="รหัสประเภทการวางแผนครอบครัว"/>
  <status value="active"/>
  <date value="2022-08-16T21:51:46+07:00"/>
  <description value="รหัสประเภทการวางแผนครอบครัว ตามโครงสร้างข้อมูล 43 แฟ้ม"/>
  <jurisdiction>
    <coding>
      <system value="urn:iso:std:iso:3166"/>
      <code value="TH"/>
    </coding>
  </jurisdiction>
  <content value="complete"/>
  <count value="2"/>
  <concept>
    <code value="0"/>
    <display value="รายเก่า"/>
  </concept>
  <concept>
    <code value="1"/>
    <display value="รายใหม่"/>
  </concept>
</CodeSystem>