<?xml version="1.0" encoding="UTF-8"?>

<CodeSystem xmlns="http://hl7.org/fhir">
  <id value="cs-thcc-pid-remove-reason"/>
  <text>
    <status value="generated"/><div xmlns="http://www.w3.org/1999/xhtml"><p>This code system https://terms.sil-th.org/CodeSystem/cs-thcc-pid-remove-reason defines the following codes:</p><table class="codes"><tr><td style="white-space:nowrap"><b>Code</b></td><td><b>Display</b></td></tr><tr><td style="white-space:nowrap">1<a name="cs-thcc-pid-remove-reason-1"> </a></td><td>ตาย</td></tr><tr><td style="white-space:nowrap">2<a name="cs-thcc-pid-remove-reason-2"> </a></td><td>ย้าย</td></tr><tr><td style="white-space:nowrap">3<a name="cs-thcc-pid-remove-reason-3"> </a></td><td>สาบสูญ</td></tr><tr><td style="white-space:nowrap">9<a name="cs-thcc-pid-remove-reason-9"> </a></td><td>ไม่จำหน่าย</td></tr></table></div>
  </text>
  <url value="https://terms.sil-th.org/CodeSystem/cs-thcc-pid-remove-reason"/>
  <version value="0.1.0"/>
  <name value="CS_THCC_PidRemoveReason"/>
  <title value="สถานะ/สาเหตุการจำหน่าย"/>
  <status value="active"/>
  <date value="2022-08-17T01:34:31+07:00"/>
  <description value="สถานะ/สาเหตุการจำหน่าย จาก THCC ซึ่งใช้ในโครงสร้างข้อมูล 43 แฟ้ม"/>
  <jurisdiction>
    <coding>
      <system value="urn:iso:std:iso:3166"/>
      <code value="TH"/>
    </coding>
  </jurisdiction>
  <content value="complete"/>
  <count value="4"/>
  <concept>
    <code value="1"/>
    <display value="ตาย"/>
  </concept>
  <concept>
    <code value="2"/>
    <display value="ย้าย"/>
  </concept>
  <concept>
    <code value="3"/>
    <display value="สาบสูญ"/>
  </concept>
  <concept>
    <code value="9"/>
    <display value="ไม่จำหน่าย"/>
  </concept>
</CodeSystem>