<?xml version="1.0" encoding="UTF-8"?>

<CodeSystem xmlns="http://hl7.org/fhir">
  <id value="cs-thcc-accident-obs"/>
  <text>
    <status value="generated"/><div xmlns="http://www.w3.org/1999/xhtml"><p>This code system http://terms.sil-th.org/CodeSystem/cs-thcc-accident-obs defines the following codes:</p><table class="codes"><tr><td style="white-space:nowrap"><b>Code</b></td><td><b>Display</b></td></tr><tr><td style="white-space:nowrap">injury<a name="cs-thcc-accident-obs-injury"> </a></td><td>ประเภทผู้บาดเจ็บ (อุบัติเหตุจราจร)</td></tr><tr><td style="white-space:nowrap">vehicle<a name="cs-thcc-accident-obs-vehicle"> </a></td><td>ประเภทยานพาหนะที่เกิดเหตุ</td></tr><tr><td style="white-space:nowrap">seatbelt<a name="cs-thcc-accident-obs-seatbelt"> </a></td><td>การคาดเข็มขัดนิรภัย</td></tr><tr><td style="white-space:nowrap">helmet<a name="cs-thcc-accident-obs-helmet"> </a></td><td>การสวมหมวกนิรภัย</td></tr><tr><td style="white-space:nowrap">breathing<a name="cs-thcc-accident-obs-breathing"> </a></td><td>การดูแลการหายใจ</td></tr><tr><td style="white-space:nowrap">stop-bleed<a name="cs-thcc-accident-obs-stop-bleed"> </a></td><td>การห้ามเลือด</td></tr><tr><td style="white-space:nowrap">splint<a name="cs-thcc-accident-obs-splint"> </a></td><td>การใส่ splint/ slab</td></tr><tr><td style="white-space:nowrap">iv-fluid<a name="cs-thcc-accident-obs-iv-fluid"> </a></td><td>การให้น้ำเกลือ</td></tr></table></div>
  </text>
  <url value="http://terms.sil-th.org/CodeSystem/cs-thcc-accident-obs"/>
  <version value="0.1.0"/>
  <name value="CS_THCC_AccidentObs"/>
  <title value="ชนิดประวัติการเกิดอุบัติเหตุ"/>
  <status value="active"/>
  <date value="2022-08-16T00:23:13+07:00"/>
  <description value="ใช้ระบุชนิดประวัติการเกิดอุบัติเหตุ ซึ่งใช้ในโครงสร้างข้อมูล 43 แฟ้ม"/>
  <jurisdiction>
    <coding>
      <system value="urn:iso:std:iso:3166"/>
      <code value="TH"/>
    </coding>
  </jurisdiction>
  <content value="complete"/>
  <count value="8"/>
  <concept>
    <code value="injury"/>
    <display value="ประเภทผู้บาดเจ็บ (อุบัติเหตุจราจร)"/>
  </concept>
  <concept>
    <code value="vehicle"/>
    <display value="ประเภทยานพาหนะที่เกิดเหตุ"/>
  </concept>
  <concept>
    <code value="seatbelt"/>
    <display value="การคาดเข็มขัดนิรภัย"/>
  </concept>
  <concept>
    <code value="helmet"/>
    <display value="การสวมหมวกนิรภัย"/>
  </concept>
  <concept>
    <code value="breathing"/>
    <display value="การดูแลการหายใจ"/>
  </concept>
  <concept>
    <code value="stop-bleed"/>
    <display value="การห้ามเลือด"/>
  </concept>
  <concept>
    <code value="splint"/>
    <display value="การใส่ splint/ slab"/>
  </concept>
  <concept>
    <code value="iv-fluid"/>
    <display value="การให้น้ำเกลือ"/>
  </concept>
</CodeSystem>