<?xml version="1.0" encoding="UTF-8"?>

<CodeSystem xmlns="http://hl7.org/fhir">
  <id value="cs-thcc-materal-appointment-type"/>
  <text>
    <status value="generated"/><div xmlns="http://www.w3.org/1999/xhtml"><p>This code system http://terms.sil-th.org/CodeSystem/cs-thcc-materal-appointment-type defines the following codes:</p><table class="codes"><tr><td style="white-space:nowrap"><b>Code</b></td><td><b>Display</b></td></tr><tr><td style="white-space:nowrap">fp<a name="cs-thcc-materal-appointment-type-fp"> </a></td><td>นัดรับบริการวางแผนครอบครัว</td></tr><tr><td style="white-space:nowrap">anc<a name="cs-thcc-materal-appointment-type-anc"> </a></td><td>นัดรับบริการ ANC</td></tr><tr><td style="white-space:nowrap">labor<a name="cs-thcc-materal-appointment-type-labor"> </a></td><td>นัดตรวจหลังคลอด</td></tr><tr><td style="white-space:nowrap">postlabor<a name="cs-thcc-materal-appointment-type-postlabor"> </a></td><td>นัดตรวจหลังคลอดครั้งที่ 2</td></tr></table></div>
  </text>
  <url value="http://terms.sil-th.org/CodeSystem/cs-thcc-materal-appointment-type"/>
  <version value="0.1.0"/>
  <name value="CS_THCC_MeternalAppointmentType"/>
  <title value="ประเภทการนัดด้านการอนามัยแม่และเด็ก"/>
  <status value="active"/>
  <date value="2022-08-14T22:14:52+07:00"/>
  <description value="ประเภทการนัดด้านการอนามัยแม่และเด็ก ใช้ในโครงสร้างข้อมูล 43 แฟ้ม"/>
  <jurisdiction>
    <coding>
      <system value="urn:iso:std:iso:3166"/>
      <code value="TH"/>
    </coding>
  </jurisdiction>
  <content value="complete"/>
  <count value="4"/>
  <concept>
    <code value="fp"/>
    <display value="นัดรับบริการวางแผนครอบครัว"/>
  </concept>
  <concept>
    <code value="anc"/>
    <display value="นัดรับบริการ ANC"/>
  </concept>
  <concept>
    <code value="labor"/>
    <display value="นัดตรวจหลังคลอด"/>
  </concept>
  <concept>
    <code value="postlabor"/>
    <display value="นัดตรวจหลังคลอดครั้งที่ 2"/>
  </concept>
</CodeSystem>