<?xml version="1.0" encoding="UTF-8"?>

<CodeSystem xmlns="http://hl7.org/fhir">
  <id value="cs-thcc-status-in-village"/>
  <text>
    <status value="generated"/><div xmlns="http://www.w3.org/1999/xhtml"><p>This code system https://terms.sil-th.org/CodeSystem/cs-thcc-status-in-village defines the following codes:</p><table class="codes"><tr><td style="white-space:nowrap"><b>Code</b></td><td><b>Display</b></td></tr><tr><td style="white-space:nowrap">1<a name="cs-thcc-status-in-village-1"> </a></td><td>กำนัน ผู้ใหญ่บ้าน</td></tr><tr><td style="white-space:nowrap">2<a name="cs-thcc-status-in-village-2"> </a></td><td>อสม.</td></tr><tr><td style="white-space:nowrap">3<a name="cs-thcc-status-in-village-3"> </a></td><td>แพทย์ประจำตำบล</td></tr><tr><td style="white-space:nowrap">4<a name="cs-thcc-status-in-village-4"> </a></td><td>สมาชิกอบต. / เทศบาล</td></tr><tr><td style="white-space:nowrap">5<a name="cs-thcc-status-in-village-5"> </a></td><td>อื่นๆ</td></tr></table></div>
  </text>
  <url value="https://terms.sil-th.org/CodeSystem/cs-thcc-status-in-village"/>
  <version value="0.1.0"/>
  <name value="CS_THCC_StatusInVillage"/>
  <title value="สถานะในชุมชน"/>
  <status value="active"/>
  <date value="2022-08-16T23:36:06+07:00"/>
  <description value="ใช้ระบุสถานะในชุมชน ซึ่งใช้ในโครงสร้างข้อมูล 43 แฟ้ม"/>
  <jurisdiction>
    <coding>
      <system value="urn:iso:std:iso:3166"/>
      <code value="TH"/>
    </coding>
  </jurisdiction>
  <content value="complete"/>
  <count value="5"/>
  <concept>
    <code value="1"/>
    <display value="กำนัน ผู้ใหญ่บ้าน"/>
  </concept>
  <concept>
    <code value="2"/>
    <display value="อสม."/>
  </concept>
  <concept>
    <code value="3"/>
    <display value="แพทย์ประจำตำบล"/>
  </concept>
  <concept>
    <code value="4"/>
    <display value="สมาชิกอบต. / เทศบาล"/>
  </concept>
  <concept>
    <code value="5"/>
    <display value="อื่นๆ"/>
  </concept>
</CodeSystem>