<?xml version="1.0" encoding="UTF-8"?>

<CodeSystem xmlns="http://hl7.org/fhir">
  <id value="cs-thcc-refer-in-reason"/>
  <text>
    <status value="generated"/><div xmlns="http://www.w3.org/1999/xhtml"><p>This code system http://terms.sil-th.org/CodeSystem/cs-thcc-refer-in-reason defines the following codes:</p><table class="codes"><tr><td style="white-space:nowrap"><b>Code</b></td><td><b>Display</b></td></tr><tr><td style="white-space:nowrap">1<a name="cs-thcc-refer-in-reason-1"> </a></td><td>เพื่อการวินิจฉัยและรักษา</td></tr><tr><td style="white-space:nowrap">2<a name="cs-thcc-refer-in-reason-2"> </a></td><td>เพื่อการวินิจฉัย</td></tr><tr><td style="white-space:nowrap">3<a name="cs-thcc-refer-in-reason-3"> </a></td><td>เพื่อการรักษาและพื้นฟูต่อเนื่อง</td></tr><tr><td style="white-space:nowrap">4<a name="cs-thcc-refer-in-reason-4"> </a></td><td>เพื่อการดูแลต่อใกล้บ้าน</td></tr><tr><td style="white-space:nowrap">5<a name="cs-thcc-refer-in-reason-5"> </a></td><td>ตามความต้องการผู้ป่วย</td></tr></table></div>
  </text>
  <url value="http://terms.sil-th.org/CodeSystem/cs-thcc-refer-in-reason"/>
  <version value="0.1.0"/>
  <name value="CS_THCC_ReferReason"/>
  <title value="รหัสสาเหตุการส่งผู้ป่วยมารับบริการ"/>
  <status value="active"/>
  <date value="2022-08-15T02:16:31+07:00"/>
  <description value="รหัสสาเหตุการส่งผู้ป่วยมารับบริการ ตามโครงสร้างข้อมูล 43 แฟ้ม"/>
  <jurisdiction>
    <coding>
      <system value="urn:iso:std:iso:3166"/>
      <code value="TH"/>
    </coding>
  </jurisdiction>
  <content value="complete"/>
  <count value="5"/>
  <concept>
    <code value="1"/>
    <display value="เพื่อการวินิจฉัยและรักษา"/>
  </concept>
  <concept>
    <code value="2"/>
    <display value="เพื่อการวินิจฉัย"/>
  </concept>
  <concept>
    <code value="3"/>
    <display value="เพื่อการรักษาและพื้นฟูต่อเนื่อง"/>
  </concept>
  <concept>
    <code value="4"/>
    <display value="เพื่อการดูแลต่อใกล้บ้าน"/>
  </concept>
  <concept>
    <code value="5"/>
    <display value="ตามความต้องการผู้ป่วย"/>
  </concept>
</CodeSystem>