<?xml version="1.0" encoding="UTF-8"?>

<CodeSystem xmlns="http://hl7.org/fhir">
  <id value="cs-thcc-accident-vehicle"/>
  <text>
    <status value="generated"/><div xmlns="http://www.w3.org/1999/xhtml"><p>This code system http://terms.sil-th.org/CodeSystem/cs-thcc-accident-vehicle defines the following codes:</p><table class="codes"><tr><td style="white-space:nowrap"><b>Code</b></td><td><b>Display</b></td></tr><tr><td style="white-space:nowrap">01<a name="cs-thcc-accident-vehicle-01"> </a></td><td>จักรยานและสามล้อถึบ</td></tr><tr><td style="white-space:nowrap">02<a name="cs-thcc-accident-vehicle-02"> </a></td><td>จักรยานยนต์</td></tr><tr><td style="white-space:nowrap">03<a name="cs-thcc-accident-vehicle-03"> </a></td><td>สามล้อเครื่อง</td></tr><tr><td style="white-space:nowrap">04<a name="cs-thcc-accident-vehicle-04"> </a></td><td>รถยนต์นั่ง/แท็กซี่</td></tr><tr><td style="white-space:nowrap">05<a name="cs-thcc-accident-vehicle-05"> </a></td><td>รถปิกอัพ</td></tr><tr><td style="white-space:nowrap">06<a name="cs-thcc-accident-vehicle-06"> </a></td><td>รถตู้</td></tr><tr><td style="white-space:nowrap">07<a name="cs-thcc-accident-vehicle-07"> </a></td><td>รถโดยสารสองแถว</td></tr><tr><td style="white-space:nowrap">08<a name="cs-thcc-accident-vehicle-08"> </a></td><td>รถโดยสารใหญ่ (รถบัส รถเมล์)</td></tr><tr><td style="white-space:nowrap">09<a name="cs-thcc-accident-vehicle-09"> </a></td><td>รถบรรทุก/รถพ่วง</td></tr><tr><td style="white-space:nowrap">10<a name="cs-thcc-accident-vehicle-10"> </a></td><td>เรือโดยสาร</td></tr><tr><td style="white-space:nowrap">11<a name="cs-thcc-accident-vehicle-11"> </a></td><td>เรืออื่นๆ</td></tr><tr><td style="white-space:nowrap">12<a name="cs-thcc-accident-vehicle-12"> </a></td><td>อากาศยาน</td></tr><tr><td style="white-space:nowrap">98<a name="cs-thcc-accident-vehicle-98"> </a></td><td>อื่นๆ</td></tr><tr><td style="white-space:nowrap">99<a name="cs-thcc-accident-vehicle-99"> </a></td><td>ไม่ทราบ</td></tr></table></div>
  </text>
  <url value="http://terms.sil-th.org/CodeSystem/cs-thcc-accident-vehicle"/>
  <version value="0.1.0"/>
  <name value="CS_THCC_AccidentVehicle"/>
  <title value="ประเภทยานพาหนะที่เกิดเหตุ"/>
  <status value="active"/>
  <date value="2022-08-11T00:50:32+07:00"/>
  <description value="ใช้ระบุประเภทยานพาหนะที่เกิดเหตุ ซึ่งใช้ในโครงสร้างข้อมูล 43 แฟ้ม"/>
  <jurisdiction>
    <coding>
      <system value="urn:iso:std:iso:3166"/>
      <code value="TH"/>
    </coding>
  </jurisdiction>
  <content value="complete"/>
  <count value="14"/>
  <concept>
    <code value="01"/>
    <display value="จักรยานและสามล้อถึบ"/>
  </concept>
  <concept>
    <code value="02"/>
    <display value="จักรยานยนต์"/>
  </concept>
  <concept>
    <code value="03"/>
    <display value="สามล้อเครื่อง"/>
  </concept>
  <concept>
    <code value="04"/>
    <display value="รถยนต์นั่ง/แท็กซี่"/>
  </concept>
  <concept>
    <code value="05"/>
    <display value="รถปิกอัพ"/>
  </concept>
  <concept>
    <code value="06"/>
    <display value="รถตู้"/>
  </concept>
  <concept>
    <code value="07"/>
    <display value="รถโดยสารสองแถว"/>
  </concept>
  <concept>
    <code value="08"/>
    <display value="รถโดยสารใหญ่ (รถบัส รถเมล์)"/>
  </concept>
  <concept>
    <code value="09"/>
    <display value="รถบรรทุก/รถพ่วง"/>
  </concept>
  <concept>
    <code value="10"/>
    <display value="เรือโดยสาร"/>
  </concept>
  <concept>
    <code value="11"/>
    <display value="เรืออื่นๆ"/>
  </concept>
  <concept>
    <code value="12"/>
    <display value="อากาศยาน"/>
  </concept>
  <concept>
    <code value="98"/>
    <display value="อื่นๆ"/>
  </concept>
  <concept>
    <code value="99"/>
    <display value="ไม่ทราบ"/>
  </concept>
</CodeSystem>