<?xml version="1.0" encoding="UTF-8"?>

<ImplementationGuide xmlns="http://hl7.org/fhir">
  <id value="sil-th-terminology"/>
  <text>
    <status value="extensions"/><div xmlns="http://www.w3.org/1999/xhtml"><h2>SilTHTerminology</h2><p>The official URL for this implementation guide is: </p><pre>https://terms.sil-th.org/ImplementationGuide/sil-th-terminology</pre><div><p>A terminology registry which an be cited by FHIR artifacts</p>
</div></div>
  </text>
  <url value="https://terms.sil-th.org/ImplementationGuide/sil-th-terminology"/>
  <version value="0.1.0"/>
  <name value="SilTHTerminology"/>
  <title value="(Draft) SIL-TH Terminology"/>
  <status value="draft"/>
  <date value="2022-08-07T12:07:42+07:00"/>
  <description value="A terminology registry which an be cited by FHIR artifacts"/>
  <jurisdiction>
    <coding>
      <system value="urn:iso:std:iso:3166"/>
      <code value="TH"/>
    </coding>
  </jurisdiction>
  <packageId value="sil-th-terminology"/>
  <license value="CC0-1.0"/>
  <fhirVersion value="4.3.0"/>
  <dependsOn id="hl7tx">
    <uri value="http://terminology.hl7.org/ImplementationGuide/hl7.terminology"/>
    <packageId value="hl7.terminology.r4"/>
    <version value="3.1.0"/>
  </dependsOn>
  <definition>
    <resource>
      <extension url="http://hl7.org/fhir/tools/StructureDefinition/resource-information">
        <valueString value="ValueSet"/>
      </extension>
      <reference>
        <reference value="ValueSet/vs-thcc-icf"/>
      </reference>
      <name value="รหัสสภาวะสุขภาพตาม ICF"/>
      <description value="รหัสสภาวะสุขภาพตาม ICF ซึ่งใช้ในโครงสร้างข้อมูล 43 แฟ้ม"/>
      <exampleBoolean value="false"/>
    </resource>
    <resource>
      <extension url="http://hl7.org/fhir/tools/StructureDefinition/resource-information">
        <valueString value="CodeSystem"/>
      </extension>
      <reference>
        <reference value="CodeSystem/cs-dopa-location"/>
      </reference>
      <name value="รหัสสถานที่"/>
      <description value="รหัสสถานที่ อ้างอิงตามรหัสกรมการปกครอง"/>
      <exampleBoolean value="false"/>
    </resource>
    <resource>
      <extension url="http://hl7.org/fhir/tools/StructureDefinition/resource-information">
        <valueString value="CodeSystem"/>
      </extension>
      <reference>
        <reference value="CodeSystem/cs-dopa-nameprefix"/>
      </reference>
      <name value="รหัสคำนำหน้าชื่อ"/>
      <description value="รหัสคำนำหน้าชื่อ จาก THCC ซึ่งใช้ในโครงสร้างข้อมูล 43 แฟ้ม อ้างอิงตามรหัสกรมการปกครอง"/>
      <exampleBoolean value="false"/>
    </resource>
    <resource>
      <extension url="http://hl7.org/fhir/tools/StructureDefinition/resource-information">
        <valueString value="CodeSystem"/>
      </extension>
      <reference>
        <reference value="CodeSystem/cs-int-isco-08"/>
      </reference>
      <name value="ชุดรหัสอาชีพ ISCO-08"/>
      <description value="ชุดรหัสอาชีพ ตามระบบ ISCO-08 The International Standard Classification of Occupations 2008 (ISCO-08) is a four-level hierarchically structured classification that covers all jobs in the world. Developed with the benefit of accumulated national and international experience as well as the help of experts from many countries and agencies, ISCO-08 is fully supported by the international community as an accepted standard for international labour statistics."/>
      <exampleBoolean value="false"/>
    </resource>
    <resource>
      <extension url="http://hl7.org/fhir/tools/StructureDefinition/resource-information">
        <valueString value="CodeSystem"/>
      </extension>
      <reference>
        <reference value="CodeSystem/cs-thcc-43filetype"/>
      </reference>
      <name value="รายการโครงสร้างข้อมูล 43 แฟ้ม plus"/>
      <description value="เกิดจากการบูรณาการของโครงสร้างข้อมูล 43 แฟ้มเดิมและโครงสร้างอื่น ๆ"/>
      <exampleBoolean value="false"/>
    </resource>
    <resource>
      <extension url="http://hl7.org/fhir/tools/StructureDefinition/resource-information">
        <valueString value="CodeSystem"/>
      </extension>
      <reference>
        <reference value="CodeSystem/cs-thcc-allergy-assert-type"/>
      </reference>
      <name value="รหัสผู้ให้ประวัติการแพ้ยา"/>
      <description value="รหัสผู้ให้ประวัติการแพ้ยา ซึ่งใช้ในโครงสร้างข้อมูล 43 แฟ้ม"/>
      <exampleBoolean value="false"/>
    </resource>
    <resource>
      <extension url="http://hl7.org/fhir/tools/StructureDefinition/resource-information">
        <valueString value="CodeSystem"/>
      </extension>
      <reference>
        <reference value="CodeSystem/cs-thcc-allergy-certainty"/>
      </reference>
      <name value="รหัสประเภทการวินิจฉัยการแพ้ยา"/>
      <description value="รหัสประเภทการวินิจฉัยการแพ้ยา ซึ่งใช้ในโครงสร้างข้อมูล 43 แฟ้ม"/>
      <exampleBoolean value="false"/>
    </resource>
    <resource>
      <extension url="http://hl7.org/fhir/tools/StructureDefinition/resource-information">
        <valueString value="CodeSystem"/>
      </extension>
      <reference>
        <reference value="CodeSystem/cs-thcc-allergy-manifest"/>
      </reference>
      <name value="รหัสลักษณะอาการแก้ยาที่พบ"/>
      <description value="รหัสลักษณะอาการแก้ยาที่พบ ซึ่งใช้ในโครงสร้างข้อมูล 43 แฟ้ม"/>
      <exampleBoolean value="false"/>
    </resource>
    <resource>
      <extension url="http://hl7.org/fhir/tools/StructureDefinition/resource-information">
        <valueString value="CodeSystem"/>
      </extension>
      <reference>
        <reference value="CodeSystem/cs-thcc-allergy-severity"/>
      </reference>
      <name value="รหัสระดับความรุนแรงของการแพ้ยา"/>
      <description value="รหัสระดับความรุนแรงของการแพ้ยา ซึ่งใช้ในโครงสร้างข้อมูล 43 แฟ้ม"/>
      <exampleBoolean value="false"/>
    </resource>
    <resource>
      <extension url="http://hl7.org/fhir/tools/StructureDefinition/resource-information">
        <valueString value="CodeSystem"/>
      </extension>
      <reference>
        <reference value="CodeSystem/cs-thcc-allergy-verify"/>
      </reference>
      <name value="รหัสสถานะการแพ้ยา"/>
      <description value="รหัสสถานะการแพ้ยา ซึ่งใช้ในโครงสร้างข้อมูล 43 แฟ้ม"/>
      <exampleBoolean value="false"/>
    </resource>
    <resource>
      <extension url="http://hl7.org/fhir/tools/StructureDefinition/resource-information">
        <valueString value="CodeSystem"/>
      </extension>
      <reference>
        <reference value="CodeSystem/cs-thcc-chronic-discharge-reason"/>
      </reference>
      <name value="ประเภทการจำหน่าย Chronic"/>
      <description value="ประเภทการจำหน่าย จาก THCC ซึ่งใช้ในโครงสร้างข้อมูล 43 แฟ้ม"/>
      <exampleBoolean value="false"/>
    </resource>
    <resource>
      <extension url="http://hl7.org/fhir/tools/StructureDefinition/resource-information">
        <valueString value="CodeSystem"/>
      </extension>
      <reference>
        <reference value="CodeSystem/cs-thcc-contraceptive"/>
      </reference>
      <name value="รหัสวิธีการคุมกำเนิดปัจจุบัน"/>
      <description value="รหัสวิธีการคุมกำเนิดปัจจุบัน ซึ่งใช้ในโครงสร้างข้อมูล 43 แฟ้ม"/>
      <exampleBoolean value="false"/>
    </resource>
    <resource>
      <extension url="http://hl7.org/fhir/tools/StructureDefinition/resource-information">
        <valueString value="CodeSystem"/>
      </extension>
      <reference>
        <reference value="CodeSystem/cs-thcc-coverage-type"/>
      </reference>
      <name value="ชุดรหัสสิทธิการรักษาพยาบาล"/>
      <description value="ชุดรหัสสิทธิการรักษาพยาบาล จาก THCC ซึ่งใช้ในโครงสร้างข้อมูล 43 แฟ้ม"/>
      <exampleBoolean value="false"/>
    </resource>
    <resource>
      <extension url="http://hl7.org/fhir/tools/StructureDefinition/resource-information">
        <valueString value="CodeSystem"/>
      </extension>
      <reference>
        <reference value="CodeSystem/cs-thcc-death-location-type"/>
      </reference>
      <name value="รหัสสถานที่ตาย"/>
      <description value="รหัสสถานที่ตาย จาก THCC ซึ่งใช้ในโครงสร้างข้อมูล 43 แฟ้ม"/>
      <exampleBoolean value="false"/>
    </resource>
    <resource>
      <extension url="http://hl7.org/fhir/tools/StructureDefinition/resource-information">
        <valueString value="CodeSystem"/>
      </extension>
      <reference>
        <reference value="CodeSystem/cs-thcc-death-pregnancy"/>
      </reference>
      <name value="การเสียชีวิตที่เกี่ยวข้องกับตั้งครรภ์และการคลอด"/>
      <description value="การเสียชีวิตที่เกี่ยวข้องกับตั้งครรภ์และการคลอด จาก THCC ซึ่งใช้ในโครงสร้างข้อมูล 43 แฟ้ม"/>
      <exampleBoolean value="false"/>
    </resource>
    <resource>
      <extension url="http://hl7.org/fhir/tools/StructureDefinition/resource-information">
        <valueString value="CodeSystem"/>
      </extension>
      <reference>
        <reference value="CodeSystem/cs-thcc-disability-reason"/>
      </reference>
      <name value="รหัสสาเหตุความพิการ"/>
      <description value="รหัสสาเหตุความพิการ จาก THCC ซึ่งใช้ในโครงสร้างข้อมูล 43 แฟ้ม"/>
      <exampleBoolean value="false"/>
    </resource>
    <resource>
      <extension url="http://hl7.org/fhir/tools/StructureDefinition/resource-information">
        <valueString value="CodeSystem"/>
      </extension>
      <reference>
        <reference value="CodeSystem/cs-thcc-disability-type"/>
      </reference>
      <name value="รหัสประเภทความพิการ"/>
      <description value="รหัสประเภทความพิการ จาก THCC ซึ่งใช้ในโครงสร้างข้อมูล 43 แฟ้ม"/>
      <exampleBoolean value="false"/>
    </resource>
    <resource>
      <extension url="http://hl7.org/fhir/tools/StructureDefinition/resource-information">
        <valueString value="CodeSystem"/>
      </extension>
      <reference>
        <reference value="CodeSystem/cs-thcc-educationlevel"/>
      </reference>
      <name value="ชุดรหัสการศึกษา"/>
      <description value="ชุดรหัสการศึกษา จาก THCC ซึ่งใช้ในโครงสร้างข้อมูล 43 แฟ้ม"/>
      <exampleBoolean value="false"/>
    </resource>
    <resource>
      <extension url="http://hl7.org/fhir/tools/StructureDefinition/resource-information">
        <valueString value="CodeSystem"/>
      </extension>
      <reference>
        <reference value="CodeSystem/cs-thcc-functional-conclusion"/>
      </reference>
      <name value="รหัสภาวะพึ่งพิงของผู้สูงอายุ"/>
      <description value="รหัสภาวะพึ่งพิงของผู้สูงอายุ จาก THCC ซึ่งใช้ในโครงสร้างข้อมูล 43 แฟ้ม"/>
      <exampleBoolean value="false"/>
    </resource>
    <resource>
      <extension url="http://hl7.org/fhir/tools/StructureDefinition/resource-information">
        <valueString value="CodeSystem"/>
      </extension>
      <reference>
        <reference value="CodeSystem/cs-thcc-functional-test"/>
      </reference>
      <name value="วิธีประเมินความบกพร่อง"/>
      <description value="วิธีประเมินความบกพร่อง จาก THCC ซึ่งใช้ในโครงสร้างข้อมูล 43 แฟ้ม"/>
      <exampleBoolean value="false"/>
    </resource>
    <resource>
      <extension url="http://hl7.org/fhir/tools/StructureDefinition/resource-information">
        <valueString value="CodeSystem"/>
      </extension>
      <reference>
        <reference value="CodeSystem/cs-thcc-house-type"/>
      </reference>
      <name value="รหัสลักษณะที่อยู่"/>
      <description value="รหัสลักษณะที่อยู่ จาก THCC ซึ่งใช้ในโครงสร้างข้อมูล 43 แฟ้ม"/>
      <exampleBoolean value="false"/>
    </resource>
    <resource>
      <extension url="http://hl7.org/fhir/tools/StructureDefinition/resource-information">
        <valueString value="CodeSystem"/>
      </extension>
      <reference>
        <reference value="CodeSystem/cs-thcc-in-municipality"/>
      </reference>
      <name value="รหัสที่ตั้ง"/>
      <description value="รหัสที่ตั้ง ใน/นอกเขตเทศบาล จาก THCC ซึ่งใช้ในโครงสร้างข้อมูล 43 แฟ้ม"/>
      <exampleBoolean value="false"/>
    </resource>
    <resource>
      <extension url="http://hl7.org/fhir/tools/StructureDefinition/resource-information">
        <valueString value="CodeSystem"/>
      </extension>
      <reference>
        <reference value="CodeSystem/cs-thcc-provider-type"/>
      </reference>
      <name value="รหัสประเภทบุคลากรทางการแพทย์และสาธารณสุข"/>
      <description value="รหัสประเภทบุคลากรทางการแพทย์และสาธารณสุข ตามโครงสร้างข้อมูล 43 แฟ้ม"/>
      <exampleBoolean value="false"/>
    </resource>
    <resource>
      <extension url="http://hl7.org/fhir/tools/StructureDefinition/resource-information">
        <valueString value="CodeSystem"/>
      </extension>
      <reference>
        <reference value="CodeSystem/cs-thcc-marital"/>
      </reference>
      <name value="สถานะการสมรส"/>
      <description value="สถานะการสมรส จาก THCC ซึ่งใช้ในโครงสร้างข้อมูล 43 แฟ้ม"/>
      <exampleBoolean value="false"/>
    </resource>
    <resource>
      <extension url="http://hl7.org/fhir/tools/StructureDefinition/resource-information">
        <valueString value="CodeSystem"/>
      </extension>
      <reference>
        <reference value="CodeSystem/cs-thcc-nationality"/>
      </reference>
      <name value="ชุดรหัสเชื้อชาติ-สัญชาติ"/>
      <description value="ชุดรหัสเชื้อชาติ-สัญชาติ จาก THCC ซึ่งใช้ในโครงสร้างข้อมูล 43 แฟ้ม"/>
      <exampleBoolean value="false"/>
    </resource>
    <resource>
      <extension url="http://hl7.org/fhir/tools/StructureDefinition/resource-information">
        <valueString value="CodeSystem"/>
      </extension>
      <reference>
        <reference value="CodeSystem/cs-thcc-no-contraceptive"/>
      </reference>
      <name value="รหัสสาเหตุที่ไม่คุมกำเนิด"/>
      <description value="รหัสสาเหตุที่ไม่คุมกำเนิด ซึ่งใช้ในโครงสร้างข้อมูล 43 แฟ้ม"/>
      <exampleBoolean value="false"/>
    </resource>
    <resource>
      <extension url="http://hl7.org/fhir/tools/StructureDefinition/resource-information">
        <valueString value="CodeSystem"/>
      </extension>
      <reference>
        <reference value="CodeSystem/cs-thcc-occupation"/>
      </reference>
      <name value="ชุดรหัสอาชีพ"/>
      <description value="ชุดรหัสอาชีพ จาก THCC ซึ่งใช้ในโครงสร้างข้อมูล 43 แฟ้ม"/>
      <exampleBoolean value="false"/>
    </resource>
    <resource>
      <extension url="http://hl7.org/fhir/tools/StructureDefinition/resource-information">
        <valueString value="CodeSystem"/>
      </extension>
      <reference>
        <reference value="CodeSystem/cs-thcc-person-status"/>
      </reference>
      <name value="สถานะบุคคล"/>
      <description value="สถานะบุคคล จาก THCC ซึ่งใช้ในโครงสร้างข้อมูล 43 แฟ้ม"/>
      <exampleBoolean value="false"/>
    </resource>
    <resource>
      <extension url="http://hl7.org/fhir/tools/StructureDefinition/resource-information">
        <valueString value="CodeSystem"/>
      </extension>
      <reference>
        <reference value="CodeSystem/cs-thcc-pid-remove-reason"/>
      </reference>
      <name value="สถานะ/สาเหตุการจำหน่าย"/>
      <description value="สถานะ/สาเหตุการจำหน่าย จาก THCC ซึ่งใช้ในโครงสร้างข้อมูล 43 แฟ้ม"/>
      <exampleBoolean value="false"/>
    </resource>
    <resource>
      <extension url="http://hl7.org/fhir/tools/StructureDefinition/resource-information">
        <valueString value="CodeSystem"/>
      </extension>
      <reference>
        <reference value="CodeSystem/cs-thcc-provider-type-coverage"/>
      </reference>
      <name value="ประเภทสถานพยาบาล ตามสิทธิการรักษา"/>
      <description value="ใช้ประกอบการบันทึกข้อมูลเรื่องสิทธิการรักษา ตามโครงสร้างข้อมูล 43 แฟ้ม"/>
      <exampleBoolean value="false"/>
    </resource>
    <resource>
      <extension url="http://hl7.org/fhir/tools/StructureDefinition/resource-information">
        <valueString value="CodeSystem"/>
      </extension>
      <reference>
        <reference value="CodeSystem/cs-thcc-qn-type"/>
      </reference>
      <name value="ชนิดแบบสอบถาม 43 แฟ้ม plus"/>
      <description value="ชนิดแบบสอบถามที่ใช้ประกอบการเก็บข้อมูลตามโครงสร้างข้อมูล 43 แฟ้มเดิมและโครงสร้างอื่น ๆ"/>
      <exampleBoolean value="false"/>
    </resource>
    <resource>
      <extension url="http://hl7.org/fhir/tools/StructureDefinition/resource-information">
        <valueString value="CodeSystem"/>
      </extension>
      <reference>
        <reference value="CodeSystem/cs-thcc-qualification-issuer"/>
      </reference>
      <name value="รหัสสภาวิชาชีพ"/>
      <description value="รหัสสภาวิชาชีพ ตามโครงสร้างข้อมูล 43 แฟ้ม"/>
      <exampleBoolean value="false"/>
    </resource>
    <resource>
      <extension url="http://hl7.org/fhir/tools/StructureDefinition/resource-information">
        <valueString value="CodeSystem"/>
      </extension>
      <reference>
        <reference value="CodeSystem/cs-thcc-religion"/>
      </reference>
      <name value="ชุดรหัสศาสนา"/>
      <description value="ชุดรหัสศาสนา จาก THCC ซึ่งใช้ในโครงสร้างข้อมูล 43 แฟ้ม"/>
      <exampleBoolean value="false"/>
    </resource>
    <resource>
      <extension url="http://hl7.org/fhir/tools/StructureDefinition/resource-information">
        <valueString value="CodeSystem"/>
      </extension>
      <reference>
        <reference value="CodeSystem/cs-thcc-social-obs-type"/>
      </reference>
      <name value="ชนิดประวัติทางสังคม"/>
      <description value="ใช้ระบุชนิดประวัติทางสังคมต่าง ๆ ซึ่งใช้ในโครงสร้างข้อมูล 43 แฟ้ม"/>
      <exampleBoolean value="false"/>
    </resource>
    <resource>
      <extension url="http://hl7.org/fhir/tools/StructureDefinition/resource-information">
        <valueString value="CodeSystem"/>
      </extension>
      <reference>
        <reference value="CodeSystem/cs-thcc-status-in-family"/>
      </reference>
      <name value="สถานะในครอบครัว"/>
      <description value="ใช้ระบุสถานะในครอบครัว ซึ่งใช้ในโครงสร้างข้อมูล 43 แฟ้ม"/>
      <exampleBoolean value="false"/>
    </resource>
    <resource>
      <extension url="http://hl7.org/fhir/tools/StructureDefinition/resource-information">
        <valueString value="CodeSystem"/>
      </extension>
      <reference>
        <reference value="CodeSystem/cs-thcc-status-in-village"/>
      </reference>
      <name value="สถานะในชุมชน"/>
      <description value="ใช้ระบุสถานะในชุมชน ซึ่งใช้ในโครงสร้างข้อมูล 43 แฟ้ม"/>
      <exampleBoolean value="false"/>
    </resource>
    <resource>
      <extension url="http://hl7.org/fhir/tools/StructureDefinition/resource-information">
        <valueString value="CodeSystem"/>
      </extension>
      <reference>
        <reference value="CodeSystem/cs-thcc-village-area"/>
      </reference>
      <name value="เขตที่ตั้งของหมู่บ้าน"/>
      <description value="เขตที่ตั้งของหมู่บ้าน จาก THCC ซึ่งใช้ในโครงสร้างข้อมูล 43 แฟ้ม"/>
      <exampleBoolean value="false"/>
    </resource>
    <resource>
      <extension url="http://hl7.org/fhir/tools/StructureDefinition/resource-information">
        <valueString value="CodeSystem"/>
      </extension>
      <reference>
        <reference value="CodeSystem/cs-thcc-43file-type"/>
      </reference>
      <name value="ชุดรหัสการศึกษา ISCED 1997"/>
      <description value="รหัสมาตรฐานระดับการศึกษา พัฒนาโดยสำนักงานสถิติแห่งชาติ (สสช) โดยอ้างอิงมาตรฐานจำแนกการศึกษาสากล (International Standard Classification of Education: ISCED 1997) ของ UNESCO และนำมาประยุกต์เพิ่มรายละเอียดให้เหมาะสมกับระบบการศึกษาของประเทศไทย"/>
      <exampleBoolean value="false"/>
    </resource>
    <resource>
      <extension url="http://hl7.org/fhir/tools/StructureDefinition/resource-information">
        <valueString value="NamingSystem"/>
      </extension>
      <reference>
        <reference value="NamingSystem/IDDopaHouseNo"/>
      </reference>
      <name value="รหัสประจำบ้าน"/>
      <description value="รหัสประจำบ้าน เลขรหัสที่อยู่ในสมุดทะเบียนบ้าน ออกโดยกรมการปกครอง"/>
      <exampleBoolean value="false"/>
    </resource>
    <resource>
      <extension url="http://hl7.org/fhir/tools/StructureDefinition/resource-information">
        <valueString value="NamingSystem"/>
      </extension>
      <reference>
        <reference value="NamingSystem/IDHcode"/>
      </reference>
      <name value="เลขรหัสสถานพยาบาล"/>
      <description value="เลขรหัสสถานพยาบาล 5 หลักและ 9 หลัก ออกโดยกองยุทธศาสตร์และแผนงาน สำนักงานปลัดกระทรวงสาธารณสุข"/>
      <exampleBoolean value="false"/>
    </resource>
    <resource>
      <extension url="http://hl7.org/fhir/tools/StructureDefinition/resource-information">
        <valueString value="NamingSystem"/>
      </extension>
      <reference>
        <reference value="NamingSystem/IDThaiCid"/>
      </reference>
      <name value="เลขประจำตัวประชาชนไทย"/>
      <description value="เลขประจำตัวประชาชน ออกโดย กรมการปกครอง กระทรวงมหาดไทย"/>
      <exampleBoolean value="false"/>
    </resource>
    <resource>
      <extension url="http://hl7.org/fhir/tools/StructureDefinition/resource-information">
        <valueString value="NamingSystem"/>
      </extension>
      <reference>
        <reference value="NamingSystem/IDThaiDentist"/>
      </reference>
      <name value="เลขประจำตัวทันตแพทย์"/>
      <description value="เลขที่ใบประกอบวิชาชีพทันตกรรม (Thai Dental License Number)"/>
      <exampleBoolean value="false"/>
    </resource>
    <resource>
      <extension url="http://hl7.org/fhir/tools/StructureDefinition/resource-information">
        <valueString value="NamingSystem"/>
      </extension>
      <reference>
        <reference value="NamingSystem/IDThaiDoctor"/>
      </reference>
      <name value="เลขประจำตัวแพทย์"/>
      <description value="เลขที่ใบประกอบวิชาชีพเวชกรรม (Thai Medical License Number)"/>
      <exampleBoolean value="false"/>
    </resource>
    <resource>
      <extension url="http://hl7.org/fhir/tools/StructureDefinition/resource-information">
        <valueString value="NamingSystem"/>
      </extension>
      <reference>
        <reference value="NamingSystem/IDThaiMedTech"/>
      </reference>
      <name value="เลขประจำตัวนักเทคนิคการแพทย์"/>
      <description value="เลขที่ใบประกอบวิชาชีพเทคนิคการแพทย์ (Thai Medical Technologist License Number)"/>
      <exampleBoolean value="false"/>
    </resource>
    <resource>
      <extension url="http://hl7.org/fhir/tools/StructureDefinition/resource-information">
        <valueString value="NamingSystem"/>
      </extension>
      <reference>
        <reference value="NamingSystem/IDThaiNurse"/>
      </reference>
      <name value="เลขประจำตัวพยาบาล"/>
      <description value="เลขที่ใบประกอบวิชาชีพพยาบาล (Thai Registered Nurse Number)"/>
      <exampleBoolean value="false"/>
    </resource>
    <resource>
      <extension url="http://hl7.org/fhir/tools/StructureDefinition/resource-information">
        <valueString value="NamingSystem"/>
      </extension>
      <reference>
        <reference value="NamingSystem/IDThaiPharmacist"/>
      </reference>
      <name value="เลขประจำตัวเภสัชกร"/>
      <description value="เลขที่ใบประกอบวิชาชีพเภสัชกรรม (Thai Pharmacist License Number)"/>
      <exampleBoolean value="false"/>
    </resource>
    <resource>
      <extension url="http://hl7.org/fhir/tools/StructureDefinition/resource-information">
        <valueString value="NamingSystem"/>
      </extension>
      <reference>
        <reference value="NamingSystem/IDThaiPhysio"/>
      </reference>
      <name value="เลขประจำตัวนักกายภาพบำบัด"/>
      <description value="เลขที่ใบประกอบวิชาชีพนักกายภาพบำบัด (Thai Physical Therapist License Number)"/>
      <exampleBoolean value="false"/>
    </resource>
    <resource>
      <extension url="http://hl7.org/fhir/tools/StructureDefinition/resource-information">
        <valueString value="NamingSystem"/>
      </extension>
      <reference>
        <reference value="NamingSystem/IDThaiVet"/>
      </reference>
      <name value="เลขประจำตัวสัตวแพทย์"/>
      <description value="เลขที่ใบประกอบวิชาชีพการสัตวแพทย์ (Thai Veterinary License Number)"/>
      <exampleBoolean value="false"/>
    </resource>
    <resource>
      <extension url="http://hl7.org/fhir/tools/StructureDefinition/resource-information">
        <valueString value="NamingSystem"/>
      </extension>
      <reference>
        <reference value="NamingSystem/IDThaiWorkPermit"/>
      </reference>
      <name value="เลขที่ใบอนุญาตทำงานคนต่างด้าว"/>
      <description value="เลขที่ใบอนุญาตทำงานคนต่างด้าว ออกโดย กรมการจัดหางาน กระทรวงแรงงาน"/>
      <exampleBoolean value="false"/>
    </resource>
    <page>
      <nameUrl value="toc.html"/>
      <title value="Table of Contents"/>
      <generation value="html"/>
      <page>
        <nameUrl value="index.html"/>
        <title value="Home"/>
        <generation value="markdown"/>
      </page>
      <page>
        <nameUrl value="identifier-systems.html"/>
        <title value="Identifier Systems"/>
        <generation value="markdown"/>
      </page>
    </page>
    <parameter>
      <code value="copyrightyear"/>
      <value value="2022+"/>
    </parameter>
    <parameter>
      <code value="releaselabel"/>
      <value value="ci-build"/>
    </parameter>
    <parameter>
      <code value="apply-publisher"/>
      <value value="true"/>
    </parameter>
    <parameter>
      <code value="apply-contact"/>
      <value value="true"/>
    </parameter>
    <parameter>
      <code value="show-inherited-invariants"/>
      <value value="false"/>
    </parameter>
    <parameter>
      <code value="autoload-resources"/>
      <value value="true"/>
    </parameter>
    <parameter>
      <code value="path-resource"/>
      <value value="input/capabilities"/>
    </parameter>
    <parameter>
      <code value="path-resource"/>
      <value value="input/examples"/>
    </parameter>
    <parameter>
      <code value="path-resource"/>
      <value value="input/extensions"/>
    </parameter>
    <parameter>
      <code value="path-resource"/>
      <value value="input/models"/>
    </parameter>
    <parameter>
      <code value="path-resource"/>
      <value value="input/operations"/>
    </parameter>
    <parameter>
      <code value="path-resource"/>
      <value value="input/profiles"/>
    </parameter>
    <parameter>
      <code value="path-resource"/>
      <value value="input/resources"/>
    </parameter>
    <parameter>
      <code value="path-resource"/>
      <value value="input/vocabulary"/>
    </parameter>
    <parameter>
      <code value="path-resource"/>
      <value value="input/maps"/>
    </parameter>
    <parameter>
      <code value="path-resource"/>
      <value value="input/testing"/>
    </parameter>
    <parameter>
      <code value="path-resource"/>
      <value value="input/history"/>
    </parameter>
    <parameter>
      <code value="path-resource"/>
      <value value="fsh-generated/resources"/>
    </parameter>
    <parameter>
      <code value="path-pages"/>
      <value value="template/config"/>
    </parameter>
    <parameter>
      <code value="path-pages"/>
      <value value="input/images"/>
    </parameter>
    <parameter>
      <code value="path-liquid"/>
      <value value="template/liquid"/>
    </parameter>
    <parameter>
      <code value="path-liquid"/>
      <value value="input/liquid"/>
    </parameter>
    <parameter>
      <code value="path-qa"/>
      <value value="temp/qa"/>
    </parameter>
    <parameter>
      <code value="path-temp"/>
      <value value="temp/pages"/>
    </parameter>
    <parameter>
      <code value="path-output"/>
      <value value="output"/>
    </parameter>
    <parameter>
      <code value="path-tx-cache"/>
      <value value="input-cache/txcache"/>
    </parameter>
    <parameter>
      <code value="path-suppressed-warnings"/>
      <value value="input/ignoreWarnings.txt"/>
    </parameter>
    <parameter>
      <code value="path-history"/>
      <value value="https://terms.sil-th.org/history.html"/>
    </parameter>
    <parameter>
      <code value="template-html"/>
      <value value="template-page.html"/>
    </parameter>
    <parameter>
      <code value="template-md"/>
      <value value="template-page-md.html"/>
    </parameter>
    <parameter>
      <code value="apply-context"/>
      <value value="true"/>
    </parameter>
    <parameter>
      <code value="apply-copyright"/>
      <value value="true"/>
    </parameter>
    <parameter>
      <code value="apply-jurisdiction"/>
      <value value="true"/>
    </parameter>
    <parameter>
      <code value="apply-license"/>
      <value value="true"/>
    </parameter>
    <parameter>
      <code value="apply-version"/>
      <value value="true"/>
    </parameter>
    <parameter>
      <code value="active-tables"/>
      <value value="true"/>
    </parameter>
    <parameter>
      <code value="fmm-definition"/>
      <value value="http://hl7.org/fhir/versions.html#maturity"/>
    </parameter>
    <parameter>
      <code value="propagate-status"/>
      <value value="true"/>
    </parameter>
    <parameter>
      <code value="excludelogbinaryformat"/>
      <value value="true"/>
    </parameter>
  </definition>
</ImplementationGuide>