[
  {
    "id": "cs-dopa-location",
    "type": "CodeSystem",
    "url": "http://terms.sil-th.org/CodeSystem/cs-dopa-location",
    "version": "0.1.0",
    "name": "CS_DOPA_Location"
  },
  {
    "id": "cs-dopa-nameprefix",
    "type": "CodeSystem",
    "url": "http://terms.sil-th.org/CodeSystem/cs-dopa-nameprefix",
    "version": "0.1.0",
    "name": "CS_DOPA_NamePrefix"
  },
  {
    "id": "cs-thcc-allergy-assert-type",
    "type": "CodeSystem",
    "url": "http://terms.sil-th.org/CodeSystem/cs-thcc-allergy-assert-type",
    "version": "0.1.0",
    "name": "CS_THCC_AllergyAssertType"
  },
  {
    "id": "cs-thcc-allergy-certainty",
    "type": "CodeSystem",
    "url": "http://terms.sil-th.org/CodeSystem/cs-thcc-allergy-certainty",
    "version": "0.1.0",
    "name": "CS_THCC_AllergyCertainy"
  },
  {
    "id": "cs-thcc-allergy-manifest",
    "type": "CodeSystem",
    "url": "http://terms.sil-th.org/CodeSystem/cs-thcc-allergy-manifest",
    "version": "0.1.0",
    "name": "CS_THCC_AllergyManifest"
  },
  {
    "id": "cs-thcc-allergy-severity",
    "type": "CodeSystem",
    "url": "http://terms.sil-th.org/CodeSystem/cs-thcc-allergy-severity",
    "version": "0.1.0",
    "name": "CS_THCC_AllergySeverity"
  },
  {
    "id": "cs-thcc-allergy-verify",
    "type": "CodeSystem",
    "url": "http://terms.sil-th.org/CodeSystem/cs-thcc-allergy-verify",
    "version": "0.1.0",
    "name": "CS_THCC_AllergyVerify"
  },
  {
    "id": "cs-thcc-functional-conclusion",
    "type": "CodeSystem",
    "url": "http://terms.sil-th.org/CodeSystem/cs-thcc-functional-conclusion",
    "version": "0.1.0",
    "name": "CS_THCC_FunctionalConclusion"
  },
  {
    "id": "cs-thcc-functional-test",
    "type": "CodeSystem",
    "url": "http://terms.sil-th.org/CodeSystem/cs-thcc-functional-test",
    "version": "0.1.0",
    "name": "CS_THCC_FunctionalTest"
  },
  {
    "id": "cs-thcc-43file-type",
    "type": "CodeSystem",
    "url": "http://terms.sil-th.org/CodeSystem/isced-97",
    "version": "0.1.0",
    "name": "CS_TH_ISCED1997"
  },
  {
    "id": "vs-thcc-icf",
    "type": "ValueSet",
    "url": "http://terms.sil-th.org/ValueSet/vs-thcc-icf",
    "version": "0.1.0",
    "name": "VS_THCC_ICF"
  },
  {
    "id": "cs-thcc-43filetype",
    "type": "CodeSystem",
    "url": "https://terms.sil-th.org/CodeSystem/cs-thcc-43file-type",
    "version": "0.1.0",
    "name": "CS_THCC_43fileType"
  },
  {
    "id": "cs-thcc-chronic-discharge-reason",
    "type": "CodeSystem",
    "url": "https://terms.sil-th.org/CodeSystem/cs-thcc-chronic-discharge-reason",
    "version": "0.1.0",
    "name": "CS_THCC_ChronicDischargeReason"
  },
  {
    "id": "cs-thcc-contraceptive",
    "type": "CodeSystem",
    "url": "https://terms.sil-th.org/CodeSystem/cs-thcc-contraceptive",
    "version": "0.1.0",
    "name": "CS_THCC_Contraceptive"
  },
  {
    "id": "cs-thcc-coverage-type",
    "type": "CodeSystem",
    "url": "https://terms.sil-th.org/CodeSystem/cs-thcc-coverage-type",
    "version": "0.1.0",
    "name": "CS_THCC_CoverageType"
  },
  {
    "id": "cs-thcc-death-location-type",
    "type": "CodeSystem",
    "url": "https://terms.sil-th.org/CodeSystem/cs-thcc-death-location-type",
    "version": "0.1.0",
    "name": "CS_THCC_DeathLocType"
  },
  {
    "id": "cs-thcc-death-pregnancy",
    "type": "CodeSystem",
    "url": "https://terms.sil-th.org/CodeSystem/cs-thcc-death-pregnancy",
    "version": "0.1.0",
    "name": "CS_THCC_DeathPregnancy"
  },
  {
    "id": "cs-thcc-disability-reason",
    "type": "CodeSystem",
    "url": "https://terms.sil-th.org/CodeSystem/cs-thcc-disability-reason",
    "version": "0.1.0",
    "name": "CS_THCC_DisabilityReason"
  },
  {
    "id": "cs-thcc-disability-type",
    "type": "CodeSystem",
    "url": "https://terms.sil-th.org/CodeSystem/cs-thcc-disability-type",
    "version": "0.1.0",
    "name": "CS_THCC_DisabilityType"
  },
  {
    "id": "cs-thcc-educationlevel",
    "type": "CodeSystem",
    "url": "https://terms.sil-th.org/CodeSystem/cs-thcc-education-level",
    "version": "0.1.0",
    "name": "CS_THCC_EducationLevel"
  },
  {
    "id": "cs-thcc-house-type",
    "type": "CodeSystem",
    "url": "https://terms.sil-th.org/CodeSystem/cs-thcc-house-type",
    "version": "0.1.0",
    "name": "CS_THCC_HouseType"
  },
  {
    "id": "cs-thcc-in-municipality",
    "type": "CodeSystem",
    "url": "https://terms.sil-th.org/CodeSystem/cs-thcc-in-municipality",
    "version": "0.1.0",
    "name": "CS_THCC_InMunicipality"
  },
  {
    "id": "cs-thcc-marital",
    "type": "CodeSystem",
    "url": "https://terms.sil-th.org/CodeSystem/cs-thcc-marital",
    "version": "0.1.0",
    "name": "CS_THCC_Marital"
  },
  {
    "id": "cs-thcc-nationality",
    "type": "CodeSystem",
    "url": "https://terms.sil-th.org/CodeSystem/cs-thcc-nationality",
    "version": "0.1.0",
    "name": "CS_THCC_Nationality"
  },
  {
    "id": "cs-thcc-no-contraceptive",
    "type": "CodeSystem",
    "url": "https://terms.sil-th.org/CodeSystem/cs-thcc-no-contraceptive",
    "version": "0.1.0",
    "name": "CS_THCC_NoContraceptive"
  },
  {
    "id": "cs-thcc-occupation",
    "type": "CodeSystem",
    "url": "https://terms.sil-th.org/CodeSystem/cs-thcc-occupation",
    "version": "0.1.0",
    "name": "CS_THCC_Occupation"
  },
  {
    "id": "cs-thcc-person-status",
    "type": "CodeSystem",
    "url": "https://terms.sil-th.org/CodeSystem/cs-thcc-person-status",
    "version": "0.1.0",
    "name": "CS_THCC_PersonStatus"
  },
  {
    "id": "cs-thcc-pid-remove-reason",
    "type": "CodeSystem",
    "url": "https://terms.sil-th.org/CodeSystem/cs-thcc-pid-remove-reason",
    "version": "0.1.0",
    "name": "CS_THCC_PidRemoveReason"
  },
  {
    "id": "cs-thcc-provider-type",
    "type": "CodeSystem",
    "url": "https://terms.sil-th.org/CodeSystem/cs-thcc-provider-type",
    "version": "0.1.0",
    "name": "CS_THCC_IndProviderType"
  },
  {
    "id": "cs-thcc-provider-type-coverage",
    "type": "CodeSystem",
    "url": "https://terms.sil-th.org/CodeSystem/cs-thcc-provider-type-coverage",
    "version": "0.1.0",
    "name": "CS_THCC_ProviderTypeCoverage"
  },
  {
    "id": "cs-thcc-qn-type",
    "type": "CodeSystem",
    "url": "https://terms.sil-th.org/CodeSystem/cs-thcc-qn-type",
    "version": "0.1.0",
    "name": "CS_THCC_QnType"
  },
  {
    "id": "cs-thcc-qualification-issuer",
    "type": "CodeSystem",
    "url": "https://terms.sil-th.org/CodeSystem/cs-thcc-qualification-issuer",
    "version": "0.1.0",
    "name": "CS_THCC_QualificationIssuer"
  },
  {
    "id": "cs-thcc-religion",
    "type": "CodeSystem",
    "url": "https://terms.sil-th.org/CodeSystem/cs-thcc-religion",
    "version": "0.1.0",
    "name": "CS_THCC_Religion"
  },
  {
    "id": "cs-thcc-social-obs-type",
    "type": "CodeSystem",
    "url": "https://terms.sil-th.org/CodeSystem/cs-thcc-soical-obs-type",
    "version": "0.1.0",
    "name": "CS_THCC_SocialObsType"
  },
  {
    "id": "cs-thcc-status-in-family",
    "type": "CodeSystem",
    "url": "https://terms.sil-th.org/CodeSystem/cs-thcc-status-in-family",
    "version": "0.1.0",
    "name": "CS_THCC_StatusInFamily"
  },
  {
    "id": "cs-thcc-status-in-village",
    "type": "CodeSystem",
    "url": "https://terms.sil-th.org/CodeSystem/cs-thcc-status-in-village",
    "version": "0.1.0",
    "name": "CS_THCC_StatusInVillage"
  },
  {
    "id": "cs-thcc-village-area",
    "type": "CodeSystem",
    "url": "https://terms.sil-th.org/CodeSystem/cs-thcc-village-area",
    "version": "0.1.0",
    "name": "CS_THCC_VillageArea"
  },
  {
    "id": "sil-th-terminology",
    "type": "ImplementationGuide",
    "url": "https://terms.sil-th.org/ImplementationGuide/sil-th-terminology",
    "version": "0.1.0",
    "name": "SilTHTerminology"
  },
  {
    "id": "IDDopaHouseNo",
    "type": "NamingSystem",
    "url": "https://terms.sil-th.org/NamingSystem/IDDopaHouseNo",
    "version": "0.1.0",
    "name": "IDDopaHouseNo"
  },
  {
    "id": "IDHcode",
    "type": "NamingSystem",
    "url": "https://terms.sil-th.org/NamingSystem/IDHcode",
    "version": "0.1.0",
    "name": "IDHcode"
  },
  {
    "id": "IDThaiCid",
    "type": "NamingSystem",
    "url": "https://terms.sil-th.org/NamingSystem/IDThaiCid",
    "version": "0.1.0",
    "name": "IDThaiCid"
  },
  {
    "id": "IDThaiDentist",
    "type": "NamingSystem",
    "url": "https://terms.sil-th.org/NamingSystem/IDThaiDentist",
    "version": "0.1.0",
    "name": "IDThaiDentist"
  },
  {
    "id": "IDThaiDoctor",
    "type": "NamingSystem",
    "url": "https://terms.sil-th.org/NamingSystem/IDThaiDoctor",
    "version": "0.1.0",
    "name": "IDThaiDoctor"
  },
  {
    "id": "IDThaiMedTech",
    "type": "NamingSystem",
    "url": "https://terms.sil-th.org/NamingSystem/IDThaiMedTech",
    "version": "0.1.0",
    "name": "IDThaiMedTech"
  },
  {
    "id": "IDThaiNurse",
    "type": "NamingSystem",
    "url": "https://terms.sil-th.org/NamingSystem/IDThaiNurse",
    "version": "0.1.0",
    "name": "IDThaiNurse"
  },
  {
    "id": "IDThaiPharmacist",
    "type": "NamingSystem",
    "url": "https://terms.sil-th.org/NamingSystem/IDThaiPharmacist",
    "version": "0.1.0",
    "name": "IDThaiPharmacist"
  },
  {
    "id": "IDThaiPhysio",
    "type": "NamingSystem",
    "url": "https://terms.sil-th.org/NamingSystem/IDThaiPhysio",
    "version": "0.1.0",
    "name": "IDThaiPhysio"
  },
  {
    "id": "IDThaiVet",
    "type": "NamingSystem",
    "url": "https://terms.sil-th.org/NamingSystem/IDThaiVet",
    "version": "0.1.0",
    "name": "IDThaiVet"
  },
  {
    "id": "IDThaiWorkPermit",
    "type": "NamingSystem",
    "url": "https://terms.sil-th.org/NamingSystem/IDThaiWorkPermit",
    "version": "0.1.0",
    "name": "IDThaiWorkPermit"
  },
  {
    "id": "cs-int-isco-08",
    "type": "CodeSystem",
    "url": "urn:oid:2.16.840.1.113883.2.9.6.2.7",
    "version": "0.1.0",
    "name": "CS_INT_ISCO08"
  }
]