[
  {
    "id": "cs-dopa-location",
    "type": "CodeSystem",
    "url": "http://terms.sil-th.org/CodeSystem/cs-dopa-location",
    "version": "0.1.0",
    "name": "CS_DOPA_Location"
  },
  {
    "id": "cs-dopa-nameprefix",
    "type": "CodeSystem",
    "url": "http://terms.sil-th.org/CodeSystem/cs-dopa-nameprefix",
    "version": "0.1.0",
    "name": "CS_DOPA_NamePrefix"
  },
  {
    "id": "cs-th-icd10tm-lab",
    "type": "CodeSystem",
    "url": "http://terms.sil-th.org/CodeSystem/cs-th-icd10tm-lab",
    "version": "0.1.0",
    "name": "CS_ICD10TM_Lab"
  },
  {
    "id": "cs-thcc-2digit-lab",
    "type": "CodeSystem",
    "url": "http://terms.sil-th.org/CodeSystem/cs-thcc-2digit-lab",
    "version": "0.1.0",
    "name": "CS_THCC_2DigitLab"
  },
  {
    "id": "cs-thcc-accident-admit-source",
    "type": "CodeSystem",
    "url": "http://terms.sil-th.org/CodeSystem/cs-thcc-accident-admit-source",
    "version": "0.1.0",
    "name": "CS_THCC_AccidentAdmitSource"
  },
  {
    "id": "cs-thcc-accident-bleeding",
    "type": "CodeSystem",
    "url": "http://terms.sil-th.org/CodeSystem/cs-thcc-accident-bleeding",
    "version": "0.1.0",
    "name": "CS_THCC_AccidentBleeding"
  },
  {
    "id": "cs-thcc-accident-breathing",
    "type": "CodeSystem",
    "url": "http://terms.sil-th.org/CodeSystem/cs-thcc-accident-breathing",
    "version": "0.1.0",
    "name": "CS_THCC_AccidentBreathing"
  },
  {
    "id": "cs-thcc-accident-cause-group",
    "type": "CodeSystem",
    "url": "http://terms.sil-th.org/CodeSystem/cs-thcc-accident-cause-group",
    "version": "0.1.0",
    "name": "CS_THCC_AccidentCauseGroup"
  },
  {
    "id": "cs-thcc-accident-coverage",
    "type": "CodeSystem",
    "url": "http://terms.sil-th.org/CodeSystem/cs-thcc-accident-coverage",
    "version": "0.1.0",
    "name": "CS_THCC_AccidentCoverage"
  },
  {
    "id": "cs-thcc-accident-iv-fluid",
    "type": "CodeSystem",
    "url": "http://terms.sil-th.org/CodeSystem/cs-thcc-accident-iv-fluid",
    "version": "0.1.0",
    "name": "CS_THCC_AccidentIVFluid"
  },
  {
    "id": "cs-thcc-accident-location",
    "type": "CodeSystem",
    "url": "http://terms.sil-th.org/CodeSystem/cs-thcc-accident-location",
    "version": "0.1.0",
    "name": "CS_THCC_AccidentLocation"
  },
  {
    "id": "cs-thcc-accident-obs",
    "type": "CodeSystem",
    "url": "http://terms.sil-th.org/CodeSystem/cs-thcc-accident-obs",
    "version": "0.1.0",
    "name": "CS_THCC_AccidentObs"
  },
  {
    "id": "cs-thcc-accident-patient-type",
    "type": "CodeSystem",
    "url": "http://terms.sil-th.org/CodeSystem/cs-thcc-accident-patient-type",
    "version": "0.1.0",
    "name": "CS_THCC_AccidentPatientType"
  },
  {
    "id": "cs-thcc-accident-priority",
    "type": "CodeSystem",
    "url": "http://terms.sil-th.org/CodeSystem/cs-thcc-accident-priority",
    "version": "0.1.0",
    "name": "CS_THCC_AccidentPriority"
  },
  {
    "id": "cs-thcc-accident-splint",
    "type": "CodeSystem",
    "url": "http://terms.sil-th.org/CodeSystem/cs-thcc-accident-splint",
    "version": "0.1.0",
    "name": "CS_THCC_AccidentSplint"
  },
  {
    "id": "cs-thcc-accident-vehicle",
    "type": "CodeSystem",
    "url": "http://terms.sil-th.org/CodeSystem/cs-thcc-accident-vehicle",
    "version": "0.1.0",
    "name": "CS_THCC_AccidentVehicle"
  },
  {
    "id": "cs-thcc-admit-source",
    "type": "CodeSystem",
    "url": "http://terms.sil-th.org/CodeSystem/cs-thcc-admit-source",
    "version": "0.1.0",
    "name": "CS_THCC_AdmitSource"
  },
  {
    "id": "cs-thcc-allergy-assert-type",
    "type": "CodeSystem",
    "url": "http://terms.sil-th.org/CodeSystem/cs-thcc-allergy-assert-type",
    "version": "0.1.0",
    "name": "CS_THCC_AllergyAssertType"
  },
  {
    "id": "cs-thcc-allergy-certainty",
    "type": "CodeSystem",
    "url": "http://terms.sil-th.org/CodeSystem/cs-thcc-allergy-certainty",
    "version": "0.1.0",
    "name": "CS_THCC_AllergyCertainy"
  },
  {
    "id": "cs-thcc-allergy-manifest",
    "type": "CodeSystem",
    "url": "http://terms.sil-th.org/CodeSystem/cs-thcc-allergy-manifest",
    "version": "0.1.0",
    "name": "CS_THCC_AllergyManifest"
  },
  {
    "id": "cs-thcc-allergy-severity",
    "type": "CodeSystem",
    "url": "http://terms.sil-th.org/CodeSystem/cs-thcc-allergy-severity",
    "version": "0.1.0",
    "name": "CS_THCC_AllergySeverity"
  },
  {
    "id": "cs-thcc-allergy-verify",
    "type": "CodeSystem",
    "url": "http://terms.sil-th.org/CodeSystem/cs-thcc-allergy-verify",
    "version": "0.1.0",
    "name": "CS_THCC_AllergyVerify"
  },
  {
    "id": "cs-thcc-appoint-service-category",
    "type": "CodeSystem",
    "url": "http://terms.sil-th.org/CodeSystem/cs-thcc-appoint-service-category",
    "version": "0.1.0",
    "name": "CS_THCC_AppointServiceCategory"
  },
  {
    "id": "cs-thcc-appoint-service-type",
    "type": "CodeSystem",
    "url": "http://terms.sil-th.org/CodeSystem/cs-thcc-appoint-service-type",
    "version": "0.1.0",
    "name": "CS_THCC_AppointServiceType"
  },
  {
    "id": "cs-thcc-causative-agent",
    "type": "CodeSystem",
    "url": "http://terms.sil-th.org/CodeSystem/cs-thcc-causative-agent",
    "version": "0.1.0",
    "name": "CS_THCC_CausativeAgent"
  },
  {
    "id": "cs-thcc-contraceptive-method",
    "type": "CodeSystem",
    "url": "http://terms.sil-th.org/CodeSystem/cs-thcc-contraceptive-method",
    "version": "0.1.0",
    "name": "CS_THCC_ContraceptiveMethod"
  },
  {
    "id": "cs-thcc-discharge-status",
    "type": "CodeSystem",
    "url": "http://terms.sil-th.org/CodeSystem/cs-thcc-discharge-status",
    "version": "0.1.0",
    "name": "CS_THCC_DischargeStatus"
  },
  {
    "id": "cs-thcc-disease-cause",
    "type": "CodeSystem",
    "url": "http://terms.sil-th.org/CodeSystem/cs-thcc-disease-cause",
    "version": "0.1.0",
    "name": "CS_THCC_DiseaseCause"
  },
  {
    "id": "cs-thcc-fp-case-type",
    "type": "CodeSystem",
    "url": "http://terms.sil-th.org/CodeSystem/cs-thcc-fp-case-type",
    "version": "0.1.0",
    "name": "CS_THCC_FpCaseType"
  },
  {
    "id": "cs-thcc-functional-conclusion",
    "type": "CodeSystem",
    "url": "http://terms.sil-th.org/CodeSystem/cs-thcc-functional-conclusion",
    "version": "0.1.0",
    "name": "CS_THCC_FunctionalConclusion"
  },
  {
    "id": "cs-thcc-functional-test",
    "type": "CodeSystem",
    "url": "http://terms.sil-th.org/CodeSystem/cs-thcc-functional-test",
    "version": "0.1.0",
    "name": "CS_THCC_FunctionalTest"
  },
  {
    "id": "cs-thcc-ipd-discharge-status",
    "type": "CodeSystem",
    "url": "http://terms.sil-th.org/CodeSystem/cs-thcc-ipd-discharge-status",
    "version": "0.1.0",
    "name": "CS_THCC_IpdDischargeStatus"
  },
  {
    "id": "cs-thcc-ipd-discharge-type",
    "type": "CodeSystem",
    "url": "http://terms.sil-th.org/CodeSystem/cs-thcc-ipd-discharge-type",
    "version": "0.1.0",
    "name": "CS_THCC_IpdDischargeType"
  },
  {
    "id": "cs-thcc-ipd-journey",
    "type": "CodeSystem",
    "url": "http://terms.sil-th.org/CodeSystem/cs-thcc-ipd-journey",
    "version": "0.1.0",
    "name": "CS_THCC_IpdJourney"
  },
  {
    "id": "cs-thcc-labor-location",
    "type": "CodeSystem",
    "url": "http://terms.sil-th.org/CodeSystem/cs-thcc-labor-location",
    "version": "0.1.0",
    "name": "CS_THCC_LaborLocation"
  },
  {
    "id": "cs-thcc-labor-performer-role",
    "type": "CodeSystem",
    "url": "http://terms.sil-th.org/CodeSystem/cs-thcc-labor-performer-role",
    "version": "0.1.0",
    "name": "CS_THCC_LaborPerformerRole"
  },
  {
    "id": "cs-thcc-labor-procedure",
    "type": "CodeSystem",
    "url": "http://terms.sil-th.org/CodeSystem/cs-thcc-labor-procedure",
    "version": "0.1.0",
    "name": "CS_THCC_LaborProcedure"
  },
  {
    "id": "cs-thcc-materal-appointment-type",
    "type": "CodeSystem",
    "url": "http://terms.sil-th.org/CodeSystem/cs-thcc-materal-appointment-type",
    "version": "0.1.0",
    "name": "CS_THCC_MeternalAppointmentType"
  },
  {
    "id": "cs-thcc-misc-pregnancy-obs",
    "type": "CodeSystem",
    "url": "http://terms.sil-th.org/CodeSystem/cs-thcc-misc-pregnancy-obs",
    "version": "0.1.0",
    "name": "CS_THCC_MiscPregnancyObs"
  },
  {
    "id": "cs-thcc-ncd-alchohol",
    "type": "CodeSystem",
    "url": "http://terms.sil-th.org/CodeSystem/cs-thcc-ncd-alchohol",
    "version": "0.1.0",
    "name": "CS_THCC_NcdAlcohol"
  },
  {
    "id": "cs-thcc-ncd-fbs-method",
    "type": "CodeSystem",
    "url": "http://terms.sil-th.org/CodeSystem/cs-thcc-ncd-fbs-method",
    "version": "0.1.0",
    "name": "CS_THCC_NcdFbsMethod"
  },
  {
    "id": "cs-thcc-ncd-foot-exam",
    "type": "CodeSystem",
    "url": "http://terms.sil-th.org/CodeSystem/cs-thcc-ncd-foot-exam",
    "version": "0.1.0",
    "name": "CS_THCC_NcdFootExam"
  },
  {
    "id": "cs-thcc-ncd-retina-exam",
    "type": "CodeSystem",
    "url": "http://terms.sil-th.org/CodeSystem/cs-thcc-ncd-retina-exam",
    "version": "0.1.0",
    "name": "CS_THCC_NcdRetinaExam"
  },
  {
    "id": "cs-thcc-ncd-smoking",
    "type": "CodeSystem",
    "url": "http://terms.sil-th.org/CodeSystem/cs-thcc-ncd-smoking",
    "version": "0.1.0",
    "name": "CS_THCC_NcdSmoking"
  },
  {
    "id": "cs-thcc-ncd-status",
    "type": "CodeSystem",
    "url": "http://terms.sil-th.org/CodeSystem/cs-thcc-ncd-status",
    "version": "0.1.0",
    "name": "CS_THCC_NcdStatus"
  },
  {
    "id": "cs-thcc-participant-type",
    "type": "CodeSystem",
    "url": "http://terms.sil-th.org/CodeSystem/cs-thcc-participant-type",
    "version": "0.1.0",
    "name": "CS_THCC_ParticipantType"
  },
  {
    "id": "cs-thcc-patient-location-type",
    "type": "CodeSystem",
    "url": "http://terms.sil-th.org/CodeSystem/cs-thcc-patient-location-type",
    "version": "0.1.0",
    "name": "CS_THCC_PatientLocationType"
  },
  {
    "id": "cs-thcc-pregnancy-outcome",
    "type": "CodeSystem",
    "url": "http://terms.sil-th.org/CodeSystem/cs-thcc-pregnancy-outcome",
    "version": "0.1.0",
    "name": "CS_THCC_PregnancyOutcome"
  },
  {
    "id": "cs-thcc-provider-type",
    "type": "CodeSystem",
    "url": "http://terms.sil-th.org/CodeSystem/cs-thcc-provider-type",
    "version": "0.1.0",
    "name": "CS_THCC_ProviderType"
  },
  {
    "id": "cs-thcc-refer-in-reason",
    "type": "CodeSystem",
    "url": "http://terms.sil-th.org/CodeSystem/cs-thcc-refer-in-reason",
    "version": "0.1.0",
    "name": "CS_THCC_ReferReason"
  },
  {
    "id": "cs-thcc-refer-outcome",
    "type": "CodeSystem",
    "url": "http://terms.sil-th.org/CodeSystem/cs-thcc-refer-outcome",
    "version": "0.1.0",
    "name": "CS_THCC_ReferOutcome"
  },
  {
    "id": "cs-thcc-rehab-device",
    "type": "CodeSystem",
    "url": "http://terms.sil-th.org/CodeSystem/cs-thcc-rehab-device",
    "version": "0.1.0",
    "name": "CS_THCC_RehabDevice"
  },
  {
    "id": "cs-thcc-rehab-service-type",
    "type": "CodeSystem",
    "url": "http://terms.sil-th.org/CodeSystem/cs-thcc-rehab-service-type",
    "version": "0.1.0",
    "name": "CS_THCC_RehabServiceType"
  },
  {
    "id": "cs-thcc-screening-result",
    "type": "CodeSystem",
    "url": "http://terms.sil-th.org/CodeSystem/cs-thcc-screening-result",
    "version": "0.1.0",
    "name": "CS_THCC_ScreeningResult"
  },
  {
    "id": "cs-thcc-service-hour",
    "type": "CodeSystem",
    "url": "http://terms.sil-th.org/CodeSystem/cs-thcc-service-hour",
    "version": "0.1.0",
    "name": "CS_THCC_ServiceHour"
  },
  {
    "id": "cs-thcc-service-location",
    "type": "CodeSystem",
    "url": "http://terms.sil-th.org/CodeSystem/cs-thcc-service-location",
    "version": "0.1.0",
    "name": "CS_THCC_ServiceLocation"
  },
  {
    "id": "cs-thcc-service-location-type",
    "type": "CodeSystem",
    "url": "http://terms.sil-th.org/CodeSystem/cs-thcc-service-location-type",
    "version": "0.1.0",
    "name": "CS_THCC_ServiceLocationType"
  },
  {
    "id": "cs-thcc-service-priority",
    "type": "CodeSystem",
    "url": "http://terms.sil-th.org/CodeSystem/cs-thcc-service-priority",
    "version": "0.1.0",
    "name": "CS_THCC_ServicePriority"
  },
  {
    "id": "cs-thcc-service-type-th",
    "type": "CodeSystem",
    "url": "http://terms.sil-th.org/CodeSystem/cs-thcc-service-type-th",
    "version": "0.1.0",
    "name": "CS_THCC_ServiceTypeTH"
  },
  {
    "id": "cs-thcc-surveillance-group",
    "type": "CodeSystem",
    "url": "http://terms.sil-th.org/CodeSystem/cs-thcc-surveillance-group",
    "version": "0.1.0",
    "name": "CS_THCC_SurvGroup"
  },
  {
    "id": "cs-thcc-43file-type",
    "type": "CodeSystem",
    "url": "http://terms.sil-th.org/CodeSystem/isced-97",
    "version": "0.1.0",
    "name": "CS_TH_ISCED1997"
  },
  {
    "id": "vs-thcc-icf",
    "type": "ValueSet",
    "url": "http://terms.sil-th.org/ValueSet/vs-thcc-icf",
    "version": "0.1.0",
    "name": "VS_THCC_ICF"
  },
  {
    "id": "cs-thcc-43filetype",
    "type": "CodeSystem",
    "url": "https://terms.sil-th.org/CodeSystem/cs-thcc-43file-type",
    "version": "0.1.0",
    "name": "CS_THCC_43fileType"
  },
  {
    "id": "cs-thcc-chronic-discharge-reason",
    "type": "CodeSystem",
    "url": "https://terms.sil-th.org/CodeSystem/cs-thcc-chronic-discharge-reason",
    "version": "0.1.0",
    "name": "CS_THCC_ChronicDischargeReason"
  },
  {
    "id": "cs-thcc-contraceptive",
    "type": "CodeSystem",
    "url": "https://terms.sil-th.org/CodeSystem/cs-thcc-contraceptive",
    "version": "0.1.0",
    "name": "CS_THCC_Contraceptive"
  },
  {
    "id": "cs-thcc-coverage-type",
    "type": "CodeSystem",
    "url": "https://terms.sil-th.org/CodeSystem/cs-thcc-coverage-type",
    "version": "0.1.0",
    "name": "CS_THCC_CoverageType"
  },
  {
    "id": "cs-thcc-death-location-type",
    "type": "CodeSystem",
    "url": "https://terms.sil-th.org/CodeSystem/cs-thcc-death-location-type",
    "version": "0.1.0",
    "name": "CS_THCC_DeathLocType"
  },
  {
    "id": "cs-thcc-death-pregnancy",
    "type": "CodeSystem",
    "url": "https://terms.sil-th.org/CodeSystem/cs-thcc-death-pregnancy",
    "version": "0.1.0",
    "name": "CS_THCC_DeathPregnancy"
  },
  {
    "id": "cs-thcc-disability-reason",
    "type": "CodeSystem",
    "url": "https://terms.sil-th.org/CodeSystem/cs-thcc-disability-reason",
    "version": "0.1.0",
    "name": "CS_THCC_DisabilityReason"
  },
  {
    "id": "cs-thcc-disability-type",
    "type": "CodeSystem",
    "url": "https://terms.sil-th.org/CodeSystem/cs-thcc-disability-type",
    "version": "0.1.0",
    "name": "CS_THCC_DisabilityType"
  },
  {
    "id": "cs-thcc-educationlevel",
    "type": "CodeSystem",
    "url": "https://terms.sil-th.org/CodeSystem/cs-thcc-education-level",
    "version": "0.1.0",
    "name": "CS_THCC_EducationLevel"
  },
  {
    "id": "cs-thcc-house-type",
    "type": "CodeSystem",
    "url": "https://terms.sil-th.org/CodeSystem/cs-thcc-house-type",
    "version": "0.1.0",
    "name": "CS_THCC_HouseType"
  },
  {
    "id": "cs-thcc-in-municipality",
    "type": "CodeSystem",
    "url": "https://terms.sil-th.org/CodeSystem/cs-thcc-in-municipality",
    "version": "0.1.0",
    "name": "CS_THCC_InMunicipality"
  },
  {
    "id": "cs-thcc-individual-provider-type",
    "type": "CodeSystem",
    "url": "https://terms.sil-th.org/CodeSystem/cs-thcc-individual-provider-type",
    "version": "0.1.0",
    "name": "CS_THCC_IndividualProviderType"
  },
  {
    "id": "cs-thcc-marital",
    "type": "CodeSystem",
    "url": "https://terms.sil-th.org/CodeSystem/cs-thcc-marital",
    "version": "0.1.0",
    "name": "CS_THCC_Marital"
  },
  {
    "id": "cs-thcc-nationality",
    "type": "CodeSystem",
    "url": "https://terms.sil-th.org/CodeSystem/cs-thcc-nationality",
    "version": "0.1.0",
    "name": "CS_THCC_Nationality"
  },
  {
    "id": "cs-thcc-no-contraceptive",
    "type": "CodeSystem",
    "url": "https://terms.sil-th.org/CodeSystem/cs-thcc-no-contraceptive",
    "version": "0.1.0",
    "name": "CS_THCC_NoContraceptive"
  },
  {
    "id": "cs-thcc-occupation",
    "type": "CodeSystem",
    "url": "https://terms.sil-th.org/CodeSystem/cs-thcc-occupation",
    "version": "0.1.0",
    "name": "CS_THCC_Occupation"
  },
  {
    "id": "cs-thcc-person-status",
    "type": "CodeSystem",
    "url": "https://terms.sil-th.org/CodeSystem/cs-thcc-person-status",
    "version": "0.1.0",
    "name": "CS_THCC_PersonStatus"
  },
  {
    "id": "cs-thcc-pid-remove-reason",
    "type": "CodeSystem",
    "url": "https://terms.sil-th.org/CodeSystem/cs-thcc-pid-remove-reason",
    "version": "0.1.0",
    "name": "CS_THCC_PidRemoveReason"
  },
  {
    "id": "cs-thcc-provider-type-coverage",
    "type": "CodeSystem",
    "url": "https://terms.sil-th.org/CodeSystem/cs-thcc-provider-type-coverage",
    "version": "0.1.0",
    "name": "CS_THCC_ProviderTypeCoverage"
  },
  {
    "id": "cs-thcc-qn-type",
    "type": "CodeSystem",
    "url": "https://terms.sil-th.org/CodeSystem/cs-thcc-qn-type",
    "version": "0.1.0",
    "name": "CS_THCC_QnType"
  },
  {
    "id": "cs-thcc-qualification-issuer",
    "type": "CodeSystem",
    "url": "https://terms.sil-th.org/CodeSystem/cs-thcc-qualification-issuer",
    "version": "0.1.0",
    "name": "CS_THCC_QualificationIssuer"
  },
  {
    "id": "cs-thcc-religion",
    "type": "CodeSystem",
    "url": "https://terms.sil-th.org/CodeSystem/cs-thcc-religion",
    "version": "0.1.0",
    "name": "CS_THCC_Religion"
  },
  {
    "id": "cs-thcc-social-obs-type",
    "type": "CodeSystem",
    "url": "https://terms.sil-th.org/CodeSystem/cs-thcc-soical-obs-type",
    "version": "0.1.0",
    "name": "CS_THCC_SocialObsType"
  },
  {
    "id": "cs-thcc-status-in-family",
    "type": "CodeSystem",
    "url": "https://terms.sil-th.org/CodeSystem/cs-thcc-status-in-family",
    "version": "0.1.0",
    "name": "CS_THCC_StatusInFamily"
  },
  {
    "id": "cs-thcc-status-in-village",
    "type": "CodeSystem",
    "url": "https://terms.sil-th.org/CodeSystem/cs-thcc-status-in-village",
    "version": "0.1.0",
    "name": "CS_THCC_StatusInVillage"
  },
  {
    "id": "cs-thcc-village-area",
    "type": "CodeSystem",
    "url": "https://terms.sil-th.org/CodeSystem/cs-thcc-village-area",
    "version": "0.1.0",
    "name": "CS_THCC_VillageArea"
  },
  {
    "id": "sil-th-terminology",
    "type": "ImplementationGuide",
    "url": "https://terms.sil-th.org/ImplementationGuide/sil-th-terminology",
    "version": "0.1.0",
    "name": "SilTHTerminology"
  },
  {
    "id": "IDDopaHouseNo",
    "type": "NamingSystem",
    "url": "https://terms.sil-th.org/NamingSystem/IDDopaHouseNo",
    "version": "0.1.0",
    "name": "IDDopaHouseNo"
  },
  {
    "id": "IDHcode",
    "type": "NamingSystem",
    "url": "https://terms.sil-th.org/NamingSystem/IDHcode",
    "version": "0.1.0",
    "name": "IDHcode"
  },
  {
    "id": "IDThaiCid",
    "type": "NamingSystem",
    "url": "https://terms.sil-th.org/NamingSystem/IDThaiCid",
    "version": "0.1.0",
    "name": "IDThaiCid"
  },
  {
    "id": "IDThaiDentist",
    "type": "NamingSystem",
    "url": "https://terms.sil-th.org/NamingSystem/IDThaiDentist",
    "version": "0.1.0",
    "name": "IDThaiDentist"
  },
  {
    "id": "IDThaiDoctor",
    "type": "NamingSystem",
    "url": "https://terms.sil-th.org/NamingSystem/IDThaiDoctor",
    "version": "0.1.0",
    "name": "IDThaiDoctor"
  },
  {
    "id": "IDThaiMedTech",
    "type": "NamingSystem",
    "url": "https://terms.sil-th.org/NamingSystem/IDThaiMedTech",
    "version": "0.1.0",
    "name": "IDThaiMedTech"
  },
  {
    "id": "IDThaiNurse",
    "type": "NamingSystem",
    "url": "https://terms.sil-th.org/NamingSystem/IDThaiNurse",
    "version": "0.1.0",
    "name": "IDThaiNurse"
  },
  {
    "id": "IDThaiPharmacist",
    "type": "NamingSystem",
    "url": "https://terms.sil-th.org/NamingSystem/IDThaiPharmacist",
    "version": "0.1.0",
    "name": "IDThaiPharmacist"
  },
  {
    "id": "IDThaiPhysio",
    "type": "NamingSystem",
    "url": "https://terms.sil-th.org/NamingSystem/IDThaiPhysio",
    "version": "0.1.0",
    "name": "IDThaiPhysio"
  },
  {
    "id": "IDThaiVet",
    "type": "NamingSystem",
    "url": "https://terms.sil-th.org/NamingSystem/IDThaiVet",
    "version": "0.1.0",
    "name": "IDThaiVet"
  },
  {
    "id": "IDThaiWorkPermit",
    "type": "NamingSystem",
    "url": "https://terms.sil-th.org/NamingSystem/IDThaiWorkPermit",
    "version": "0.1.0",
    "name": "IDThaiWorkPermit"
  },
  {
    "id": "cs-int-isco-08",
    "type": "CodeSystem",
    "url": "urn:oid:2.16.840.1.113883.2.9.6.2.7",
    "version": "0.1.0",
    "name": "CS_INT_ISCO08"
  }
]