[
  {
    "id": "cs-dopa-location",
    "type": "CodeSystem",
    "url": "http://terms.sil-th.org/Codesystem/cs-dopa-location",
    "version": "0.1.0",
    "name": "CS_DOPA_Location"
  },
  {
    "id": "cs-dopa-nameprefix",
    "type": "CodeSystem",
    "url": "http://terms.sil-th.org/Codesystem/cs-dopa-nameprefix",
    "version": "0.1.0",
    "name": "CS_DOPA_NamePrefix"
  },
  {
    "id": "cs-thcc-43filetype",
    "type": "CodeSystem",
    "url": "http://terms.sil-th.org/Codesystem/cs-thcc-43filetype",
    "version": "0.1.0",
    "name": "CS_THCC_43fileType"
  },
  {
    "id": "cs-thcc-house-type",
    "type": "CodeSystem",
    "url": "http://terms.sil-th.org/Codesystem/cs-thcc-house-type",
    "version": "0.1.0",
    "name": "CS_THCC_HouseType"
  },
  {
    "id": "cs-thcc-marital",
    "type": "CodeSystem",
    "url": "http://terms.sil-th.org/Codesystem/cs-thcc-marital",
    "version": "0.1.0",
    "name": "CS_THCC_Marital"
  },
  {
    "id": "cs-thcc-nationality",
    "type": "CodeSystem",
    "url": "http://terms.sil-th.org/Codesystem/cs-thcc-nationality",
    "version": "0.1.0",
    "name": "CS_THCC_Nationality"
  },
  {
    "id": "cs-thcc-occupation",
    "type": "CodeSystem",
    "url": "http://terms.sil-th.org/Codesystem/cs-thcc-occupation",
    "version": "0.1.0",
    "name": "CS_THCC_Occupation"
  },
  {
    "id": "cs-thcc-person-status",
    "type": "CodeSystem",
    "url": "http://terms.sil-th.org/Codesystem/cs-thcc-person-status",
    "version": "0.1.0",
    "name": "CS_THCC_PersonStatus"
  },
  {
    "id": "cs-thcc-pid-remove-reason",
    "type": "CodeSystem",
    "url": "http://terms.sil-th.org/Codesystem/cs-thcc-pid-remove-reason",
    "version": "0.1.0",
    "name": "CS_THCC_PidRemoveReason"
  },
  {
    "id": "cs-thcc-religion",
    "type": "CodeSystem",
    "url": "http://terms.sil-th.org/Codesystem/cs-thcc-religion",
    "version": "0.1.0",
    "name": "CS_THCC_Religion"
  },
  {
    "id": "cs-thcc-soical-obs-type",
    "type": "CodeSystem",
    "url": "http://terms.sil-th.org/Codesystem/cs-thcc-soical-obs-type",
    "version": "0.1.0",
    "name": "CS_THCC_SocialObsType"
  },
  {
    "id": "cs-thcc-status-in-family",
    "type": "CodeSystem",
    "url": "http://terms.sil-th.org/Codesystem/cs-thcc-status-in-family",
    "version": "0.1.0",
    "name": "CS_THCC_StatusInFamily"
  },
  {
    "id": "cs-thcc-status-in-village",
    "type": "CodeSystem",
    "url": "http://terms.sil-th.org/Codesystem/cs-thcc-status-in-village",
    "version": "0.1.0",
    "name": "CS_THCC_StatusInVillage"
  },
  {
    "id": "cs-th-isced1997",
    "type": "CodeSystem",
    "url": "http://terms.sil-th.org/Codesystem/isced-97",
    "version": "0.1.0",
    "name": "CS_TH_ISCED1997"
  },
  {
    "id": "cs-thcc-educationlevel",
    "type": "CodeSystem",
    "url": "https://terms.sil-th.org/Codesystem/cs-thcc-educationlevel",
    "version": "0.1.0",
    "name": "CS_THCC_EducationLevel"
  },
  {
    "id": "sil-th-terminology",
    "type": "ImplementationGuide",
    "url": "https://terms.sil-th.org/ImplementationGuide/sil-th-terminology",
    "version": "0.1.0",
    "name": "SilTHTerminology"
  },
  {
    "id": "cs-int-isco-08",
    "type": "CodeSystem",
    "url": "urn:oid:2.16.840.1.113883.2.9.6.2.7",
    "version": "0.1.0",
    "name": "CS_INT_ISCO08"
  }
]