<?xml version="1.0" encoding="UTF-8"?>

<CodeSystem xmlns="http://hl7.org/fhir">
  <id value="cs-thcc-allergy-assert-type"/>
  <text>
    <status value="generated"/><div xmlns="http://www.w3.org/1999/xhtml"><p>This code system http://terms.sil-th.org/CodeSystem/cs-thcc-allergy-assert-type defines the following codes:</p><table class="codes"><tr><td style="white-space:nowrap"><b>Code</b></td><td><b>Display</b></td></tr><tr><td style="white-space:nowrap">1<a name="cs-thcc-allergy-assert-type-1"> </a></td><td>ผู้ป่วยให้ประวัติเอง</td></tr><tr><td style="white-space:nowrap">2<a name="cs-thcc-allergy-assert-type-2"> </a></td><td>ผู้ป่วยให้ประวัติจากการให้ข้อมูลของสถานพยาบาลอื่น</td></tr><tr><td style="white-space:nowrap">3<a name="cs-thcc-allergy-assert-type-3"> </a></td><td>สถานพยาบาลอื่นเป็นผู้ให้ข้อมูล</td></tr><tr><td style="white-space:nowrap">4<a name="cs-thcc-allergy-assert-type-4"> </a></td><td>สถานพยาบาลแห่งนี้เป็นผู้พบการแพ้ยาเอง</td></tr></table></div>
  </text>
  <url value="http://terms.sil-th.org/CodeSystem/cs-thcc-allergy-assert-type"/>
  <version value="0.1.0"/>
  <name value="CS_THCC_AllergyAssertType"/>
  <title value="รหัสผู้ให้ประวัติการแพ้ยา"/>
  <status value="active"/>
  <date value="2022-08-10T01:32:39+07:00"/>
  <description value="รหัสผู้ให้ประวัติการแพ้ยา ซึ่งใช้ในโครงสร้างข้อมูล 43 แฟ้ม"/>
  <jurisdiction>
    <coding>
      <system value="urn:iso:std:iso:3166"/>
      <code value="TH"/>
    </coding>
  </jurisdiction>
  <content value="complete"/>
  <count value="4"/>
  <concept>
    <code value="1"/>
    <display value="ผู้ป่วยให้ประวัติเอง"/>
  </concept>
  <concept>
    <code value="2"/>
    <display value="ผู้ป่วยให้ประวัติจากการให้ข้อมูลของสถานพยาบาลอื่น"/>
  </concept>
  <concept>
    <code value="3"/>
    <display value="สถานพยาบาลอื่นเป็นผู้ให้ข้อมูล"/>
  </concept>
  <concept>
    <code value="4"/>
    <display value="สถานพยาบาลแห่งนี้เป็นผู้พบการแพ้ยาเอง"/>
  </concept>
</CodeSystem>