<?xml version="1.0" encoding="UTF-8"?>

<CodeSystem xmlns="http://hl7.org/fhir">
  <id value="cs-thcc-ipd-discharge-status"/>
  <text>
    <status value="generated"/><div xmlns="http://www.w3.org/1999/xhtml"><p>This code system http://terms.sil-th.org/CodeSystem/cs-thcc-ipd-discharge-status defines the following codes:</p><table class="codes"><tr><td style="white-space:nowrap"><b>Code</b></td><td><b>Display</b></td></tr><tr><td style="white-space:nowrap">1<a name="cs-thcc-ipd-discharge-status-1"> </a></td><td>Complete Recovery</td></tr><tr><td style="white-space:nowrap">2<a name="cs-thcc-ipd-discharge-status-2"> </a></td><td>Improved</td></tr><tr><td style="white-space:nowrap">3<a name="cs-thcc-ipd-discharge-status-3"> </a></td><td>Not Improved</td></tr><tr><td style="white-space:nowrap">4<a name="cs-thcc-ipd-discharge-status-4"> </a></td><td>Normal Delivery</td></tr><tr><td style="white-space:nowrap">5<a name="cs-thcc-ipd-discharge-status-5"> </a></td><td>Un-Delivery</td></tr><tr><td style="white-space:nowrap">6<a name="cs-thcc-ipd-discharge-status-6"> </a></td><td>Normal child discharged with mother</td></tr><tr><td style="white-space:nowrap">7<a name="cs-thcc-ipd-discharge-status-7"> </a></td><td>Normal child discharged separately</td></tr><tr><td style="white-space:nowrap">8<a name="cs-thcc-ipd-discharge-status-8"> </a></td><td>Dead stillbirth</td></tr><tr><td style="white-space:nowrap">9<a name="cs-thcc-ipd-discharge-status-9"> </a></td><td>Dead</td></tr></table></div>
  </text>
  <url value="http://terms.sil-th.org/CodeSystem/cs-thcc-ipd-discharge-status"/>
  <version value="0.1.0"/>
  <name value="CS_THCC_IpdDischargeStatus"/>
  <title value="รหัสผลการส่งต่อไปรับบริการในสถานพยาบาลอื่น"/>
  <status value="active"/>
  <date value="2022-08-15T02:16:31+07:00"/>
  <description value="รหัสผลการส่งต่อไปรับบริการในสถานพยาบาลอื่น ตามโครงสร้างข้อมูล 43 แฟ้ม"/>
  <jurisdiction>
    <coding>
      <system value="urn:iso:std:iso:3166"/>
      <code value="TH"/>
    </coding>
  </jurisdiction>
  <content value="complete"/>
  <count value="9"/>
  <concept>
    <code value="1"/>
    <display value="Complete Recovery"/>
  </concept>
  <concept>
    <code value="2"/>
    <display value="Improved"/>
  </concept>
  <concept>
    <code value="3"/>
    <display value="Not Improved"/>
  </concept>
  <concept>
    <code value="4"/>
    <display value="Normal Delivery"/>
  </concept>
  <concept>
    <code value="5"/>
    <display value="Un-Delivery"/>
  </concept>
  <concept>
    <code value="6"/>
    <display value="Normal child discharged with mother"/>
  </concept>
  <concept>
    <code value="7"/>
    <display value="Normal child discharged separately"/>
  </concept>
  <concept>
    <code value="8"/>
    <display value="Dead stillbirth"/>
  </concept>
  <concept>
    <code value="9"/>
    <display value="Dead"/>
  </concept>
</CodeSystem>