<?xml version="1.0" encoding="UTF-8"?>

<CodeSystem xmlns="http://hl7.org/fhir">
  <id value="cs-thcc-appoint-service-category"/>
  <text>
    <status value="generated"/><div xmlns="http://www.w3.org/1999/xhtml"><p>This code system http://terms.sil-th.org/CodeSystem/cs-thcc-appoint-service-category defines the following codes:</p><table class="codes"><tr><td style="white-space:nowrap"><b>Code</b></td><td><b>Display</b></td></tr><tr><td style="white-space:nowrap">0001<a name="cs-thcc-appoint-service-category-0001"> </a></td><td>ตรวจรักษา</td></tr><tr><td style="white-space:nowrap">0002<a name="cs-thcc-appoint-service-category-0002"> </a></td><td>Physical Therapy (กายภาพบําบัด)</td></tr><tr><td style="white-space:nowrap">0003<a name="cs-thcc-appoint-service-category-0003"> </a></td><td>Radiation Therapy (ฉายรังสีรักษา)</td></tr><tr><td style="white-space:nowrap">0004<a name="cs-thcc-appoint-service-category-0004"> </a></td><td>ANC (ฉายรังสีรักษา + ANC)</td></tr><tr><td style="white-space:nowrap">9999<a name="cs-thcc-appoint-service-category-9999"> </a></td><td>อื่น ๆ (ถ้ายังไม่มีรหัสให้ใช้รหัสนี้)</td></tr></table></div>
  </text>
  <url value="http://terms.sil-th.org/CodeSystem/cs-thcc-appoint-service-category"/>
  <version value="0.1.0"/>
  <name value="CS_THCC_AppointServiceCategory"/>
  <title value="รหัสประเภทการนัด"/>
  <status value="active"/>
  <date value="2022-08-16T23:36:06+07:00"/>
  <description value="รหัสประเภทการนัด ตามโครงสร้างข้อมูล 43 แฟ้ม"/>
  <jurisdiction>
    <coding>
      <system value="urn:iso:std:iso:3166"/>
      <code value="TH"/>
    </coding>
  </jurisdiction>
  <content value="complete"/>
  <count value="5"/>
  <concept>
    <code value="0001"/>
    <display value="ตรวจรักษา"/>
  </concept>
  <concept>
    <code value="0002"/>
    <display value="Physical Therapy (กายภาพบําบัด)"/>
  </concept>
  <concept>
    <code value="0003"/>
    <display value="Radiation Therapy (ฉายรังสีรักษา)"/>
  </concept>
  <concept>
    <code value="0004"/>
    <display value="ANC (ฉายรังสีรักษา + ANC)"/>
  </concept>
  <concept>
    <code value="9999"/>
    <display value="อื่น ๆ (ถ้ายังไม่มีรหัสให้ใช้รหัสนี้)"/>
  </concept>
</CodeSystem>