<?xml version="1.0" encoding="UTF-8"?>

<CodeSystem xmlns="http://hl7.org/fhir">
  <id value="cs-thcc-labor-procedure"/>
  <text>
    <status value="generated"/><div xmlns="http://www.w3.org/1999/xhtml"><p>This code system http://terms.sil-th.org/CodeSystem/cs-thcc-labor-procedure defines the following codes:</p><table class="codes"><tr><td style="white-space:nowrap"><b>Code</b></td><td><b>Display</b></td></tr><tr><td style="white-space:nowrap">1<a name="cs-thcc-labor-procedure-1"> </a></td><td>NORMAL</td></tr><tr><td style="white-space:nowrap">2<a name="cs-thcc-labor-procedure-2"> </a></td><td>CESAREAN</td></tr><tr><td style="white-space:nowrap">3<a name="cs-thcc-labor-procedure-3"> </a></td><td>VACUUM</td></tr><tr><td style="white-space:nowrap">4<a name="cs-thcc-labor-procedure-4"> </a></td><td>FORCEPS</td></tr><tr><td style="white-space:nowrap">5<a name="cs-thcc-labor-procedure-5"> </a></td><td>ท่าก้น</td></tr><tr><td style="white-space:nowrap">6<a name="cs-thcc-labor-procedure-6"> </a></td><td>ABORTION</td></tr></table></div>
  </text>
  <url value="http://terms.sil-th.org/CodeSystem/cs-thcc-labor-procedure"/>
  <version value="0.1.0"/>
  <name value="CS_THCC_LaborProcedure"/>
  <title value="รหัสวิธีการคลอด/สิ้นสุดการตั้งครรภ์"/>
  <status value="active"/>
  <date value="2022-08-17T01:34:31+07:00"/>
  <description value="รหัสวิธีการคลอด/สิ้นสุดการตั้งครรภ์ ตามโครงสร้างข้อมูล 43 แฟ้ม"/>
  <jurisdiction>
    <coding>
      <system value="urn:iso:std:iso:3166"/>
      <code value="TH"/>
    </coding>
  </jurisdiction>
  <content value="complete"/>
  <count value="6"/>
  <concept>
    <code value="1"/>
    <display value="NORMAL"/>
  </concept>
  <concept>
    <code value="2"/>
    <display value="CESAREAN"/>
  </concept>
  <concept>
    <code value="3"/>
    <display value="VACUUM"/>
  </concept>
  <concept>
    <code value="4"/>
    <display value="FORCEPS"/>
  </concept>
  <concept>
    <code value="5"/>
    <display value="ท่าก้น"/>
  </concept>
  <concept>
    <code value="6"/>
    <display value="ABORTION"/>
  </concept>
</CodeSystem>