<?xml version="1.0" encoding="UTF-8"?>

<CodeSystem xmlns="http://hl7.org/fhir">
  <id value="cs-thcc-accident-location"/>
  <text>
    <status value="generated"/><div xmlns="http://www.w3.org/1999/xhtml"><p>This code system http://terms.sil-th.org/CodeSystem/cs-thcc-accident-location defines the following codes:</p><table class="codes"><tr><td style="white-space:nowrap"><b>Code</b></td><td><b>Display</b></td></tr><tr><td style="white-space:nowrap">01<a name="cs-thcc-accident-location-01"> </a></td><td>ที่บ้าน หรืออาคารที่พัก</td></tr><tr><td style="white-space:nowrap">02<a name="cs-thcc-accident-location-02"> </a></td><td>ในสถานที่ทำงาน ยกเว้นโรงงานหรือก่อสร้าง</td></tr><tr><td style="white-space:nowrap">03<a name="cs-thcc-accident-location-03"> </a></td><td>ในโรงงานอุตสาหกรรม หรือบริเวณก่อสร้าง</td></tr><tr><td style="white-space:nowrap">04<a name="cs-thcc-accident-location-04"> </a></td><td>ภายในอาคารอื่นๆ</td></tr><tr><td style="white-space:nowrap">05<a name="cs-thcc-accident-location-05"> </a></td><td>ในสถานที่สาธารณะ</td></tr><tr><td style="white-space:nowrap">06<a name="cs-thcc-accident-location-06"> </a></td><td>ในชุมชน และไร่นา</td></tr><tr><td style="white-space:nowrap">07<a name="cs-thcc-accident-location-07"> </a></td><td>บนถนนสายหลัก</td></tr><tr><td style="white-space:nowrap">08<a name="cs-thcc-accident-location-08"> </a></td><td>บนถนนสายรอง</td></tr><tr><td style="white-space:nowrap">09<a name="cs-thcc-accident-location-09"> </a></td><td>ในแม่น้ำ ลำคลอง หนองน้ำ</td></tr><tr><td style="white-space:nowrap">10<a name="cs-thcc-accident-location-10"> </a></td><td>ในทะเล</td></tr><tr><td style="white-space:nowrap">11<a name="cs-thcc-accident-location-11"> </a></td><td>ในป่า/ภูเขา</td></tr><tr><td style="white-space:nowrap">98<a name="cs-thcc-accident-location-98"> </a></td><td>อื่นๆ</td></tr><tr><td style="white-space:nowrap">99<a name="cs-thcc-accident-location-99"> </a></td><td>ไม่ทราบ</td></tr></table></div>
  </text>
  <url value="http://terms.sil-th.org/CodeSystem/cs-thcc-accident-location"/>
  <version value="0.1.0"/>
  <name value="CS_THCC_AccidentLocation"/>
  <title value="รหัสสถานที่เกิดอุบัติเหตุฉุกเฉิน"/>
  <status value="active"/>
  <date value="2022-08-14T01:41:38+07:00"/>
  <description value="ใช้ระบุรหัสสถานที่เกิดอุบัติเหตุฉุกเฉิน ซึ่งใช้ในโครงสร้างข้อมูล 43 แฟ้ม"/>
  <jurisdiction>
    <coding>
      <system value="urn:iso:std:iso:3166"/>
      <code value="TH"/>
    </coding>
  </jurisdiction>
  <content value="complete"/>
  <count value="13"/>
  <concept>
    <code value="01"/>
    <display value="ที่บ้าน หรืออาคารที่พัก"/>
  </concept>
  <concept>
    <code value="02"/>
    <display value="ในสถานที่ทำงาน ยกเว้นโรงงานหรือก่อสร้าง"/>
  </concept>
  <concept>
    <code value="03"/>
    <display value="ในโรงงานอุตสาหกรรม หรือบริเวณก่อสร้าง"/>
  </concept>
  <concept>
    <code value="04"/>
    <display value="ภายในอาคารอื่นๆ"/>
  </concept>
  <concept>
    <code value="05"/>
    <display value="ในสถานที่สาธารณะ"/>
  </concept>
  <concept>
    <code value="06"/>
    <display value="ในชุมชน และไร่นา"/>
  </concept>
  <concept>
    <code value="07"/>
    <display value="บนถนนสายหลัก"/>
  </concept>
  <concept>
    <code value="08"/>
    <display value="บนถนนสายรอง"/>
  </concept>
  <concept>
    <code value="09"/>
    <display value="ในแม่น้ำ ลำคลอง หนองน้ำ"/>
  </concept>
  <concept>
    <code value="10"/>
    <display value="ในทะเล"/>
  </concept>
  <concept>
    <code value="11"/>
    <display value="ในป่า/ภูเขา"/>
  </concept>
  <concept>
    <code value="98"/>
    <display value="อื่นๆ"/>
  </concept>
  <concept>
    <code value="99"/>
    <display value="ไม่ทราบ"/>
  </concept>
</CodeSystem>