{
  "resourceType": "CodeSystem",
  "id": "cs-thcc-ipd-discharge-status",
  "text": {
    "status": "generated",
    "div": "<div xmlns=\"http://www.w3.org/1999/xhtml\"><p>This code system http://terms.sil-th.org/CodeSystem/cs-thcc-ipd-discharge-status defines the following codes:</p><table class=\"codes\"><tr><td style=\"white-space:nowrap\"><b>Code</b></td><td><b>Display</b></td></tr><tr><td style=\"white-space:nowrap\">1<a name=\"cs-thcc-ipd-discharge-status-1\"> </a></td><td>Complete Recovery</td></tr><tr><td style=\"white-space:nowrap\">2<a name=\"cs-thcc-ipd-discharge-status-2\"> </a></td><td>Improved</td></tr><tr><td style=\"white-space:nowrap\">3<a name=\"cs-thcc-ipd-discharge-status-3\"> </a></td><td>Not Improved</td></tr><tr><td style=\"white-space:nowrap\">4<a name=\"cs-thcc-ipd-discharge-status-4\"> </a></td><td>Normal Delivery</td></tr><tr><td style=\"white-space:nowrap\">5<a name=\"cs-thcc-ipd-discharge-status-5\"> </a></td><td>Un-Delivery</td></tr><tr><td style=\"white-space:nowrap\">6<a name=\"cs-thcc-ipd-discharge-status-6\"> </a></td><td>Normal child discharged with mother</td></tr><tr><td style=\"white-space:nowrap\">7<a name=\"cs-thcc-ipd-discharge-status-7\"> </a></td><td>Normal child discharged separately</td></tr><tr><td style=\"white-space:nowrap\">8<a name=\"cs-thcc-ipd-discharge-status-8\"> </a></td><td>Dead stillbirth</td></tr><tr><td style=\"white-space:nowrap\">9<a name=\"cs-thcc-ipd-discharge-status-9\"> </a></td><td>Dead</td></tr></table></div>"
  },
  "url": "http://terms.sil-th.org/CodeSystem/cs-thcc-ipd-discharge-status",
  "version": "0.1.0",
  "name": "CS_THCC_IpdDischargeStatus",
  "title": "รหัสผลการส่งต่อไปรับบริการในสถานพยาบาลอื่น",
  "status": "active",
  "date": "2022-08-11T00:50:32+07:00",
  "description": "รหัสผลการส่งต่อไปรับบริการในสถานพยาบาลอื่น ตามโครงสร้างข้อมูล 43 แฟ้ม",
  "jurisdiction": [
    {
      "coding": [
        {
          "system": "urn:iso:std:iso:3166",
          "code": "TH"
        }
      ]
    }
  ],
  "content": "complete",
  "count": 9,
  "concept": [
    {
      "code": "1",
      "display": "Complete Recovery"
    },
    {
      "code": "2",
      "display": "Improved"
    },
    {
      "code": "3",
      "display": "Not Improved"
    },
    {
      "code": "4",
      "display": "Normal Delivery"
    },
    {
      "code": "5",
      "display": "Un-Delivery"
    },
    {
      "code": "6",
      "display": "Normal child discharged with mother"
    },
    {
      "code": "7",
      "display": "Normal child discharged separately"
    },
    {
      "code": "8",
      "display": "Dead stillbirth"
    },
    {
      "code": "9",
      "display": "Dead"
    }
  ]
}