{
  "resourceType": "CodeSystem",
  "id": "cs-thcc-2digit-lab",
  "text": {
    "status": "generated",
    "div": "<div xmlns=\"http://www.w3.org/1999/xhtml\"><p>This code system http://terms.sil-th.org/CodeSystem/cs-thcc-2digit-lab defines the following codes:</p><table class=\"codes\"><tr><td style=\"white-space:nowrap\"><b>Code</b></td><td><b>Display</b></td></tr><tr><td style=\"white-space:nowrap\">01<a name=\"cs-thcc-2digit-lab-01\"> </a></td><td>ตรวจน้ำตาลในเลือด จากหลอดเลือดดำ หลังอดอาหาร</td></tr><tr><td style=\"white-space:nowrap\">02<a name=\"cs-thcc-2digit-lab-02\"> </a></td><td>ตรวจน้ำตาลในเลือด จากหลอดเลือดดำ โดยไม่อดอาหาร</td></tr><tr><td style=\"white-space:nowrap\">03<a name=\"cs-thcc-2digit-lab-03\"> </a></td><td>ตรวจน้ำตาลในเลือด จากเส้นเลือดฝอย หลังอดอาหาร</td></tr><tr><td style=\"white-space:nowrap\">04<a name=\"cs-thcc-2digit-lab-04\"> </a></td><td>ตรวจน้ำตาลในเลือด จากเส้นเลือดฝอย โดยไม่อดอาหาร</td></tr><tr><td style=\"white-space:nowrap\">05<a name=\"cs-thcc-2digit-lab-05\"> </a></td><td>ตรวจ HbA1C</td></tr><tr><td style=\"white-space:nowrap\">06<a name=\"cs-thcc-2digit-lab-06\"> </a></td><td>ตรวจ Triglyceride</td></tr><tr><td style=\"white-space:nowrap\">07<a name=\"cs-thcc-2digit-lab-07\"> </a></td><td>ตรวจ Total Cholesterol</td></tr><tr><td style=\"white-space:nowrap\">08<a name=\"cs-thcc-2digit-lab-08\"> </a></td><td>ตรวจ HDL Cholesterol</td></tr><tr><td style=\"white-space:nowrap\">09<a name=\"cs-thcc-2digit-lab-09\"> </a></td><td>ตรวจ LDL Cholesterol</td></tr><tr><td style=\"white-space:nowrap\">10<a name=\"cs-thcc-2digit-lab-10\"> </a></td><td>ตรวจ BUN ในเลือด</td></tr><tr><td style=\"white-space:nowrap\">11<a name=\"cs-thcc-2digit-lab-11\"> </a></td><td>ตรวจ Creatinine ในเลือด</td></tr><tr><td style=\"white-space:nowrap\">12<a name=\"cs-thcc-2digit-lab-12\"> </a></td><td>ตรวจโปรตีน microalbumin ในปัสสาวะ</td></tr><tr><td style=\"white-space:nowrap\">13<a name=\"cs-thcc-2digit-lab-13\"> </a></td><td>ตรวจ  CREATININE ในปัสสาวะ</td></tr><tr><td style=\"white-space:nowrap\">14<a name=\"cs-thcc-2digit-lab-14\"> </a></td><td>ตรวจโปรตีน macroalbumin ในปัสสาวะ</td></tr><tr><td style=\"white-space:nowrap\">15<a name=\"cs-thcc-2digit-lab-15\"> </a></td><td>ตรวจหาค่า eGFR (ใช้สูตร CKD-EPI  formula)</td></tr><tr><td style=\"white-space:nowrap\">16<a name=\"cs-thcc-2digit-lab-16\"> </a></td><td>ตรวจ Hb</td></tr><tr><td style=\"white-space:nowrap\">17<a name=\"cs-thcc-2digit-lab-17\"> </a></td><td>ตรวจ UPCR (Urine protein creatinine ratio)</td></tr><tr><td style=\"white-space:nowrap\">18<a name=\"cs-thcc-2digit-lab-18\"> </a></td><td>ตรวจ K (กรณี CKD stage 3 ขึ้นไป หรือได้ยา ACEI//ARBs) (serum/plasma)</td></tr><tr><td style=\"white-space:nowrap\">19<a name=\"cs-thcc-2digit-lab-19\"> </a></td><td>ตรวจ Bicarb (กรณี CKD stage 3 ขึ้นไป)</td></tr><tr><td style=\"white-space:nowrap\">20<a name=\"cs-thcc-2digit-lab-20\"> </a></td><td>ตรวจ phosphate (กรณี CKD stage 3 ขึ้นไป) (serum/plasma)</td></tr><tr><td style=\"white-space:nowrap\">21<a name=\"cs-thcc-2digit-lab-21\"> </a></td><td>ตรวจ PTH (กรณี CKD stage 3 ขึ้นไป)</td></tr></table></div>"
  },
  "url": "http://terms.sil-th.org/CodeSystem/cs-thcc-2digit-lab",
  "version": "0.1.0",
  "name": "CS_THCC_2DigitLab",
  "title": "รหัสการตรวจทางห้องปฎิบัติการ 2 หลัก",
  "status": "active",
  "date": "2022-08-15T02:16:31+07:00",
  "description": "รหัสการตรวจทางห้องปฎิบัติการ 2 หลัก ของ THCC ซึ่งใช้ในโครงสร้างข้อมูล 43 แฟ้ม",
  "jurisdiction": [
    {
      "coding": [
        {
          "system": "urn:iso:std:iso:3166",
          "code": "TH"
        }
      ]
    }
  ],
  "content": "complete",
  "count": 21,
  "concept": [
    {
      "code": "01",
      "display": "ตรวจน้ำตาลในเลือด จากหลอดเลือดดำ หลังอดอาหาร"
    },
    {
      "code": "02",
      "display": "ตรวจน้ำตาลในเลือด จากหลอดเลือดดำ โดยไม่อดอาหาร"
    },
    {
      "code": "03",
      "display": "ตรวจน้ำตาลในเลือด จากเส้นเลือดฝอย หลังอดอาหาร"
    },
    {
      "code": "04",
      "display": "ตรวจน้ำตาลในเลือด จากเส้นเลือดฝอย โดยไม่อดอาหาร"
    },
    {
      "code": "05",
      "display": "ตรวจ HbA1C"
    },
    {
      "code": "06",
      "display": "ตรวจ Triglyceride"
    },
    {
      "code": "07",
      "display": "ตรวจ Total Cholesterol"
    },
    {
      "code": "08",
      "display": "ตรวจ HDL Cholesterol"
    },
    {
      "code": "09",
      "display": "ตรวจ LDL Cholesterol"
    },
    {
      "code": "10",
      "display": "ตรวจ BUN ในเลือด"
    },
    {
      "code": "11",
      "display": "ตรวจ Creatinine ในเลือด"
    },
    {
      "code": "12",
      "display": "ตรวจโปรตีน microalbumin ในปัสสาวะ"
    },
    {
      "code": "13",
      "display": "ตรวจ  CREATININE ในปัสสาวะ"
    },
    {
      "code": "14",
      "display": "ตรวจโปรตีน macroalbumin ในปัสสาวะ"
    },
    {
      "code": "15",
      "display": "ตรวจหาค่า eGFR (ใช้สูตร CKD-EPI  formula)"
    },
    {
      "code": "16",
      "display": "ตรวจ Hb"
    },
    {
      "code": "17",
      "display": "ตรวจ UPCR (Urine protein creatinine ratio)"
    },
    {
      "code": "18",
      "display": "ตรวจ K (กรณี CKD stage 3 ขึ้นไป หรือได้ยา ACEI//ARBs) (serum/plasma)"
    },
    {
      "code": "19",
      "display": "ตรวจ Bicarb (กรณี CKD stage 3 ขึ้นไป)"
    },
    {
      "code": "20",
      "display": "ตรวจ phosphate (กรณี CKD stage 3 ขึ้นไป) (serum/plasma)"
    },
    {
      "code": "21",
      "display": "ตรวจ PTH (กรณี CKD stage 3 ขึ้นไป)"
    }
  ]
}