{
  "resourceType": "CodeSystem",
  "id": "cs-thcc-appoint-service-category",
  "text": {
    "status": "generated",
    "div": "<div xmlns=\"http://www.w3.org/1999/xhtml\"><p>This code system http://terms.sil-th.org/CodeSystem/cs-thcc-appoint-service-category defines the following codes:</p><table class=\"codes\"><tr><td style=\"white-space:nowrap\"><b>Code</b></td><td><b>Display</b></td></tr><tr><td style=\"white-space:nowrap\">0001<a name=\"cs-thcc-appoint-service-category-0001\"> </a></td><td>ตรวจรักษา</td></tr><tr><td style=\"white-space:nowrap\">0002<a name=\"cs-thcc-appoint-service-category-0002\"> </a></td><td>Physical Therapy (กายภาพบําบัด)</td></tr><tr><td style=\"white-space:nowrap\">0003<a name=\"cs-thcc-appoint-service-category-0003\"> </a></td><td>Radiation Therapy (ฉายรังสีรักษา)</td></tr><tr><td style=\"white-space:nowrap\">0004<a name=\"cs-thcc-appoint-service-category-0004\"> </a></td><td>ANC (ฉายรังสีรักษา + ANC)</td></tr><tr><td style=\"white-space:nowrap\">9999<a name=\"cs-thcc-appoint-service-category-9999\"> </a></td><td>อื่น ๆ (ถ้ายังไม่มีรหัสให้ใช้รหัสนี้)</td></tr></table></div>"
  },
  "url": "http://terms.sil-th.org/CodeSystem/cs-thcc-appoint-service-category",
  "version": "0.1.0",
  "name": "CS_THCC_AppointServiceCategory",
  "title": "รหัสประเภทการนัด",
  "status": "active",
  "date": "2022-08-16T21:51:46+07:00",
  "description": "รหัสประเภทการนัด ตามโครงสร้างข้อมูล 43 แฟ้ม",
  "jurisdiction": [
    {
      "coding": [
        {
          "system": "urn:iso:std:iso:3166",
          "code": "TH"
        }
      ]
    }
  ],
  "content": "complete",
  "count": 5,
  "concept": [
    {
      "code": "0001",
      "display": "ตรวจรักษา"
    },
    {
      "code": "0002",
      "display": "Physical Therapy (กายภาพบําบัด)"
    },
    {
      "code": "0003",
      "display": "Radiation Therapy (ฉายรังสีรักษา)"
    },
    {
      "code": "0004",
      "display": "ANC (ฉายรังสีรักษา + ANC)"
    },
    {
      "code": "9999",
      "display": "อื่น ๆ (ถ้ายังไม่มีรหัสให้ใช้รหัสนี้)"
    }
  ]
}