<?xml version="1.0" encoding="UTF-8"?>

<CodeSystem xmlns="http://hl7.org/fhir">
  <id value="cs-qn-home"/>
  <text>
    <status value="generated"/><div xmlns="http://www.w3.org/1999/xhtml"><p>This code system http://terms.sil-th.org/CodeSystem/cs-qn-home defines the following codes:</p><table class="codes"><tr><td style="white-space:nowrap"><b>Code</b></td><td><b>Display</b></td></tr><tr><td style="white-space:nowrap">Q01-0<a name="cs-qn-home-Q01-0"> </a></td><td>ไม่มี</td></tr><tr><td style="white-space:nowrap">Q01-1<a name="cs-qn-home-Q01-1"> </a></td><td>มี ส้วมนั่งราบ บำบัดด้วยบ่อเกรอะ</td></tr><tr><td style="white-space:nowrap">Q01-2<a name="cs-qn-home-Q01-2"> </a></td><td>มี ส้วมนั่งยอง บำบัดด้วยบ่อเกรอะ</td></tr><tr><td style="white-space:nowrap">Q01-3<a name="cs-qn-home-Q01-3"> </a></td><td>มี ส้วมนั่งราบ บำบัดด้วยถังสำเร็จรูป</td></tr><tr><td style="white-space:nowrap">Q01-4<a name="cs-qn-home-Q01-4"> </a></td><td>มี ส้วมนั่งยอง บำบัดด้วยถังสำเร็จรูป</td></tr><tr><td style="white-space:nowrap">Q01-9<a name="cs-qn-home-Q01-9"> </a></td><td>ไม่ทราบ</td></tr><tr><td style="white-space:nowrap">Q02-0<a name="cs-qn-home-Q02-0"> </a></td><td>ไม่เพียงพอ</td></tr><tr><td style="white-space:nowrap">Q02-1<a name="cs-qn-home-Q02-1"> </a></td><td>เพียงพอ</td></tr><tr><td style="white-space:nowrap">Q02-9<a name="cs-qn-home-Q02-9"> </a></td><td>ไม่ทราบ</td></tr><tr><td style="white-space:nowrap">Q03.1-0<a name="cs-qn-home-Q03.461-0"> </a></td><td>ไม่เพียงพอ</td></tr><tr><td style="white-space:nowrap">Q03.1-1<a name="cs-qn-home-Q03.461-1"> </a></td><td>เพียงพอ</td></tr><tr><td style="white-space:nowrap">Q03.1-9<a name="cs-qn-home-Q03.461-9"> </a></td><td>ไม่ทราบ</td></tr><tr><td style="white-space:nowrap">Q04-1<a name="cs-qn-home-Q04-1"> </a></td><td>น้ำฝน</td></tr><tr><td style="white-space:nowrap">Q04-2<a name="cs-qn-home-Q04-2"> </a></td><td>น้ำประปา</td></tr><tr><td style="white-space:nowrap">Q04-3<a name="cs-qn-home-Q04-3"> </a></td><td>น้ำบาดาล</td></tr><tr><td style="white-space:nowrap">Q04-4<a name="cs-qn-home-Q04-4"> </a></td><td>บ่อน้ำตื้น</td></tr><tr><td style="white-space:nowrap">Q04-5<a name="cs-qn-home-Q04-5"> </a></td><td>สระน้ำ แม่น้ำ</td></tr><tr><td style="white-space:nowrap">Q04-6<a name="cs-qn-home-Q04-6"> </a></td><td>น้ำบรรจุเสร็จ</td></tr><tr><td style="white-space:nowrap">Q04-7<a name="cs-qn-home-Q04-7"> </a></td><td>น้ำตู้หยอดเหรียญ</td></tr><tr><td style="white-space:nowrap">Q04-9<a name="cs-qn-home-Q04-9"> </a></td><td>ไม่ทราบ</td></tr><tr><td style="white-space:nowrap">Q05-1<a name="cs-qn-home-Q05-1"> </a></td><td>กำจัดเองโดยการฝัง</td></tr><tr><td style="white-space:nowrap">Q05-2<a name="cs-qn-home-Q05-2"> </a></td><td>กำจัดเองโดยการเผา</td></tr><tr><td style="white-space:nowrap">Q05-3<a name="cs-qn-home-Q05-3"> </a></td><td>กำจัดเองโดยการหมักทำปุ๋ย</td></tr><tr><td style="white-space:nowrap">Q05-4<a name="cs-qn-home-Q05-4"> </a></td><td>กองทิ้ง</td></tr><tr><td style="white-space:nowrap">Q05-5<a name="cs-qn-home-Q05-5"> </a></td><td>ท้องถิ่นให้บริการ</td></tr><tr><td style="white-space:nowrap">Q05-9<a name="cs-qn-home-Q05-9"> </a></td><td>ไม่ทราบ</td></tr><tr><td style="white-space:nowrap">Q06-0<a name="cs-qn-home-Q06-0"> </a></td><td>ไม่ถูก</td></tr><tr><td style="white-space:nowrap">Q06-1<a name="cs-qn-home-Q06-1"> </a></td><td>ถูก</td></tr><tr><td style="white-space:nowrap">Q06-9<a name="cs-qn-home-Q06-9"> </a></td><td>ไม่ทราบ</td></tr><tr><td style="white-space:nowrap">Q07-0<a name="cs-qn-home-Q07-0"> </a></td><td>ไม่คงทน</td></tr><tr><td style="white-space:nowrap">Q07-1<a name="cs-qn-home-Q07-1"> </a></td><td>คงทน 1-4 ปี</td></tr><tr><td style="white-space:nowrap">Q07-2<a name="cs-qn-home-Q07-2"> </a></td><td>คงทน 5 ปี ขึ้นไป</td></tr><tr><td style="white-space:nowrap">Q07-9<a name="cs-qn-home-Q07-9"> </a></td><td>ไม่ทราบ</td></tr><tr><td style="white-space:nowrap">Q08-0<a name="cs-qn-home-Q08-0"> </a></td><td>ไม่สะอาด</td></tr><tr><td style="white-space:nowrap">Q08-1<a name="cs-qn-home-Q08-1"> </a></td><td>สะอาด</td></tr><tr><td style="white-space:nowrap">Q08-9<a name="cs-qn-home-Q08-9"> </a></td><td>ไม่ทราบ</td></tr><tr><td style="white-space:nowrap">Q09-0<a name="cs-qn-home-Q09-0"> </a></td><td>ไม่ระบาย</td></tr><tr><td style="white-space:nowrap">Q09-1<a name="cs-qn-home-Q09-1"> </a></td><td>ระบาย</td></tr><tr><td style="white-space:nowrap">Q09-9<a name="cs-qn-home-Q09-9"> </a></td><td>ไม่ทราบ</td></tr><tr><td style="white-space:nowrap">Q10-0<a name="cs-qn-home-Q10-0"> </a></td><td>ไม่เพียงพอ</td></tr><tr><td style="white-space:nowrap">Q10-1<a name="cs-qn-home-Q10-1"> </a></td><td>เพียงพอ</td></tr><tr><td style="white-space:nowrap">Q10-9<a name="cs-qn-home-Q10-9"> </a></td><td>ไม่ทราบ</td></tr><tr><td style="white-space:nowrap">Q11-0<a name="cs-qn-home-Q11-0"> </a></td><td>ไม่บำบัด/กำจัด</td></tr><tr><td style="white-space:nowrap">Q11-1<a name="cs-qn-home-Q11-1"> </a></td><td>ลงบ่อซึม</td></tr><tr><td style="white-space:nowrap">Q11-2<a name="cs-qn-home-Q11-2"> </a></td><td>ลงบ่อเกรอะ</td></tr><tr><td style="white-space:nowrap">Q11-3<a name="cs-qn-home-Q11-3"> </a></td><td>ลงระบบบำบัดน้ำเสียรวม</td></tr><tr><td style="white-space:nowrap">Q11-9<a name="cs-qn-home-Q11-9"> </a></td><td>ไม่ทราบ</td></tr><tr><td style="white-space:nowrap">Q12-0<a name="cs-qn-home-Q12-0"> </a></td><td>ไม่ใช้</td></tr><tr><td style="white-space:nowrap">Q12-1<a name="cs-qn-home-Q12-1"> </a></td><td>ใช้</td></tr><tr><td style="white-space:nowrap">Q12-9<a name="cs-qn-home-Q12-9"> </a></td><td>ไม่ทราบ</td></tr><tr><td style="white-space:nowrap">Q13-0<a name="cs-qn-home-Q13-0"> </a></td><td>ไม่ควบคุม</td></tr><tr><td style="white-space:nowrap">Q13-1<a name="cs-qn-home-Q13-1"> </a></td><td>ควบคุม</td></tr><tr><td style="white-space:nowrap">Q13-9<a name="cs-qn-home-Q13-9"> </a></td><td>ไม่ทราบ</td></tr><tr><td style="white-space:nowrap">Q14.1-0<a name="cs-qn-home-Q14.461-0"> </a></td><td>ไม่ควบคุม</td></tr><tr><td style="white-space:nowrap">Q14.1-1<a name="cs-qn-home-Q14.461-1"> </a></td><td>ควบคุม</td></tr><tr><td style="white-space:nowrap">Q14.1-9<a name="cs-qn-home-Q14.461-9"> </a></td><td>ไม่ทราบ</td></tr><tr><td style="white-space:nowrap">Q14.2-0<a name="cs-qn-home-Q14.462-0"> </a></td><td>ไม่มี</td></tr><tr><td style="white-space:nowrap">Q14.2-1<a name="cs-qn-home-Q14.462-1"> </a></td><td>มี</td></tr><tr><td style="white-space:nowrap">Q14.2-9<a name="cs-qn-home-Q14.462-9"> </a></td><td>ไม่ทราบ</td></tr><tr><td style="white-space:nowrap">Q14.3-0<a name="cs-qn-home-Q14.463-0"> </a></td><td>ไม่มี</td></tr><tr><td style="white-space:nowrap">Q14.3-1<a name="cs-qn-home-Q14.463-1"> </a></td><td>มี</td></tr><tr><td style="white-space:nowrap">Q14.3-9<a name="cs-qn-home-Q14.463-9"> </a></td><td>ไม่ทราบ</td></tr><tr><td style="white-space:nowrap">Q14.4-0<a name="cs-qn-home-Q14.464-0"> </a></td><td>ไม่มี</td></tr><tr><td style="white-space:nowrap">Q14.4-1<a name="cs-qn-home-Q14.464-1"> </a></td><td>มี</td></tr><tr><td style="white-space:nowrap">Q14.4-9<a name="cs-qn-home-Q14.464-9"> </a></td><td>ไม่ทราบ</td></tr><tr><td style="white-space:nowrap">Q14.5-0<a name="cs-qn-home-Q14.465-0"> </a></td><td>ไม่มี</td></tr><tr><td style="white-space:nowrap">Q14.5-1<a name="cs-qn-home-Q14.465-1"> </a></td><td>มี</td></tr><tr><td style="white-space:nowrap">Q14.5-9<a name="cs-qn-home-Q14.465-9"> </a></td><td>ไม่ทราบ</td></tr><tr><td style="white-space:nowrap">Q15-0<a name="cs-qn-home-Q15-0"> </a></td><td>ไม่มีการจัดเก็บ</td></tr><tr><td style="white-space:nowrap">Q15-1<a name="cs-qn-home-Q15-1"> </a></td><td>เก็บในตู้มิดชิด</td></tr><tr><td style="white-space:nowrap">Q15-2<a name="cs-qn-home-Q15-2"> </a></td><td>เก็บใส่ในภาชนะอื่นๆ</td></tr><tr><td style="white-space:nowrap">Q15-9<a name="cs-qn-home-Q15-9"> </a></td><td>ไม่ทราบ</td></tr><tr><td style="white-space:nowrap">Q16-0<a name="cs-qn-home-Q16-0"> </a></td><td>เลี้ยง</td></tr><tr><td style="white-space:nowrap">Q16-1<a name="cs-qn-home-Q16-1"> </a></td><td>ไม่เลี้ยง</td></tr><tr><td style="white-space:nowrap">Q16-9<a name="cs-qn-home-Q16-9"> </a></td><td>ไม่ทราบ</td></tr><tr><td style="white-space:nowrap">Q17-0<a name="cs-qn-home-Q17-0"> </a></td><td>มี</td></tr><tr><td style="white-space:nowrap">Q17-1<a name="cs-qn-home-Q17-1"> </a></td><td>ไม่มี</td></tr><tr><td style="white-space:nowrap">Q17-9<a name="cs-qn-home-Q17-9"> </a></td><td>ไม่ทราบ</td></tr><tr><td style="white-space:nowrap">Q18-0<a name="cs-qn-home-Q18-0"> </a></td><td>มี</td></tr><tr><td style="white-space:nowrap">Q18-1<a name="cs-qn-home-Q18-1"> </a></td><td>ไม่มี</td></tr><tr><td style="white-space:nowrap">Q18-9<a name="cs-qn-home-Q18-9"> </a></td><td>ไม่ทราบ</td></tr><tr><td style="white-space:nowrap">Q19-0<a name="cs-qn-home-Q19-0"> </a></td><td>สะอาด</td></tr><tr><td style="white-space:nowrap">Q19-1<a name="cs-qn-home-Q19-1"> </a></td><td>ไม่สะอาด</td></tr><tr><td style="white-space:nowrap">Q19-9<a name="cs-qn-home-Q19-9"> </a></td><td>ไม่ทราบ</td></tr><tr><td style="white-space:nowrap">Q20.1-0<a name="cs-qn-home-Q20.461-0"> </a></td><td>ถูกหลัก</td></tr><tr><td style="white-space:nowrap">Q20.1-1<a name="cs-qn-home-Q20.461-1"> </a></td><td>ไม่ถูกหลัก</td></tr><tr><td style="white-space:nowrap">Q20.1-9<a name="cs-qn-home-Q20.461-9"> </a></td><td>ไม่ทราบ</td></tr><tr><td style="white-space:nowrap">Q20.2-0<a name="cs-qn-home-Q20.462-0"> </a></td><td>ถูกหลัก</td></tr><tr><td style="white-space:nowrap">Q20.2-1<a name="cs-qn-home-Q20.462-1"> </a></td><td>ไม่ถูกหลัก</td></tr><tr><td style="white-space:nowrap">Q20.2-9<a name="cs-qn-home-Q20.462-9"> </a></td><td>ไม่ทราบ</td></tr><tr><td style="white-space:nowrap">Q20.3-0<a name="cs-qn-home-Q20.463-0"> </a></td><td>ถูกหลัก</td></tr><tr><td style="white-space:nowrap">Q20.3-1<a name="cs-qn-home-Q20.463-1"> </a></td><td>ไม่ถูกหลัก</td></tr><tr><td style="white-space:nowrap">Q20.3-9<a name="cs-qn-home-Q20.463-9"> </a></td><td>ไม่ทราบ</td></tr><tr><td style="white-space:nowrap">Q20.4-0<a name="cs-qn-home-Q20.464-0"> </a></td><td>มีถูกหลัก</td></tr><tr><td style="white-space:nowrap">Q20.4-1<a name="cs-qn-home-Q20.464-1"> </a></td><td>ไม่ถูกหลัก</td></tr><tr><td style="white-space:nowrap">Q20.4-9<a name="cs-qn-home-Q20.464-9"> </a></td><td>ไม่ทราบ</td></tr><tr><td style="white-space:nowrap">Q20.5-0<a name="cs-qn-home-Q20.465-0"> </a></td><td>ถูกหลัก</td></tr><tr><td style="white-space:nowrap">Q20.5-1<a name="cs-qn-home-Q20.465-1"> </a></td><td>ไม่ถูกหลัก</td></tr><tr><td style="white-space:nowrap">Q20.5-9<a name="cs-qn-home-Q20.465-9"> </a></td><td>ไม่ทราบ</td></tr><tr><td style="white-space:nowrap">Q20.6-0<a name="cs-qn-home-Q20.466-0"> </a></td><td>ถูกหลัก</td></tr><tr><td style="white-space:nowrap">Q20.6-1<a name="cs-qn-home-Q20.466-1"> </a></td><td>ไม่ถูกหลัก</td></tr><tr><td style="white-space:nowrap">Q20.6-9<a name="cs-qn-home-Q20.466-9"> </a></td><td>ไม่ทราบ</td></tr><tr><td style="white-space:nowrap">Q20.7-0<a name="cs-qn-home-Q20.467-0"> </a></td><td>มีถูกหลัก</td></tr><tr><td style="white-space:nowrap">Q20.7-1<a name="cs-qn-home-Q20.467-1"> </a></td><td>ไม่ถูกหลัก</td></tr><tr><td style="white-space:nowrap">Q20.7-9<a name="cs-qn-home-Q20.467-9"> </a></td><td>ไม่ทราบ</td></tr><tr><td style="white-space:nowrap">Q20.8-0<a name="cs-qn-home-Q20.468-0"> </a></td><td>มีถูกหลัก</td></tr><tr><td style="white-space:nowrap">Q20.8-1<a name="cs-qn-home-Q20.468-1"> </a></td><td>ไม่ถูกหลัก</td></tr><tr><td style="white-space:nowrap">Q20.8-9<a name="cs-qn-home-Q20.468-9"> </a></td><td>ไม่ทราบ</td></tr><tr><td style="white-space:nowrap">Q20.9-0<a name="cs-qn-home-Q20.469-0"> </a></td><td>ถูกหลัก</td></tr><tr><td style="white-space:nowrap">Q20.9-1<a name="cs-qn-home-Q20.469-1"> </a></td><td>ไม่ถูกหลัก</td></tr><tr><td style="white-space:nowrap">Q20.9-9<a name="cs-qn-home-Q20.469-9"> </a></td><td>ไม่ทราบ</td></tr><tr><td style="white-space:nowrap">Q20.10-0<a name="cs-qn-home-Q20.4610-0"> </a></td><td>ใช้</td></tr><tr><td style="white-space:nowrap">Q20.10-1<a name="cs-qn-home-Q20.4610-1"> </a></td><td>ไม่ใช้</td></tr><tr><td style="white-space:nowrap">Q20.10-9<a name="cs-qn-home-Q20.4610-9"> </a></td><td>ไม่ทราบ</td></tr><tr><td style="white-space:nowrap">Q20.11-0<a name="cs-qn-home-Q20.4611-0"> </a></td><td>ใช้</td></tr><tr><td style="white-space:nowrap">Q20.11-1<a name="cs-qn-home-Q20.4611-1"> </a></td><td>ไม่ใช้</td></tr><tr><td style="white-space:nowrap">Q20.11-9<a name="cs-qn-home-Q20.4611-9"> </a></td><td>ไม่ทราบ</td></tr><tr><td style="white-space:nowrap">Q20.12-0<a name="cs-qn-home-Q20.4612-0"> </a></td><td>ใช้</td></tr><tr><td style="white-space:nowrap">Q20.12-1<a name="cs-qn-home-Q20.4612-1"> </a></td><td>ไม่ใช้</td></tr><tr><td style="white-space:nowrap">Q20.12-9<a name="cs-qn-home-Q20.4612-9"> </a></td><td>ไม่ทราบ</td></tr><tr><td style="white-space:nowrap">Q20.13-0<a name="cs-qn-home-Q20.4613-0"> </a></td><td>ไม่มี</td></tr><tr><td style="white-space:nowrap">Q20.13-1<a name="cs-qn-home-Q20.4613-1"> </a></td><td>มี ไม่ใช้</td></tr><tr><td style="white-space:nowrap">Q20.13-2<a name="cs-qn-home-Q20.4613-2"> </a></td><td>มี และใช้</td></tr><tr><td style="white-space:nowrap">Q20.13-3<a name="cs-qn-home-Q20.4613-3"> </a></td><td>ไม่ทราบ</td></tr><tr><td style="white-space:nowrap">Q20.14-0<a name="cs-qn-home-Q20.4614-0"> </a></td><td>ไม่มี</td></tr><tr><td style="white-space:nowrap">Q20.14-1<a name="cs-qn-home-Q20.4614-1"> </a></td><td>มี ไม่ใช้</td></tr><tr><td style="white-space:nowrap">Q20.14-2<a name="cs-qn-home-Q20.4614-2"> </a></td><td>มี และใช้</td></tr><tr><td style="white-space:nowrap">Q20.14-3<a name="cs-qn-home-Q20.4614-3"> </a></td><td>ไม่ทราบ</td></tr><tr><td style="white-space:nowrap">Q20.15-0<a name="cs-qn-home-Q20.4615-0"> </a></td><td>ไม่มี</td></tr><tr><td style="white-space:nowrap">Q20.15-1<a name="cs-qn-home-Q20.4615-1"> </a></td><td>มี ไม่ใช้</td></tr><tr><td style="white-space:nowrap">Q20.15-2<a name="cs-qn-home-Q20.4615-2"> </a></td><td>มี และใช้</td></tr><tr><td style="white-space:nowrap">Q20.15-3<a name="cs-qn-home-Q20.4615-3"> </a></td><td>ไม่ทราบ</td></tr><tr><td style="white-space:nowrap">Q20.16-0<a name="cs-qn-home-Q20.4616-0"> </a></td><td>ไม่มี</td></tr><tr><td style="white-space:nowrap">Q20.16-1<a name="cs-qn-home-Q20.4616-1"> </a></td><td>มี ไม่ใช้</td></tr><tr><td style="white-space:nowrap">Q20.16-2<a name="cs-qn-home-Q20.4616-2"> </a></td><td>มี และใช้</td></tr><tr><td style="white-space:nowrap">Q20.16-3<a name="cs-qn-home-Q20.4616-3"> </a></td><td>ไม่ทราบ</td></tr><tr><td style="white-space:nowrap">Q20.17-0<a name="cs-qn-home-Q20.4617-0"> </a></td><td>ไม่มี</td></tr><tr><td style="white-space:nowrap">Q20.17-1<a name="cs-qn-home-Q20.4617-1"> </a></td><td>มี ไม่ใช้</td></tr><tr><td style="white-space:nowrap">Q20.17-2<a name="cs-qn-home-Q20.4617-2"> </a></td><td>มี และใช้</td></tr><tr><td style="white-space:nowrap">Q20.17-3<a name="cs-qn-home-Q20.4617-3"> </a></td><td>ไม่ทราบ</td></tr><tr><td style="white-space:nowrap">Q20.18-1<a name="cs-qn-home-Q20.4618-1"> </a></td><td>บ้านเดี่ยว</td></tr><tr><td style="white-space:nowrap">Q20.18-2<a name="cs-qn-home-Q20.4618-2"> </a></td><td>ทาวเฮ้าส์</td></tr><tr><td style="white-space:nowrap">Q20.18-3<a name="cs-qn-home-Q20.4618-3"> </a></td><td>ห้องแถว</td></tr><tr><td style="white-space:nowrap">Q20.18-4<a name="cs-qn-home-Q20.4618-4"> </a></td><td>คอนโด</td></tr><tr><td style="white-space:nowrap">Q20.18-5<a name="cs-qn-home-Q20.4618-5"> </a></td><td>เพิงพัก</td></tr><tr><td style="white-space:nowrap">Q20.18-6<a name="cs-qn-home-Q20.4618-6"> </a></td><td>ชุมชนแออัด</td></tr><tr><td style="white-space:nowrap">Q20.18-7<a name="cs-qn-home-Q20.4618-7"> </a></td><td>เรือนแพ</td></tr><tr><td style="white-space:nowrap">Q20.18-9<a name="cs-qn-home-Q20.4618-9"> </a></td><td>อื่นๆ</td></tr><tr><td style="white-space:nowrap">Q20.18-x<a name="cs-qn-home-Q20.4618-x"> </a></td><td>มีเลขที่บ้าน แต่ไม่มีบ้าน</td></tr><tr><td style="white-space:nowrap">Q20.19-1<a name="cs-qn-home-Q20.4619-1"> </a></td><td>บ้านบนพื้นที่ราบ</td></tr><tr><td style="white-space:nowrap">Q20.19-2<a name="cs-qn-home-Q20.4619-2"> </a></td><td>บ้านบนพื้นที่สูง ภูเขา</td></tr><tr><td style="white-space:nowrap">Q20.19-3<a name="cs-qn-home-Q20.4619-3"> </a></td><td>เรือนแพ</td></tr></table></div>
  </text>
  <url value="http://terms.sil-th.org/CodeSystem/cs-qn-home"/>
  <version value="0.1.0"/>
  <name value="CS_QN_Home"/>
  <title value="รหัสคำตอบสำหรับตอบแบบสำรวจบ้าน"/>
  <status value="active"/>
  <date value="2022-08-17T01:34:31+07:00"/>
  <description value="รหัสคำตอบสำหรับตอบแบบสำรวจบ้าน ตามโครงสร้างข้อมูล 43 แฟ้ม"/>
  <jurisdiction>
    <coding>
      <system value="urn:iso:std:iso:3166"/>
      <code value="TH"/>
    </coding>
  </jurisdiction>
  <content value="complete"/>
  <count value="152"/>
  <concept>
    <code value="Q01-0"/>
    <display value="ไม่มี"/>
  </concept>
  <concept>
    <code value="Q01-1"/>
    <display value="มี ส้วมนั่งราบ บำบัดด้วยบ่อเกรอะ"/>
  </concept>
  <concept>
    <code value="Q01-2"/>
    <display value="มี ส้วมนั่งยอง บำบัดด้วยบ่อเกรอะ"/>
  </concept>
  <concept>
    <code value="Q01-3"/>
    <display value="มี ส้วมนั่งราบ บำบัดด้วยถังสำเร็จรูป"/>
  </concept>
  <concept>
    <code value="Q01-4"/>
    <display value="มี ส้วมนั่งยอง บำบัดด้วยถังสำเร็จรูป"/>
  </concept>
  <concept>
    <code value="Q01-9"/>
    <display value="ไม่ทราบ"/>
  </concept>
  <concept>
    <code value="Q02-0"/>
    <display value="ไม่เพียงพอ"/>
  </concept>
  <concept>
    <code value="Q02-1"/>
    <display value="เพียงพอ"/>
  </concept>
  <concept>
    <code value="Q02-9"/>
    <display value="ไม่ทราบ"/>
  </concept>
  <concept>
    <code value="Q03.1-0"/>
    <display value="ไม่เพียงพอ"/>
  </concept>
  <concept>
    <code value="Q03.1-1"/>
    <display value="เพียงพอ"/>
  </concept>
  <concept>
    <code value="Q03.1-9"/>
    <display value="ไม่ทราบ"/>
  </concept>
  <concept>
    <code value="Q04-1"/>
    <display value="น้ำฝน"/>
  </concept>
  <concept>
    <code value="Q04-2"/>
    <display value="น้ำประปา"/>
  </concept>
  <concept>
    <code value="Q04-3"/>
    <display value="น้ำบาดาล"/>
  </concept>
  <concept>
    <code value="Q04-4"/>
    <display value="บ่อน้ำตื้น"/>
  </concept>
  <concept>
    <code value="Q04-5"/>
    <display value="สระน้ำ แม่น้ำ"/>
  </concept>
  <concept>
    <code value="Q04-6"/>
    <display value="น้ำบรรจุเสร็จ"/>
  </concept>
  <concept>
    <code value="Q04-7"/>
    <display value="น้ำตู้หยอดเหรียญ"/>
  </concept>
  <concept>
    <code value="Q04-9"/>
    <display value="ไม่ทราบ"/>
  </concept>
  <concept>
    <code value="Q05-1"/>
    <display value="กำจัดเองโดยการฝัง"/>
  </concept>
  <concept>
    <code value="Q05-2"/>
    <display value="กำจัดเองโดยการเผา"/>
  </concept>
  <concept>
    <code value="Q05-3"/>
    <display value="กำจัดเองโดยการหมักทำปุ๋ย"/>
  </concept>
  <concept>
    <code value="Q05-4"/>
    <display value="กองทิ้ง"/>
  </concept>
  <concept>
    <code value="Q05-5"/>
    <display value="ท้องถิ่นให้บริการ"/>
  </concept>
  <concept>
    <code value="Q05-9"/>
    <display value="ไม่ทราบ"/>
  </concept>
  <concept>
    <code value="Q06-0"/>
    <display value="ไม่ถูก"/>
  </concept>
  <concept>
    <code value="Q06-1"/>
    <display value="ถูก"/>
  </concept>
  <concept>
    <code value="Q06-9"/>
    <display value="ไม่ทราบ"/>
  </concept>
  <concept>
    <code value="Q07-0"/>
    <display value="ไม่คงทน"/>
  </concept>
  <concept>
    <code value="Q07-1"/>
    <display value="คงทน 1-4 ปี"/>
  </concept>
  <concept>
    <code value="Q07-2"/>
    <display value="คงทน 5 ปี ขึ้นไป"/>
  </concept>
  <concept>
    <code value="Q07-9"/>
    <display value="ไม่ทราบ"/>
  </concept>
  <concept>
    <code value="Q08-0"/>
    <display value="ไม่สะอาด"/>
  </concept>
  <concept>
    <code value="Q08-1"/>
    <display value="สะอาด"/>
  </concept>
  <concept>
    <code value="Q08-9"/>
    <display value="ไม่ทราบ"/>
  </concept>
  <concept>
    <code value="Q09-0"/>
    <display value="ไม่ระบาย"/>
  </concept>
  <concept>
    <code value="Q09-1"/>
    <display value="ระบาย"/>
  </concept>
  <concept>
    <code value="Q09-9"/>
    <display value="ไม่ทราบ"/>
  </concept>
  <concept>
    <code value="Q10-0"/>
    <display value="ไม่เพียงพอ"/>
  </concept>
  <concept>
    <code value="Q10-1"/>
    <display value="เพียงพอ"/>
  </concept>
  <concept>
    <code value="Q10-9"/>
    <display value="ไม่ทราบ"/>
  </concept>
  <concept>
    <code value="Q11-0"/>
    <display value="ไม่บำบัด/กำจัด"/>
  </concept>
  <concept>
    <code value="Q11-1"/>
    <display value="ลงบ่อซึม"/>
  </concept>
  <concept>
    <code value="Q11-2"/>
    <display value="ลงบ่อเกรอะ"/>
  </concept>
  <concept>
    <code value="Q11-3"/>
    <display value="ลงระบบบำบัดน้ำเสียรวม"/>
  </concept>
  <concept>
    <code value="Q11-9"/>
    <display value="ไม่ทราบ"/>
  </concept>
  <concept>
    <code value="Q12-0"/>
    <display value="ไม่ใช้"/>
  </concept>
  <concept>
    <code value="Q12-1"/>
    <display value="ใช้"/>
  </concept>
  <concept>
    <code value="Q12-9"/>
    <display value="ไม่ทราบ"/>
  </concept>
  <concept>
    <code value="Q13-0"/>
    <display value="ไม่ควบคุม"/>
  </concept>
  <concept>
    <code value="Q13-1"/>
    <display value="ควบคุม"/>
  </concept>
  <concept>
    <code value="Q13-9"/>
    <display value="ไม่ทราบ"/>
  </concept>
  <concept>
    <code value="Q14.1-0"/>
    <display value="ไม่ควบคุม"/>
  </concept>
  <concept>
    <code value="Q14.1-1"/>
    <display value="ควบคุม"/>
  </concept>
  <concept>
    <code value="Q14.1-9"/>
    <display value="ไม่ทราบ"/>
  </concept>
  <concept>
    <code value="Q14.2-0"/>
    <display value="ไม่มี"/>
  </concept>
  <concept>
    <code value="Q14.2-1"/>
    <display value="มี"/>
  </concept>
  <concept>
    <code value="Q14.2-9"/>
    <display value="ไม่ทราบ"/>
  </concept>
  <concept>
    <code value="Q14.3-0"/>
    <display value="ไม่มี"/>
  </concept>
  <concept>
    <code value="Q14.3-1"/>
    <display value="มี"/>
  </concept>
  <concept>
    <code value="Q14.3-9"/>
    <display value="ไม่ทราบ"/>
  </concept>
  <concept>
    <code value="Q14.4-0"/>
    <display value="ไม่มี"/>
  </concept>
  <concept>
    <code value="Q14.4-1"/>
    <display value="มี"/>
  </concept>
  <concept>
    <code value="Q14.4-9"/>
    <display value="ไม่ทราบ"/>
  </concept>
  <concept>
    <code value="Q14.5-0"/>
    <display value="ไม่มี"/>
  </concept>
  <concept>
    <code value="Q14.5-1"/>
    <display value="มี"/>
  </concept>
  <concept>
    <code value="Q14.5-9"/>
    <display value="ไม่ทราบ"/>
  </concept>
  <concept>
    <code value="Q15-0"/>
    <display value="ไม่มีการจัดเก็บ"/>
  </concept>
  <concept>
    <code value="Q15-1"/>
    <display value="เก็บในตู้มิดชิด"/>
  </concept>
  <concept>
    <code value="Q15-2"/>
    <display value="เก็บใส่ในภาชนะอื่นๆ"/>
  </concept>
  <concept>
    <code value="Q15-9"/>
    <display value="ไม่ทราบ"/>
  </concept>
  <concept>
    <code value="Q16-0"/>
    <display value="เลี้ยง"/>
  </concept>
  <concept>
    <code value="Q16-1"/>
    <display value="ไม่เลี้ยง"/>
  </concept>
  <concept>
    <code value="Q16-9"/>
    <display value="ไม่ทราบ"/>
  </concept>
  <concept>
    <code value="Q17-0"/>
    <display value="มี"/>
  </concept>
  <concept>
    <code value="Q17-1"/>
    <display value="ไม่มี"/>
  </concept>
  <concept>
    <code value="Q17-9"/>
    <display value="ไม่ทราบ"/>
  </concept>
  <concept>
    <code value="Q18-0"/>
    <display value="มี"/>
  </concept>
  <concept>
    <code value="Q18-1"/>
    <display value="ไม่มี"/>
  </concept>
  <concept>
    <code value="Q18-9"/>
    <display value="ไม่ทราบ"/>
  </concept>
  <concept>
    <code value="Q19-0"/>
    <display value="สะอาด"/>
  </concept>
  <concept>
    <code value="Q19-1"/>
    <display value="ไม่สะอาด"/>
  </concept>
  <concept>
    <code value="Q19-9"/>
    <display value="ไม่ทราบ"/>
  </concept>
  <concept>
    <code value="Q20.1-0"/>
    <display value="ถูกหลัก"/>
  </concept>
  <concept>
    <code value="Q20.1-1"/>
    <display value="ไม่ถูกหลัก"/>
  </concept>
  <concept>
    <code value="Q20.1-9"/>
    <display value="ไม่ทราบ"/>
  </concept>
  <concept>
    <code value="Q20.2-0"/>
    <display value="ถูกหลัก"/>
  </concept>
  <concept>
    <code value="Q20.2-1"/>
    <display value="ไม่ถูกหลัก"/>
  </concept>
  <concept>
    <code value="Q20.2-9"/>
    <display value="ไม่ทราบ"/>
  </concept>
  <concept>
    <code value="Q20.3-0"/>
    <display value="ถูกหลัก"/>
  </concept>
  <concept>
    <code value="Q20.3-1"/>
    <display value="ไม่ถูกหลัก"/>
  </concept>
  <concept>
    <code value="Q20.3-9"/>
    <display value="ไม่ทราบ"/>
  </concept>
  <concept>
    <code value="Q20.4-0"/>
    <display value="มีถูกหลัก"/>
  </concept>
  <concept>
    <code value="Q20.4-1"/>
    <display value="ไม่ถูกหลัก"/>
  </concept>
  <concept>
    <code value="Q20.4-9"/>
    <display value="ไม่ทราบ"/>
  </concept>
  <concept>
    <code value="Q20.5-0"/>
    <display value="ถูกหลัก"/>
  </concept>
  <concept>
    <code value="Q20.5-1"/>
    <display value="ไม่ถูกหลัก"/>
  </concept>
  <concept>
    <code value="Q20.5-9"/>
    <display value="ไม่ทราบ"/>
  </concept>
  <concept>
    <code value="Q20.6-0"/>
    <display value="ถูกหลัก"/>
  </concept>
  <concept>
    <code value="Q20.6-1"/>
    <display value="ไม่ถูกหลัก"/>
  </concept>
  <concept>
    <code value="Q20.6-9"/>
    <display value="ไม่ทราบ"/>
  </concept>
  <concept>
    <code value="Q20.7-0"/>
    <display value="มีถูกหลัก"/>
  </concept>
  <concept>
    <code value="Q20.7-1"/>
    <display value="ไม่ถูกหลัก"/>
  </concept>
  <concept>
    <code value="Q20.7-9"/>
    <display value="ไม่ทราบ"/>
  </concept>
  <concept>
    <code value="Q20.8-0"/>
    <display value="มีถูกหลัก"/>
  </concept>
  <concept>
    <code value="Q20.8-1"/>
    <display value="ไม่ถูกหลัก"/>
  </concept>
  <concept>
    <code value="Q20.8-9"/>
    <display value="ไม่ทราบ"/>
  </concept>
  <concept>
    <code value="Q20.9-0"/>
    <display value="ถูกหลัก"/>
  </concept>
  <concept>
    <code value="Q20.9-1"/>
    <display value="ไม่ถูกหลัก"/>
  </concept>
  <concept>
    <code value="Q20.9-9"/>
    <display value="ไม่ทราบ"/>
  </concept>
  <concept>
    <code value="Q20.10-0"/>
    <display value="ใช้"/>
  </concept>
  <concept>
    <code value="Q20.10-1"/>
    <display value="ไม่ใช้"/>
  </concept>
  <concept>
    <code value="Q20.10-9"/>
    <display value="ไม่ทราบ"/>
  </concept>
  <concept>
    <code value="Q20.11-0"/>
    <display value="ใช้"/>
  </concept>
  <concept>
    <code value="Q20.11-1"/>
    <display value="ไม่ใช้"/>
  </concept>
  <concept>
    <code value="Q20.11-9"/>
    <display value="ไม่ทราบ"/>
  </concept>
  <concept>
    <code value="Q20.12-0"/>
    <display value="ใช้"/>
  </concept>
  <concept>
    <code value="Q20.12-1"/>
    <display value="ไม่ใช้"/>
  </concept>
  <concept>
    <code value="Q20.12-9"/>
    <display value="ไม่ทราบ"/>
  </concept>
  <concept>
    <code value="Q20.13-0"/>
    <display value="ไม่มี"/>
  </concept>
  <concept>
    <code value="Q20.13-1"/>
    <display value="มี ไม่ใช้"/>
  </concept>
  <concept>
    <code value="Q20.13-2"/>
    <display value="มี และใช้"/>
  </concept>
  <concept>
    <code value="Q20.13-3"/>
    <display value="ไม่ทราบ"/>
  </concept>
  <concept>
    <code value="Q20.14-0"/>
    <display value="ไม่มี"/>
  </concept>
  <concept>
    <code value="Q20.14-1"/>
    <display value="มี ไม่ใช้"/>
  </concept>
  <concept>
    <code value="Q20.14-2"/>
    <display value="มี และใช้"/>
  </concept>
  <concept>
    <code value="Q20.14-3"/>
    <display value="ไม่ทราบ"/>
  </concept>
  <concept>
    <code value="Q20.15-0"/>
    <display value="ไม่มี"/>
  </concept>
  <concept>
    <code value="Q20.15-1"/>
    <display value="มี ไม่ใช้"/>
  </concept>
  <concept>
    <code value="Q20.15-2"/>
    <display value="มี และใช้"/>
  </concept>
  <concept>
    <code value="Q20.15-3"/>
    <display value="ไม่ทราบ"/>
  </concept>
  <concept>
    <code value="Q20.16-0"/>
    <display value="ไม่มี"/>
  </concept>
  <concept>
    <code value="Q20.16-1"/>
    <display value="มี ไม่ใช้"/>
  </concept>
  <concept>
    <code value="Q20.16-2"/>
    <display value="มี และใช้"/>
  </concept>
  <concept>
    <code value="Q20.16-3"/>
    <display value="ไม่ทราบ"/>
  </concept>
  <concept>
    <code value="Q20.17-0"/>
    <display value="ไม่มี"/>
  </concept>
  <concept>
    <code value="Q20.17-1"/>
    <display value="มี ไม่ใช้"/>
  </concept>
  <concept>
    <code value="Q20.17-2"/>
    <display value="มี และใช้"/>
  </concept>
  <concept>
    <code value="Q20.17-3"/>
    <display value="ไม่ทราบ"/>
  </concept>
  <concept>
    <code value="Q20.18-1"/>
    <display value="บ้านเดี่ยว"/>
  </concept>
  <concept>
    <code value="Q20.18-2"/>
    <display value="ทาวเฮ้าส์"/>
  </concept>
  <concept>
    <code value="Q20.18-3"/>
    <display value="ห้องแถว"/>
  </concept>
  <concept>
    <code value="Q20.18-4"/>
    <display value="คอนโด"/>
  </concept>
  <concept>
    <code value="Q20.18-5"/>
    <display value="เพิงพัก"/>
  </concept>
  <concept>
    <code value="Q20.18-6"/>
    <display value="ชุมชนแออัด"/>
  </concept>
  <concept>
    <code value="Q20.18-7"/>
    <display value="เรือนแพ"/>
  </concept>
  <concept>
    <code value="Q20.18-9"/>
    <display value="อื่นๆ"/>
  </concept>
  <concept>
    <code value="Q20.18-x"/>
    <display value="มีเลขที่บ้าน แต่ไม่มีบ้าน"/>
  </concept>
  <concept>
    <code value="Q20.19-1"/>
    <display value="บ้านบนพื้นที่ราบ"/>
  </concept>
  <concept>
    <code value="Q20.19-2"/>
    <display value="บ้านบนพื้นที่สูง ภูเขา"/>
  </concept>
  <concept>
    <code value="Q20.19-3"/>
    <display value="เรือนแพ"/>
  </concept>
</CodeSystem>