<?xml version="1.0" encoding="UTF-8"?>

<CodeSystem xmlns="http://hl7.org/fhir">
  <id value="cs-thcc-status-in-family"/>
  <text>
    <status value="generated"/><div xmlns="http://www.w3.org/1999/xhtml"><p>This code system http://terms.sil-th.org/Codesystem/cs-thcc-status-in-family defines the following codes:</p><table class="codes"><tr><td style="white-space:nowrap"><b>Code</b></td><td><b>Display</b></td></tr><tr><td style="white-space:nowrap">1<a name="cs-thcc-status-in-family-1"> </a></td><td>เจ้าบ้าน</td></tr><tr><td style="white-space:nowrap">2<a name="cs-thcc-status-in-family-2"> </a></td><td>ผู้อาศัย</td></tr></table></div>
  </text>
  <url value="http://terms.sil-th.org/Codesystem/cs-thcc-status-in-family"/>
  <version value="0.1.0"/>
  <name value="CS_THCC_StatusInFamily"/>
  <title value="สถานะในครอบครัว"/>
  <status value="active"/>
  <date value="2022-07-31T02:30:06+07:00"/>
  <description value="ใช้ระบุสถานะในครอบครัว ซึ่งใช้ในโครงสร้างข้อมูล 43 แฟ้ม"/>
  <jurisdiction>
    <coding>
      <system value="urn:iso:std:iso:3166"/>
      <code value="TH"/>
    </coding>
  </jurisdiction>
  <content value="complete"/>
  <count value="2"/>
  <concept>
    <code value="1"/>
    <display value="เจ้าบ้าน"/>
  </concept>
  <concept>
    <code value="2"/>
    <display value="ผู้อาศัย"/>
  </concept>
</CodeSystem>