<?xml version="1.0" encoding="UTF-8"?>

<CodeSystem xmlns="http://hl7.org/fhir">
  <id value="cs-thcc-service-hour"/>
  <text>
    <status value="generated"/><div xmlns="http://www.w3.org/1999/xhtml"><p>This code system http://terms.sil-th.org/CodeSystem/cs-thcc-service-hour defines the following codes:</p><table class="codes"><tr><td style="white-space:nowrap"><b>Code</b></td><td><b>Display</b></td></tr><tr><td style="white-space:nowrap">1<a name="cs-thcc-service-hour-1"> </a></td><td>ในเวลาราชการ</td></tr><tr><td style="white-space:nowrap">2<a name="cs-thcc-service-hour-2"> </a></td><td>นอกเวลาราชการ</td></tr></table></div>
  </text>
  <url value="http://terms.sil-th.org/CodeSystem/cs-thcc-service-hour"/>
  <version value="0.1.0"/>
  <name value="CS_THCC_ServiceHour"/>
  <title value="รหัสเวลามารับบริการ"/>
  <status value="active"/>
  <date value="2022-08-15T02:16:31+07:00"/>
  <description value="รหัสเวลามารับบริการ ตามโครงสร้างข้อมูล 43 แฟ้ม"/>
  <jurisdiction>
    <coding>
      <system value="urn:iso:std:iso:3166"/>
      <code value="TH"/>
    </coding>
  </jurisdiction>
  <content value="complete"/>
  <count value="2"/>
  <concept>
    <code value="1"/>
    <display value="ในเวลาราชการ"/>
  </concept>
  <concept>
    <code value="2"/>
    <display value="นอกเวลาราชการ"/>
  </concept>
</CodeSystem>