{
  "resourceType": "CodeSystem",
  "id": "cs-qn-village",
  "text": {
    "status": "generated",
    "div": "<div xmlns=\"http://www.w3.org/1999/xhtml\"><p>This code system http://terms.sil-th.org/CodeSystem/cs-qn-village defines the following codes:</p><table class=\"codes\"><tr><td style=\"white-space:nowrap\"><b>Code</b></td><td><b>Display</b></td></tr><tr><td style=\"white-space:nowrap\">Q21-0<a name=\"cs-qn-village-Q21-0\"> </a></td><td>ไม่มี</td></tr><tr><td style=\"white-space:nowrap\">Q21-1<a name=\"cs-qn-village-Q21-1\"> </a></td><td>มี</td></tr><tr><td style=\"white-space:nowrap\">Q21-9<a name=\"cs-qn-village-Q21-9\"> </a></td><td>ไม่ทราบ</td></tr><tr><td style=\"white-space:nowrap\">Q22-0<a name=\"cs-qn-village-Q22-0\"> </a></td><td>ไม่ทราบ</td></tr><tr><td style=\"white-space:nowrap\">Q22-1<a name=\"cs-qn-village-Q22-1\"> </a></td><td>ไม่มี</td></tr><tr><td style=\"white-space:nowrap\">Q22-2<a name=\"cs-qn-village-Q22-2\"> </a></td><td>มีสถานที่ฝังกลบ</td></tr><tr><td style=\"white-space:nowrap\">Q22-3<a name=\"cs-qn-village-Q22-3\"> </a></td><td>มีสถานที่เผา</td></tr><tr><td style=\"white-space:nowrap\">Q22-4<a name=\"cs-qn-village-Q22-4\"> </a></td><td>มีสถานที่รวบรวม คัดแยก และนำมูลฝอยไปใช้ประโยชน์</td></tr><tr><td style=\"white-space:nowrap\">Q22-5<a name=\"cs-qn-village-Q22-5\"> </a></td><td>มีสถานที่รวบรวมมูลฝอยเพื่อนำไปกำจัดที่อื่น</td></tr><tr><td style=\"white-space:nowrap\">Q22-6<a name=\"cs-qn-village-Q22-6\"> </a></td><td>มีสถานที่หมักทำปุ๋ย</td></tr><tr><td style=\"white-space:nowrap\">Q22-9<a name=\"cs-qn-village-Q22-9\"> </a></td><td>กำจัดขยะด้วยวิธีอื่น</td></tr></table></div>"
  },
  "url": "http://terms.sil-th.org/CodeSystem/cs-qn-village",
  "version": "0.1.0",
  "name": "CS_QN_Village",
  "title": "รหัสคำตอบสำหรับตอบแบบสำรวจหมู่บ้าน",
  "status": "active",
  "date": "2022-08-17T01:34:31+07:00",
  "description": "รหัสคำตอบสำหรับตอบแบบสำรวจหมู่บ้าน ตามโครงสร้างข้อมูล 43 แฟ้ม",
  "jurisdiction": [
    {
      "coding": [
        {
          "system": "urn:iso:std:iso:3166",
          "code": "TH"
        }
      ]
    }
  ],
  "content": "complete",
  "count": 11,
  "concept": [
    {
      "code": "Q21-0",
      "display": "ไม่มี"
    },
    {
      "code": "Q21-1",
      "display": "มี"
    },
    {
      "code": "Q21-9",
      "display": "ไม่ทราบ"
    },
    {
      "code": "Q22-0",
      "display": "ไม่ทราบ"
    },
    {
      "code": "Q22-1",
      "display": "ไม่มี"
    },
    {
      "code": "Q22-2",
      "display": "มีสถานที่ฝังกลบ"
    },
    {
      "code": "Q22-3",
      "display": "มีสถานที่เผา"
    },
    {
      "code": "Q22-4",
      "display": "มีสถานที่รวบรวม คัดแยก และนำมูลฝอยไปใช้ประโยชน์"
    },
    {
      "code": "Q22-5",
      "display": "มีสถานที่รวบรวมมูลฝอยเพื่อนำไปกำจัดที่อื่น"
    },
    {
      "code": "Q22-6",
      "display": "มีสถานที่หมักทำปุ๋ย"
    },
    {
      "code": "Q22-9",
      "display": "กำจัดขยะด้วยวิธีอื่น"
    }
  ]
}