<?xml version="1.0" encoding="UTF-8"?>

<CodeSystem xmlns="http://hl7.org/fhir">
  <id value="cs-thcc-accident-priority"/>
  <text>
    <status value="generated"/><div xmlns="http://www.w3.org/1999/xhtml"><p>This code system http://terms.sil-th.org/CodeSystem/cs-thcc-accident-priority defines the following codes:</p><table class="codes"><tr><td style="white-space:nowrap"><b>Code</b></td><td><b>Display</b></td></tr><tr><td style="white-space:nowrap">1<a name="cs-thcc-accident-priority-1"> </a></td><td>life threatening</td></tr><tr><td style="white-space:nowrap">2<a name="cs-thcc-accident-priority-2"> </a></td><td>emergency</td></tr><tr><td style="white-space:nowrap">3<a name="cs-thcc-accident-priority-3"> </a></td><td>urgent</td></tr><tr><td style="white-space:nowrap">4<a name="cs-thcc-accident-priority-4"> </a></td><td>acute</td></tr><tr><td style="white-space:nowrap">5<a name="cs-thcc-accident-priority-5"> </a></td><td>non acute</td></tr><tr><td style="white-space:nowrap">6<a name="cs-thcc-accident-priority-6"> </a></td><td>ไม่แน่ใจ</td></tr></table></div>
  </text>
  <url value="http://terms.sil-th.org/CodeSystem/cs-thcc-accident-priority"/>
  <version value="0.1.0"/>
  <name value="CS_THCC_AccidentPriority"/>
  <title value="รหัสระดับความเร่งด่วน"/>
  <status value="active"/>
  <date value="2022-08-15T02:16:31+07:00"/>
  <description value="ใช้ระบุรหัสระดับความเร่งด่วน ตามโครงสร้างข้อมูล 43 แฟ้ม"/>
  <jurisdiction>
    <coding>
      <system value="urn:iso:std:iso:3166"/>
      <code value="TH"/>
    </coding>
  </jurisdiction>
  <content value="complete"/>
  <count value="6"/>
  <concept>
    <code value="1"/>
    <display value="life threatening"/>
  </concept>
  <concept>
    <code value="2"/>
    <display value="emergency"/>
  </concept>
  <concept>
    <code value="3"/>
    <display value="urgent"/>
  </concept>
  <concept>
    <code value="4"/>
    <display value="acute"/>
  </concept>
  <concept>
    <code value="5"/>
    <display value="non acute"/>
  </concept>
  <concept>
    <code value="6"/>
    <display value="ไม่แน่ใจ"/>
  </concept>
</CodeSystem>