<?xml version="1.0" encoding="UTF-8"?>

<CodeSystem xmlns="http://hl7.org/fhir">
  <id value="cs-thcc-individual-provider-type"/>
  <text>
    <status value="generated"/><div xmlns="http://www.w3.org/1999/xhtml"><p>This code system https://terms.sil-th.org/CodeSystem/cs-thcc-individual-provider-type defines the following codes:</p><table class="codes"><tr><td style="white-space:nowrap"><b>Code</b></td><td><b>Display</b></td></tr><tr><td style="white-space:nowrap">01<a name="cs-thcc-individual-provider-type-01"> </a></td><td>แพทย์</td></tr><tr><td style="white-space:nowrap">011<a name="cs-thcc-individual-provider-type-011"> </a></td><td>แพทย์เวชศาสตร์ครอบครัว (Family Medicine: FM)</td></tr><tr><td style="white-space:nowrap">02<a name="cs-thcc-individual-provider-type-02"> </a></td><td>ทันตแพทย์</td></tr><tr><td style="white-space:nowrap">03<a name="cs-thcc-individual-provider-type-03"> </a></td><td>พยาบาลวิชาชีพ (ที่ทำหน้าที่ตรวจรักษา)</td></tr><tr><td style="white-space:nowrap">04<a name="cs-thcc-individual-provider-type-04"> </a></td><td>เจ้าพนักงานสาธารณสุขชุมชน</td></tr><tr><td style="white-space:nowrap">05<a name="cs-thcc-individual-provider-type-05"> </a></td><td>นักวิชาการสาธารณสุข</td></tr><tr><td style="white-space:nowrap">06<a name="cs-thcc-individual-provider-type-06"> </a></td><td>ทันตาภิบาล </td></tr><tr><td style="white-space:nowrap">07<a name="cs-thcc-individual-provider-type-07"> </a></td><td>อสม. (ผู้ให้บริการชุมชน)</td></tr><tr><td style="white-space:nowrap">08<a name="cs-thcc-individual-provider-type-08"> </a></td><td>บุคลากรแพทย์แผนไทย แพทย์พื้นบ้าน แพทย์ทางเลือก (ที่มีวุฒิการศึกษาหรือผ่านการอบรมตามเกณฑ์)</td></tr><tr><td style="white-space:nowrap">081<a name="cs-thcc-individual-provider-type-081"> </a></td><td>แพทย์แผนไทย/แพทย์แผนไทยประยุกต์ : (ที่มีใบประกอบวิชาชีพฯ)</td></tr><tr><td style="white-space:nowrap">082<a name="cs-thcc-individual-provider-type-082"> </a></td><td>แพทย์พื้นบ้าน (ที่มีใบประกอบวิชาชีพฯ หรือได้รับการรับรองตามระเบียบการแพทย์แผนไทยฯ)</td></tr><tr><td style="white-space:nowrap">083<a name="cs-thcc-individual-provider-type-083"> </a></td><td>แพทย์แผนจีน (ที่มีใบประกอบวิชาชีพฯ)</td></tr><tr><td style="white-space:nowrap">084<a name="cs-thcc-individual-provider-type-084"> </a></td><td>ผู้ช่วยแพทย์แผนไทย (ที่ผ่านการอบรมตามเกณฑ์)</td></tr><tr><td style="white-space:nowrap">085<a name="cs-thcc-individual-provider-type-085"> </a></td><td>บุคลากรแพทย์แผนไทย แพทย์พื้นบ้าน แพทย์แผนจีน แพทย์ทางเลือก (ที่มีวุฒิการศึกษาหรือผ่านการอบรมตามเกณฑ์ แต่ที่ไม่มีใบประกอบวิชาชีพ)</td></tr><tr><td style="white-space:nowrap">09<a name="cs-thcc-individual-provider-type-09"> </a></td><td>อื่นๆ</td></tr><tr><td style="white-space:nowrap">10<a name="cs-thcc-individual-provider-type-10"> </a></td><td>ผู้ดูแลผู้ป่วยที่บ้าน หรือผู้ช่วยเหลือดูแลผู้สูงอายุ (Care Giver: CG)</td></tr><tr><td style="white-space:nowrap">11<a name="cs-thcc-individual-provider-type-11"> </a></td><td>เภสัชกร</td></tr><tr><td style="white-space:nowrap">12<a name="cs-thcc-individual-provider-type-12"> </a></td><td>บุคลากรด้านเวชศาสตร์ฟื้นฟู (รวม นักกายภาพบำบัด/นักเวชกรรมฟื้นฟู)</td></tr><tr><td style="white-space:nowrap">13<a name="cs-thcc-individual-provider-type-13"> </a></td><td>บุคลากรด้านเทคนิคการแพทย์</td></tr><tr><td style="white-space:nowrap">14<a name="cs-thcc-individual-provider-type-14"> </a></td><td>ผู้จัดการดูแล (Care Manager: CM)</td></tr></table></div>
  </text>
  <url value="https://terms.sil-th.org/CodeSystem/cs-thcc-individual-provider-type"/>
  <version value="0.1.0"/>
  <name value="CS_THCC_IndividualProviderType"/>
  <title value="รหัสประเภทบุคลากรทางการแพทย์และสาธารณสุข"/>
  <status value="active"/>
  <date value="2022-08-16T00:23:13+07:00"/>
  <description value="รหัสประเภทบุคลากรทางการแพทย์และสาธารณสุข ตามโครงสร้างข้อมูล 43 แฟ้ม"/>
  <jurisdiction>
    <coding>
      <system value="urn:iso:std:iso:3166"/>
      <code value="TH"/>
    </coding>
  </jurisdiction>
  <content value="complete"/>
  <count value="20"/>
  <concept>
    <code value="01"/>
    <display value="แพทย์"/>
  </concept>
  <concept>
    <code value="011"/>
    <display value="แพทย์เวชศาสตร์ครอบครัว (Family Medicine: FM)"/>
  </concept>
  <concept>
    <code value="02"/>
    <display value="ทันตแพทย์"/>
  </concept>
  <concept>
    <code value="03"/>
    <display value="พยาบาลวิชาชีพ (ที่ทำหน้าที่ตรวจรักษา)"/>
  </concept>
  <concept>
    <code value="04"/>
    <display value="เจ้าพนักงานสาธารณสุขชุมชน"/>
  </concept>
  <concept>
    <code value="05"/>
    <display value="นักวิชาการสาธารณสุข"/>
  </concept>
  <concept>
    <code value="06"/>
    <display value="ทันตาภิบาล "/>
  </concept>
  <concept>
    <code value="07"/>
    <display value="อสม. (ผู้ให้บริการชุมชน)"/>
  </concept>
  <concept>
    <code value="08"/>
    <display value="บุคลากรแพทย์แผนไทย แพทย์พื้นบ้าน แพทย์ทางเลือก (ที่มีวุฒิการศึกษาหรือผ่านการอบรมตามเกณฑ์)"/>
  </concept>
  <concept>
    <code value="081"/>
    <display value="แพทย์แผนไทย/แพทย์แผนไทยประยุกต์ : (ที่มีใบประกอบวิชาชีพฯ)"/>
  </concept>
  <concept>
    <code value="082"/>
    <display value="แพทย์พื้นบ้าน (ที่มีใบประกอบวิชาชีพฯ หรือได้รับการรับรองตามระเบียบการแพทย์แผนไทยฯ)"/>
  </concept>
  <concept>
    <code value="083"/>
    <display value="แพทย์แผนจีน (ที่มีใบประกอบวิชาชีพฯ)"/>
  </concept>
  <concept>
    <code value="084"/>
    <display value="ผู้ช่วยแพทย์แผนไทย (ที่ผ่านการอบรมตามเกณฑ์)"/>
  </concept>
  <concept>
    <code value="085"/>
    <display value="บุคลากรแพทย์แผนไทย แพทย์พื้นบ้าน แพทย์แผนจีน แพทย์ทางเลือก (ที่มีวุฒิการศึกษาหรือผ่านการอบรมตามเกณฑ์ แต่ที่ไม่มีใบประกอบวิชาชีพ)"/>
  </concept>
  <concept>
    <code value="09"/>
    <display value="อื่นๆ"/>
  </concept>
  <concept>
    <code value="10"/>
    <display value="ผู้ดูแลผู้ป่วยที่บ้าน หรือผู้ช่วยเหลือดูแลผู้สูงอายุ (Care Giver: CG)"/>
  </concept>
  <concept>
    <code value="11"/>
    <display value="เภสัชกร"/>
  </concept>
  <concept>
    <code value="12"/>
    <display value="บุคลากรด้านเวชศาสตร์ฟื้นฟู (รวม นักกายภาพบำบัด/นักเวชกรรมฟื้นฟู)"/>
  </concept>
  <concept>
    <code value="13"/>
    <display value="บุคลากรด้านเทคนิคการแพทย์"/>
  </concept>
  <concept>
    <code value="14"/>
    <display value="ผู้จัดการดูแล (Care Manager: CM)"/>
  </concept>
</CodeSystem>