<?xml version="1.0" encoding="UTF-8"?>

<CodeSystem xmlns="http://hl7.org/fhir">
  <id value="cs-thcc-pregnancy-outcome"/>
  <text>
    <status value="generated"/><div xmlns="http://www.w3.org/1999/xhtml"><p>This code system http://terms.sil-th.org/CodeSystem/cs-thcc-pregnancy-outcome defines the following codes:</p><table class="codes"><tr><td style="white-space:nowrap"><b>Code</b></td><td><b>Display</b></td></tr><tr><td style="white-space:nowrap">O000<a name="cs-thcc-pregnancy-outcome-O000"> </a></td><td>Abdominal pregnancy</td></tr><tr><td style="white-space:nowrap">O001<a name="cs-thcc-pregnancy-outcome-O001"> </a></td><td>Tubal pregnancy</td></tr><tr><td style="white-space:nowrap">O002<a name="cs-thcc-pregnancy-outcome-O002"> </a></td><td>Ovarian pregnancy</td></tr><tr><td style="white-space:nowrap">O008<a name="cs-thcc-pregnancy-outcome-O008"> </a></td><td>Other ectopic pregnancy</td></tr><tr><td style="white-space:nowrap">O009<a name="cs-thcc-pregnancy-outcome-O009"> </a></td><td>Ectopic pregnancy, unspecified</td></tr><tr><td style="white-space:nowrap">O010<a name="cs-thcc-pregnancy-outcome-O010"> </a></td><td>Classical hydatidiform mole</td></tr><tr><td style="white-space:nowrap">O011<a name="cs-thcc-pregnancy-outcome-O011"> </a></td><td>Incomplete and partial hydatidiform mole</td></tr><tr><td style="white-space:nowrap">O019<a name="cs-thcc-pregnancy-outcome-O019"> </a></td><td>Hydatidiform mole, unspecified</td></tr><tr><td style="white-space:nowrap">O020<a name="cs-thcc-pregnancy-outcome-O020"> </a></td><td>Blighted ovum and nonhydatidiform mole</td></tr><tr><td style="white-space:nowrap">O021<a name="cs-thcc-pregnancy-outcome-O021"> </a></td><td>Missed abortion</td></tr><tr><td style="white-space:nowrap">O028<a name="cs-thcc-pregnancy-outcome-O028"> </a></td><td>Other specified abnormal products of conception</td></tr><tr><td style="white-space:nowrap">O029<a name="cs-thcc-pregnancy-outcome-O029"> </a></td><td>Abnormal products of conception, unspecified</td></tr><tr><td style="white-space:nowrap">O030<a name="cs-thcc-pregnancy-outcome-O030"> </a></td><td>Spontaneous abortion at incomplete, complicated by genital tract and pelvic infection with condition in O08.0</td></tr><tr><td style="white-space:nowrap">O031<a name="cs-thcc-pregnancy-outcome-O031"> </a></td><td>Spontaneous abortion at incomplete, complicated by delayed  or excessive  haemorrhage with condition in O08.1</td></tr><tr><td style="white-space:nowrap">O032<a name="cs-thcc-pregnancy-outcome-O032"> </a></td><td>Spontaneous abortion at incomplete,complicated  by embolism with condition in O08.2</td></tr><tr><td style="white-space:nowrap">O033<a name="cs-thcc-pregnancy-outcome-O033"> </a></td><td>Spontaneous abortion at incomplete,with other unspecified complication  with condition in O08.3-O08.9</td></tr><tr><td style="white-space:nowrap">O034<a name="cs-thcc-pregnancy-outcome-O034"> </a></td><td>Spontaneous abortion at incomplete,without complication</td></tr><tr><td style="white-space:nowrap">O035<a name="cs-thcc-pregnancy-outcome-O035"> </a></td><td>Spontaneous abortion at complete or unspecified,complicated by genitic tract and pelvic infection  with condition in O08.0</td></tr><tr><td style="white-space:nowrap">O036<a name="cs-thcc-pregnancy-outcome-O036"> </a></td><td>Spontaneous abortion at complete or unspecified,complicated by delayed or excessive haemorrhage with condition in O08.1</td></tr><tr><td style="white-space:nowrap">O037<a name="cs-thcc-pregnancy-outcome-O037"> </a></td><td>Spontaneous abortion at complete or unspecified,complicated by embolism  with condition in O08.2</td></tr><tr><td style="white-space:nowrap">O038<a name="cs-thcc-pregnancy-outcome-O038"> </a></td><td>Spontaneous abortion at complete or unspecified,with other and unspecified condition in O08.3-O08.9</td></tr><tr><td style="white-space:nowrap">O039<a name="cs-thcc-pregnancy-outcome-O039"> </a></td><td>Spontaneous abortion at complete or unspecified,without complication</td></tr><tr><td style="white-space:nowrap">O040<a name="cs-thcc-pregnancy-outcome-O040"> </a></td><td>Medical abortion at incomplete, complicated by genital tract and pelvic infection with condition in O08.0</td></tr><tr><td style="white-space:nowrap">O041<a name="cs-thcc-pregnancy-outcome-O041"> </a></td><td>Medical abortion at incomplete, complicated by delayed  or excessive  haemorrhage with condition in O08.1</td></tr><tr><td style="white-space:nowrap">O042<a name="cs-thcc-pregnancy-outcome-O042"> </a></td><td>Medical abortion at incomplete,complicated  by embolism with condition in O08.2</td></tr><tr><td style="white-space:nowrap">O043<a name="cs-thcc-pregnancy-outcome-O043"> </a></td><td>Medical abortion at incomplete,with other unspecified complication  with condition in O08.3-O08.9</td></tr><tr><td style="white-space:nowrap">O044<a name="cs-thcc-pregnancy-outcome-O044"> </a></td><td>Medical abortion at incomplete,without complication</td></tr><tr><td style="white-space:nowrap">O045<a name="cs-thcc-pregnancy-outcome-O045"> </a></td><td>Medical abortion at complete or unspecified,complicated by genitic tract and pelvic infection  with condition in O08.0</td></tr><tr><td style="white-space:nowrap">O046<a name="cs-thcc-pregnancy-outcome-O046"> </a></td><td>Medical abortion at complete or unspecified,complicated by delayed or excessive haemorrhage with condition in O08.1</td></tr><tr><td style="white-space:nowrap">O047<a name="cs-thcc-pregnancy-outcome-O047"> </a></td><td>Medical abortion at complete or unspecified,complicated by embolism  with condition in O08.2</td></tr><tr><td style="white-space:nowrap">O048<a name="cs-thcc-pregnancy-outcome-O048"> </a></td><td>Medical abortion at complete or unspecified,with other and unspecified condition in O08.3-O08.9</td></tr><tr><td style="white-space:nowrap">O049<a name="cs-thcc-pregnancy-outcome-O049"> </a></td><td>Medical abortion at complete or unspecified,without complication</td></tr><tr><td style="white-space:nowrap">O050<a name="cs-thcc-pregnancy-outcome-O050"> </a></td><td>Other abortion at incomplete, complicated by genital tract and pelvic infection with condition in O08.0</td></tr><tr><td style="white-space:nowrap">O051<a name="cs-thcc-pregnancy-outcome-O051"> </a></td><td>Other abortion at incomplete, complicated by delayed  or excessive  haemorrhage with condition in O08.1</td></tr><tr><td style="white-space:nowrap">O052<a name="cs-thcc-pregnancy-outcome-O052"> </a></td><td>Other abortion at incomplete,complicated  by embolism with condition in O08.2</td></tr><tr><td style="white-space:nowrap">O053<a name="cs-thcc-pregnancy-outcome-O053"> </a></td><td>Other abortion at incomplete,with other unspecified complication  with condition in O08.3-O08.9</td></tr><tr><td style="white-space:nowrap">O054<a name="cs-thcc-pregnancy-outcome-O054"> </a></td><td>Other abortion at incomplete,without complication</td></tr><tr><td style="white-space:nowrap">O055<a name="cs-thcc-pregnancy-outcome-O055"> </a></td><td>Other abortion at complete or unspecified,complicated by genitic tract and pelvic infection  with condition in O08.0</td></tr><tr><td style="white-space:nowrap">O056<a name="cs-thcc-pregnancy-outcome-O056"> </a></td><td>Other abortion at complete or unspecified,complicated by delayed or excessive haemorrhage with condition in O08.1</td></tr><tr><td style="white-space:nowrap">O057<a name="cs-thcc-pregnancy-outcome-O057"> </a></td><td>Other abortion at complete or unspecified,complicated by embolism  with condition in O08.2</td></tr><tr><td style="white-space:nowrap">O058<a name="cs-thcc-pregnancy-outcome-O058"> </a></td><td>Other abortion at complete or unspecified,with other and unspecified condition in O08.3-O08.9</td></tr><tr><td style="white-space:nowrap">O059<a name="cs-thcc-pregnancy-outcome-O059"> </a></td><td>Other abortion at complete or unspecified,without complication</td></tr><tr><td style="white-space:nowrap">O060<a name="cs-thcc-pregnancy-outcome-O060"> </a></td><td>Unspecified abortion at incomplete, complicated by genital tract and pelvic infection with condition in O08.0</td></tr><tr><td style="white-space:nowrap">O061<a name="cs-thcc-pregnancy-outcome-O061"> </a></td><td>Unspecified abortion at incomplete, complicated by delayed  or excessive  haemorrhage with conditions in O08.1</td></tr><tr><td style="white-space:nowrap">O062<a name="cs-thcc-pregnancy-outcome-O062"> </a></td><td>Unspecified abortion at incomplete,complicated  by embolism with condition in O08.2</td></tr><tr><td style="white-space:nowrap">O063<a name="cs-thcc-pregnancy-outcome-O063"> </a></td><td>Unspecified abortion at incomplete,with other unspecified complications with conditions in O08.3-O08.9</td></tr><tr><td style="white-space:nowrap">O064<a name="cs-thcc-pregnancy-outcome-O064"> </a></td><td>Unspecified abortion at incomplete,without complication</td></tr><tr><td style="white-space:nowrap">O065<a name="cs-thcc-pregnancy-outcome-O065"> </a></td><td>Unspecified abortion at complete or unspecified,complicated by genitic tract and pelvic infection  with conditions in O08.0</td></tr><tr><td style="white-space:nowrap">O066<a name="cs-thcc-pregnancy-outcome-O066"> </a></td><td>Unspecified abortion at complete or unspecified,complicated by delayed or excessive haemorrhage with conditions in O08.1</td></tr><tr><td style="white-space:nowrap">O067<a name="cs-thcc-pregnancy-outcome-O067"> </a></td><td>Unspecified abortion at complete or unspecified,complicated by embolism  with conditions in O08.2</td></tr><tr><td style="white-space:nowrap">O068<a name="cs-thcc-pregnancy-outcome-O068"> </a></td><td>Unspecified abortion at complete or unspecified,with other and unspecified complications with conditions in O08.3-O08.9</td></tr><tr><td style="white-space:nowrap">O069<a name="cs-thcc-pregnancy-outcome-O069"> </a></td><td>Unspecified abortion at complete or unspecified,without complication</td></tr><tr><td style="white-space:nowrap">O070<a name="cs-thcc-pregnancy-outcome-O070"> </a></td><td>Failed medical abortion, complicated by genital tract and pelvic infection</td></tr><tr><td style="white-space:nowrap">O071<a name="cs-thcc-pregnancy-outcome-O071"> </a></td><td>Failed medical abortion, complicated by delayed or excessive haemorrhage</td></tr><tr><td style="white-space:nowrap">O072<a name="cs-thcc-pregnancy-outcome-O072"> </a></td><td>Failed medical abortion, complicated by embolism</td></tr><tr><td style="white-space:nowrap">O073<a name="cs-thcc-pregnancy-outcome-O073"> </a></td><td>Failed medical abortion, with other and unspecified complications</td></tr><tr><td style="white-space:nowrap">O074<a name="cs-thcc-pregnancy-outcome-O074"> </a></td><td>Failed medical abortion, without complication</td></tr><tr><td style="white-space:nowrap">O075<a name="cs-thcc-pregnancy-outcome-O075"> </a></td><td>Other and unspecified failed attempted abortion, complicated by genital tract and pelvic infection</td></tr><tr><td style="white-space:nowrap">O076<a name="cs-thcc-pregnancy-outcome-O076"> </a></td><td>Other and unspecified failed attempted abortion, complicated by delayed or excessive haemorrhage</td></tr><tr><td style="white-space:nowrap">O077<a name="cs-thcc-pregnancy-outcome-O077"> </a></td><td>Other and unspecified failed attempted abortion, complicated by embolism</td></tr><tr><td style="white-space:nowrap">O078<a name="cs-thcc-pregnancy-outcome-O078"> </a></td><td>Other and unspecified failed attempted abortion, with other and unspecified complications</td></tr><tr><td style="white-space:nowrap">O079<a name="cs-thcc-pregnancy-outcome-O079"> </a></td><td>Other and unspecified failed attempted abortion, without complication</td></tr><tr><td style="white-space:nowrap">O080<a name="cs-thcc-pregnancy-outcome-O080"> </a></td><td>Genital tract and pelvic infection following abortion and ectopic and molar pregnancy</td></tr><tr><td style="white-space:nowrap">O081<a name="cs-thcc-pregnancy-outcome-O081"> </a></td><td>Delayed or excessive haemorrhage following abortion and ectopic and molar pregnancy</td></tr><tr><td style="white-space:nowrap">O082<a name="cs-thcc-pregnancy-outcome-O082"> </a></td><td>Embolism following abortion and ectopic and molar pregnancy</td></tr><tr><td style="white-space:nowrap">O083<a name="cs-thcc-pregnancy-outcome-O083"> </a></td><td>Shock following abortion and ectopic and molar pregnancy</td></tr><tr><td style="white-space:nowrap">O084<a name="cs-thcc-pregnancy-outcome-O084"> </a></td><td>Renal failure following abortion and ectopic and molar pregnancy</td></tr><tr><td style="white-space:nowrap">O085<a name="cs-thcc-pregnancy-outcome-O085"> </a></td><td>Metabolic disorders following abortion and ectopic and molar pregnancy</td></tr><tr><td style="white-space:nowrap">O086<a name="cs-thcc-pregnancy-outcome-O086"> </a></td><td>Damage to pelvic organs and tissues following abortion and ectopic and molar pregnancy</td></tr><tr><td style="white-space:nowrap">O087<a name="cs-thcc-pregnancy-outcome-O087"> </a></td><td>Other venous complications following abortion and ectopic and molar pregnancy</td></tr><tr><td style="white-space:nowrap">O088<a name="cs-thcc-pregnancy-outcome-O088"> </a></td><td>Other complications following abortion and ectopic and molar pregnancy</td></tr><tr><td style="white-space:nowrap">O089<a name="cs-thcc-pregnancy-outcome-O089"> </a></td><td>Complication following abortion and ectopic and molar pregnancy, unspecified</td></tr><tr><td style="white-space:nowrap">O800<a name="cs-thcc-pregnancy-outcome-O800"> </a></td><td>Spontaneous vertex delivery</td></tr><tr><td style="white-space:nowrap">O801<a name="cs-thcc-pregnancy-outcome-O801"> </a></td><td>Spontaneous breech delivery</td></tr><tr><td style="white-space:nowrap">O808<a name="cs-thcc-pregnancy-outcome-O808"> </a></td><td>Other single spontaneous delivery</td></tr><tr><td style="white-space:nowrap">O809<a name="cs-thcc-pregnancy-outcome-O809"> </a></td><td>Single spontaneous delivery, unspecified</td></tr><tr><td style="white-space:nowrap">O810<a name="cs-thcc-pregnancy-outcome-O810"> </a></td><td>Low forceps delivery</td></tr><tr><td style="white-space:nowrap">O811<a name="cs-thcc-pregnancy-outcome-O811"> </a></td><td>Mid-cavity forceps delivery</td></tr><tr><td style="white-space:nowrap">O812<a name="cs-thcc-pregnancy-outcome-O812"> </a></td><td>Mid-cavity forceps with rotation</td></tr><tr><td style="white-space:nowrap">O813<a name="cs-thcc-pregnancy-outcome-O813"> </a></td><td>Other and unspecified forceps delivery</td></tr><tr><td style="white-space:nowrap">O814<a name="cs-thcc-pregnancy-outcome-O814"> </a></td><td>Vacuum extractor delivery</td></tr><tr><td style="white-space:nowrap">O815<a name="cs-thcc-pregnancy-outcome-O815"> </a></td><td>Delivery by combination of forceps and vacuum extractor</td></tr><tr><td style="white-space:nowrap">O820<a name="cs-thcc-pregnancy-outcome-O820"> </a></td><td>Delivery by elective caesarean section</td></tr><tr><td style="white-space:nowrap">O821<a name="cs-thcc-pregnancy-outcome-O821"> </a></td><td>Delivery by emergency caesarean section</td></tr><tr><td style="white-space:nowrap">O822<a name="cs-thcc-pregnancy-outcome-O822"> </a></td><td>Delivery by caesarean hysterectomy</td></tr><tr><td style="white-space:nowrap">O828<a name="cs-thcc-pregnancy-outcome-O828"> </a></td><td>Other single delivery by caesarean section</td></tr><tr><td style="white-space:nowrap">O829<a name="cs-thcc-pregnancy-outcome-O829"> </a></td><td>Delivery by caesarean section, unspecified</td></tr><tr><td style="white-space:nowrap">O830<a name="cs-thcc-pregnancy-outcome-O830"> </a></td><td>Breech extraction</td></tr><tr><td style="white-space:nowrap">O831<a name="cs-thcc-pregnancy-outcome-O831"> </a></td><td>Other assisted breech delivery</td></tr><tr><td style="white-space:nowrap">O832<a name="cs-thcc-pregnancy-outcome-O832"> </a></td><td>Other manipulation-assisted delivery</td></tr><tr><td style="white-space:nowrap">O833<a name="cs-thcc-pregnancy-outcome-O833"> </a></td><td>Delivery of viable fetus in abdominal pregnancy</td></tr><tr><td style="white-space:nowrap">O834<a name="cs-thcc-pregnancy-outcome-O834"> </a></td><td>Destructive operation for delivery</td></tr><tr><td style="white-space:nowrap">O838<a name="cs-thcc-pregnancy-outcome-O838"> </a></td><td>Other specified assisted single delivery</td></tr><tr><td style="white-space:nowrap">O839<a name="cs-thcc-pregnancy-outcome-O839"> </a></td><td>Assisted single delivery, unspecified</td></tr><tr><td style="white-space:nowrap">O840<a name="cs-thcc-pregnancy-outcome-O840"> </a></td><td>Multiple delivery, all spontaneous</td></tr><tr><td style="white-space:nowrap">O841<a name="cs-thcc-pregnancy-outcome-O841"> </a></td><td>Multiple delivery, all by forceps and vacuum extractor</td></tr><tr><td style="white-space:nowrap">O842<a name="cs-thcc-pregnancy-outcome-O842"> </a></td><td>Multiple delivery, all by caesarean section</td></tr><tr><td style="white-space:nowrap">O848<a name="cs-thcc-pregnancy-outcome-O848"> </a></td><td>Other multiple delivery</td></tr><tr><td style="white-space:nowrap">O849<a name="cs-thcc-pregnancy-outcome-O849"> </a></td><td>Multiple delivery, unspecified</td></tr></table></div>
  </text>
  <url value="http://terms.sil-th.org/CodeSystem/cs-thcc-pregnancy-outcome"/>
  <version value="0.1.0"/>
  <name value="CS_THCC_PregnancyOutcome"/>
  <title value="รหัสผลการสิ้นสุดการตั้งครรภ์"/>
  <status value="active"/>
  <date value="2022-08-16T00:23:13+07:00"/>
  <description value="รหัสผลการสิ้นสุดการตั้งครรภ์ ตามโครงสร้างข้อมูล 43 แฟ้ม"/>
  <jurisdiction>
    <coding>
      <system value="urn:iso:std:iso:3166"/>
      <code value="TH"/>
    </coding>
  </jurisdiction>
  <content value="complete"/>
  <count value="99"/>
  <concept>
    <code value="O000"/>
    <display value="Abdominal pregnancy"/>
  </concept>
  <concept>
    <code value="O001"/>
    <display value="Tubal pregnancy"/>
  </concept>
  <concept>
    <code value="O002"/>
    <display value="Ovarian pregnancy"/>
  </concept>
  <concept>
    <code value="O008"/>
    <display value="Other ectopic pregnancy"/>
  </concept>
  <concept>
    <code value="O009"/>
    <display value="Ectopic pregnancy, unspecified"/>
  </concept>
  <concept>
    <code value="O010"/>
    <display value="Classical hydatidiform mole"/>
  </concept>
  <concept>
    <code value="O011"/>
    <display value="Incomplete and partial hydatidiform mole"/>
  </concept>
  <concept>
    <code value="O019"/>
    <display value="Hydatidiform mole, unspecified"/>
  </concept>
  <concept>
    <code value="O020"/>
    <display value="Blighted ovum and nonhydatidiform mole"/>
  </concept>
  <concept>
    <code value="O021"/>
    <display value="Missed abortion"/>
  </concept>
  <concept>
    <code value="O028"/>
    <display value="Other specified abnormal products of conception"/>
  </concept>
  <concept>
    <code value="O029"/>
    <display value="Abnormal products of conception, unspecified"/>
  </concept>
  <concept>
    <code value="O030"/>
    <display value="Spontaneous abortion at incomplete, complicated by genital tract and pelvic infection with condition in O08.0"/>
  </concept>
  <concept>
    <code value="O031"/>
    <display value="Spontaneous abortion at incomplete, complicated by delayed  or excessive  haemorrhage with condition in O08.1"/>
  </concept>
  <concept>
    <code value="O032"/>
    <display value="Spontaneous abortion at incomplete,complicated  by embolism with condition in O08.2"/>
  </concept>
  <concept>
    <code value="O033"/>
    <display value="Spontaneous abortion at incomplete,with other unspecified complication  with condition in O08.3-O08.9"/>
  </concept>
  <concept>
    <code value="O034"/>
    <display value="Spontaneous abortion at incomplete,without complication"/>
  </concept>
  <concept>
    <code value="O035"/>
    <display value="Spontaneous abortion at complete or unspecified,complicated by genitic tract and pelvic infection  with condition in O08.0"/>
  </concept>
  <concept>
    <code value="O036"/>
    <display value="Spontaneous abortion at complete or unspecified,complicated by delayed or excessive haemorrhage with condition in O08.1"/>
  </concept>
  <concept>
    <code value="O037"/>
    <display value="Spontaneous abortion at complete or unspecified,complicated by embolism  with condition in O08.2"/>
  </concept>
  <concept>
    <code value="O038"/>
    <display value="Spontaneous abortion at complete or unspecified,with other and unspecified condition in O08.3-O08.9"/>
  </concept>
  <concept>
    <code value="O039"/>
    <display value="Spontaneous abortion at complete or unspecified,without complication"/>
  </concept>
  <concept>
    <code value="O040"/>
    <display value="Medical abortion at incomplete, complicated by genital tract and pelvic infection with condition in O08.0"/>
  </concept>
  <concept>
    <code value="O041"/>
    <display value="Medical abortion at incomplete, complicated by delayed  or excessive  haemorrhage with condition in O08.1"/>
  </concept>
  <concept>
    <code value="O042"/>
    <display value="Medical abortion at incomplete,complicated  by embolism with condition in O08.2"/>
  </concept>
  <concept>
    <code value="O043"/>
    <display value="Medical abortion at incomplete,with other unspecified complication  with condition in O08.3-O08.9"/>
  </concept>
  <concept>
    <code value="O044"/>
    <display value="Medical abortion at incomplete,without complication"/>
  </concept>
  <concept>
    <code value="O045"/>
    <display value="Medical abortion at complete or unspecified,complicated by genitic tract and pelvic infection  with condition in O08.0"/>
  </concept>
  <concept>
    <code value="O046"/>
    <display value="Medical abortion at complete or unspecified,complicated by delayed or excessive haemorrhage with condition in O08.1"/>
  </concept>
  <concept>
    <code value="O047"/>
    <display value="Medical abortion at complete or unspecified,complicated by embolism  with condition in O08.2"/>
  </concept>
  <concept>
    <code value="O048"/>
    <display value="Medical abortion at complete or unspecified,with other and unspecified condition in O08.3-O08.9"/>
  </concept>
  <concept>
    <code value="O049"/>
    <display value="Medical abortion at complete or unspecified,without complication"/>
  </concept>
  <concept>
    <code value="O050"/>
    <display value="Other abortion at incomplete, complicated by genital tract and pelvic infection with condition in O08.0"/>
  </concept>
  <concept>
    <code value="O051"/>
    <display value="Other abortion at incomplete, complicated by delayed  or excessive  haemorrhage with condition in O08.1"/>
  </concept>
  <concept>
    <code value="O052"/>
    <display value="Other abortion at incomplete,complicated  by embolism with condition in O08.2"/>
  </concept>
  <concept>
    <code value="O053"/>
    <display value="Other abortion at incomplete,with other unspecified complication  with condition in O08.3-O08.9"/>
  </concept>
  <concept>
    <code value="O054"/>
    <display value="Other abortion at incomplete,without complication"/>
  </concept>
  <concept>
    <code value="O055"/>
    <display value="Other abortion at complete or unspecified,complicated by genitic tract and pelvic infection  with condition in O08.0"/>
  </concept>
  <concept>
    <code value="O056"/>
    <display value="Other abortion at complete or unspecified,complicated by delayed or excessive haemorrhage with condition in O08.1"/>
  </concept>
  <concept>
    <code value="O057"/>
    <display value="Other abortion at complete or unspecified,complicated by embolism  with condition in O08.2"/>
  </concept>
  <concept>
    <code value="O058"/>
    <display value="Other abortion at complete or unspecified,with other and unspecified condition in O08.3-O08.9"/>
  </concept>
  <concept>
    <code value="O059"/>
    <display value="Other abortion at complete or unspecified,without complication"/>
  </concept>
  <concept>
    <code value="O060"/>
    <display value="Unspecified abortion at incomplete, complicated by genital tract and pelvic infection with condition in O08.0"/>
  </concept>
  <concept>
    <code value="O061"/>
    <display value="Unspecified abortion at incomplete, complicated by delayed  or excessive  haemorrhage with conditions in O08.1"/>
  </concept>
  <concept>
    <code value="O062"/>
    <display value="Unspecified abortion at incomplete,complicated  by embolism with condition in O08.2"/>
  </concept>
  <concept>
    <code value="O063"/>
    <display value="Unspecified abortion at incomplete,with other unspecified complications with conditions in O08.3-O08.9"/>
  </concept>
  <concept>
    <code value="O064"/>
    <display value="Unspecified abortion at incomplete,without complication"/>
  </concept>
  <concept>
    <code value="O065"/>
    <display value="Unspecified abortion at complete or unspecified,complicated by genitic tract and pelvic infection  with conditions in O08.0"/>
  </concept>
  <concept>
    <code value="O066"/>
    <display value="Unspecified abortion at complete or unspecified,complicated by delayed or excessive haemorrhage with conditions in O08.1"/>
  </concept>
  <concept>
    <code value="O067"/>
    <display value="Unspecified abortion at complete or unspecified,complicated by embolism  with conditions in O08.2"/>
  </concept>
  <concept>
    <code value="O068"/>
    <display value="Unspecified abortion at complete or unspecified,with other and unspecified complications with conditions in O08.3-O08.9"/>
  </concept>
  <concept>
    <code value="O069"/>
    <display value="Unspecified abortion at complete or unspecified,without complication"/>
  </concept>
  <concept>
    <code value="O070"/>
    <display value="Failed medical abortion, complicated by genital tract and pelvic infection"/>
  </concept>
  <concept>
    <code value="O071"/>
    <display value="Failed medical abortion, complicated by delayed or excessive haemorrhage"/>
  </concept>
  <concept>
    <code value="O072"/>
    <display value="Failed medical abortion, complicated by embolism"/>
  </concept>
  <concept>
    <code value="O073"/>
    <display value="Failed medical abortion, with other and unspecified complications"/>
  </concept>
  <concept>
    <code value="O074"/>
    <display value="Failed medical abortion, without complication"/>
  </concept>
  <concept>
    <code value="O075"/>
    <display value="Other and unspecified failed attempted abortion, complicated by genital tract and pelvic infection"/>
  </concept>
  <concept>
    <code value="O076"/>
    <display value="Other and unspecified failed attempted abortion, complicated by delayed or excessive haemorrhage"/>
  </concept>
  <concept>
    <code value="O077"/>
    <display value="Other and unspecified failed attempted abortion, complicated by embolism"/>
  </concept>
  <concept>
    <code value="O078"/>
    <display value="Other and unspecified failed attempted abortion, with other and unspecified complications"/>
  </concept>
  <concept>
    <code value="O079"/>
    <display value="Other and unspecified failed attempted abortion, without complication"/>
  </concept>
  <concept>
    <code value="O080"/>
    <display value="Genital tract and pelvic infection following abortion and ectopic and molar pregnancy"/>
  </concept>
  <concept>
    <code value="O081"/>
    <display value="Delayed or excessive haemorrhage following abortion and ectopic and molar pregnancy"/>
  </concept>
  <concept>
    <code value="O082"/>
    <display value="Embolism following abortion and ectopic and molar pregnancy"/>
  </concept>
  <concept>
    <code value="O083"/>
    <display value="Shock following abortion and ectopic and molar pregnancy"/>
  </concept>
  <concept>
    <code value="O084"/>
    <display value="Renal failure following abortion and ectopic and molar pregnancy"/>
  </concept>
  <concept>
    <code value="O085"/>
    <display value="Metabolic disorders following abortion and ectopic and molar pregnancy"/>
  </concept>
  <concept>
    <code value="O086"/>
    <display value="Damage to pelvic organs and tissues following abortion and ectopic and molar pregnancy"/>
  </concept>
  <concept>
    <code value="O087"/>
    <display value="Other venous complications following abortion and ectopic and molar pregnancy"/>
  </concept>
  <concept>
    <code value="O088"/>
    <display value="Other complications following abortion and ectopic and molar pregnancy"/>
  </concept>
  <concept>
    <code value="O089"/>
    <display value="Complication following abortion and ectopic and molar pregnancy, unspecified"/>
  </concept>
  <concept>
    <code value="O800"/>
    <display value="Spontaneous vertex delivery"/>
  </concept>
  <concept>
    <code value="O801"/>
    <display value="Spontaneous breech delivery"/>
  </concept>
  <concept>
    <code value="O808"/>
    <display value="Other single spontaneous delivery"/>
  </concept>
  <concept>
    <code value="O809"/>
    <display value="Single spontaneous delivery, unspecified"/>
  </concept>
  <concept>
    <code value="O810"/>
    <display value="Low forceps delivery"/>
  </concept>
  <concept>
    <code value="O811"/>
    <display value="Mid-cavity forceps delivery"/>
  </concept>
  <concept>
    <code value="O812"/>
    <display value="Mid-cavity forceps with rotation"/>
  </concept>
  <concept>
    <code value="O813"/>
    <display value="Other and unspecified forceps delivery"/>
  </concept>
  <concept>
    <code value="O814"/>
    <display value="Vacuum extractor delivery"/>
  </concept>
  <concept>
    <code value="O815"/>
    <display value="Delivery by combination of forceps and vacuum extractor"/>
  </concept>
  <concept>
    <code value="O820"/>
    <display value="Delivery by elective caesarean section"/>
  </concept>
  <concept>
    <code value="O821"/>
    <display value="Delivery by emergency caesarean section"/>
  </concept>
  <concept>
    <code value="O822"/>
    <display value="Delivery by caesarean hysterectomy"/>
  </concept>
  <concept>
    <code value="O828"/>
    <display value="Other single delivery by caesarean section"/>
  </concept>
  <concept>
    <code value="O829"/>
    <display value="Delivery by caesarean section, unspecified"/>
  </concept>
  <concept>
    <code value="O830"/>
    <display value="Breech extraction"/>
  </concept>
  <concept>
    <code value="O831"/>
    <display value="Other assisted breech delivery"/>
  </concept>
  <concept>
    <code value="O832"/>
    <display value="Other manipulation-assisted delivery"/>
  </concept>
  <concept>
    <code value="O833"/>
    <display value="Delivery of viable fetus in abdominal pregnancy"/>
  </concept>
  <concept>
    <code value="O834"/>
    <display value="Destructive operation for delivery"/>
  </concept>
  <concept>
    <code value="O838"/>
    <display value="Other specified assisted single delivery"/>
  </concept>
  <concept>
    <code value="O839"/>
    <display value="Assisted single delivery, unspecified"/>
  </concept>
  <concept>
    <code value="O840"/>
    <display value="Multiple delivery, all spontaneous"/>
  </concept>
  <concept>
    <code value="O841"/>
    <display value="Multiple delivery, all by forceps and vacuum extractor"/>
  </concept>
  <concept>
    <code value="O842"/>
    <display value="Multiple delivery, all by caesarean section"/>
  </concept>
  <concept>
    <code value="O848"/>
    <display value="Other multiple delivery"/>
  </concept>
  <concept>
    <code value="O849"/>
    <display value="Multiple delivery, unspecified"/>
  </concept>
</CodeSystem>