{
  "resourceType": "CodeSystem",
  "id": "cs-thcc-no-contraceptive",
  "text": {
    "status": "generated",
    "div": "<div xmlns=\"http://www.w3.org/1999/xhtml\"><p>This code system https://terms.sil-th.org/CodeSystem/cs-thcc-no-contraceptive defines the following codes:</p><table class=\"codes\"><tr><td style=\"white-space:nowrap\"><b>Code</b></td><td><b>Display</b></td></tr><tr><td style=\"white-space:nowrap\">1<a name=\"cs-thcc-no-contraceptive-1\"> </a></td><td>ต้องการบุตร</td></tr><tr><td style=\"white-space:nowrap\">2<a name=\"cs-thcc-no-contraceptive-2\"> </a></td><td>หมันธรรมชาติ</td></tr><tr><td style=\"white-space:nowrap\">3<a name=\"cs-thcc-no-contraceptive-3\"> </a></td><td>อื่นๆ</td></tr></table></div>"
  },
  "url": "https://terms.sil-th.org/CodeSystem/cs-thcc-no-contraceptive",
  "version": "0.1.0",
  "name": "CS_THCC_NoContraceptive",
  "title": "รหัสสาเหตุที่ไม่คุมกำเนิด",
  "status": "active",
  "date": "2022-08-11T00:50:32+07:00",
  "description": "รหัสสาเหตุที่ไม่คุมกำเนิด ซึ่งใช้ในโครงสร้างข้อมูล 43 แฟ้ม",
  "jurisdiction": [
    {
      "coding": [
        {
          "system": "urn:iso:std:iso:3166",
          "code": "TH"
        }
      ]
    }
  ],
  "content": "complete",
  "count": 3,
  "concept": [
    {
      "code": "1",
      "display": "ต้องการบุตร"
    },
    {
      "code": "2",
      "display": "หมันธรรมชาติ"
    },
    {
      "code": "3",
      "display": "อื่นๆ"
    }
  ]
}