{
  "resourceType": "CodeSystem",
  "id": "cs-thcc-refer-in-reason",
  "text": {
    "status": "generated",
    "div": "<div xmlns=\"http://www.w3.org/1999/xhtml\"><p>This code system http://terms.sil-th.org/CodeSystem/cs-thcc-refer-in-reason defines the following codes:</p><table class=\"codes\"><tr><td style=\"white-space:nowrap\"><b>Code</b></td><td><b>Display</b></td></tr><tr><td style=\"white-space:nowrap\">1<a name=\"cs-thcc-refer-in-reason-1\"> </a></td><td>เพื่อการวินิจฉัยและรักษา</td></tr><tr><td style=\"white-space:nowrap\">2<a name=\"cs-thcc-refer-in-reason-2\"> </a></td><td>เพื่อการวินิจฉัย</td></tr><tr><td style=\"white-space:nowrap\">3<a name=\"cs-thcc-refer-in-reason-3\"> </a></td><td>เพื่อการรักษาและพื้นฟูต่อเนื่อง</td></tr><tr><td style=\"white-space:nowrap\">4<a name=\"cs-thcc-refer-in-reason-4\"> </a></td><td>เพื่อการดูแลต่อใกล้บ้าน</td></tr><tr><td style=\"white-space:nowrap\">5<a name=\"cs-thcc-refer-in-reason-5\"> </a></td><td>ตามความต้องการผู้ป่วย</td></tr></table></div>"
  },
  "url": "http://terms.sil-th.org/CodeSystem/cs-thcc-refer-in-reason",
  "version": "0.1.0",
  "name": "CS_THCC_ReferReason",
  "title": "รหัสสาเหตุการส่งผู้ป่วยมารับบริการ",
  "status": "active",
  "date": "2022-08-14T22:14:52+07:00",
  "description": "รหัสสาเหตุการส่งผู้ป่วยมารับบริการ ตามโครงสร้างข้อมูล 43 แฟ้ม",
  "jurisdiction": [
    {
      "coding": [
        {
          "system": "urn:iso:std:iso:3166",
          "code": "TH"
        }
      ]
    }
  ],
  "content": "complete",
  "count": 5,
  "concept": [
    {
      "code": "1",
      "display": "เพื่อการวินิจฉัยและรักษา"
    },
    {
      "code": "2",
      "display": "เพื่อการวินิจฉัย"
    },
    {
      "code": "3",
      "display": "เพื่อการรักษาและพื้นฟูต่อเนื่อง"
    },
    {
      "code": "4",
      "display": "เพื่อการดูแลต่อใกล้บ้าน"
    },
    {
      "code": "5",
      "display": "ตามความต้องการผู้ป่วย"
    }
  ]
}