<?xml version="1.0" encoding="UTF-8"?>

<CodeSystem xmlns="http://hl7.org/fhir">
  <id value="cs-thcc-in-municipality"/>
  <text>
    <status value="generated"/><div xmlns="http://www.w3.org/1999/xhtml"><p>This code system https://terms.sil-th.org/CodeSystem/cs-thcc-in-municipality defines the following codes:</p><table class="codes"><tr><td style="white-space:nowrap"><b>Code</b></td><td><b>Display</b></td></tr><tr><td style="white-space:nowrap">1<a name="cs-thcc-in-municipality-1"> </a></td><td>ในเขตเทศบาล</td></tr><tr><td style="white-space:nowrap">2<a name="cs-thcc-in-municipality-2"> </a></td><td>นอกเขตเทศบาล</td></tr></table></div>
  </text>
  <url value="https://terms.sil-th.org/CodeSystem/cs-thcc-in-municipality"/>
  <version value="0.1.0"/>
  <name value="CS_THCC_InMunicipality"/>
  <title value="รหัสที่ตั้ง"/>
  <status value="active"/>
  <date value="2022-08-07T12:07:42+07:00"/>
  <description value="รหัสที่ตั้ง ใน/นอกเขตเทศบาล จาก THCC ซึ่งใช้ในโครงสร้างข้อมูล 43 แฟ้ม"/>
  <jurisdiction>
    <coding>
      <system value="urn:iso:std:iso:3166"/>
      <code value="TH"/>
    </coding>
  </jurisdiction>
  <content value="complete"/>
  <count value="2"/>
  <concept>
    <code value="1"/>
    <display value="ในเขตเทศบาล"/>
  </concept>
  <concept>
    <code value="2"/>
    <display value="นอกเขตเทศบาล"/>
  </concept>
</CodeSystem>