{
  "resourceType": "CodeSystem",
  "id": "cs-thcc-individual-provider-type",
  "text": {
    "status": "generated",
    "div": "<div xmlns=\"http://www.w3.org/1999/xhtml\"><p>This code system https://terms.sil-th.org/CodeSystem/cs-thcc-individual-provider-type defines the following codes:</p><table class=\"codes\"><tr><td style=\"white-space:nowrap\"><b>Code</b></td><td><b>Display</b></td></tr><tr><td style=\"white-space:nowrap\">01<a name=\"cs-thcc-individual-provider-type-01\"> </a></td><td>แพทย์</td></tr><tr><td style=\"white-space:nowrap\">011<a name=\"cs-thcc-individual-provider-type-011\"> </a></td><td>แพทย์เวชศาสตร์ครอบครัว (Family Medicine: FM)</td></tr><tr><td style=\"white-space:nowrap\">02<a name=\"cs-thcc-individual-provider-type-02\"> </a></td><td>ทันตแพทย์</td></tr><tr><td style=\"white-space:nowrap\">03<a name=\"cs-thcc-individual-provider-type-03\"> </a></td><td>พยาบาลวิชาชีพ (ที่ทำหน้าที่ตรวจรักษา)</td></tr><tr><td style=\"white-space:nowrap\">04<a name=\"cs-thcc-individual-provider-type-04\"> </a></td><td>เจ้าพนักงานสาธารณสุขชุมชน</td></tr><tr><td style=\"white-space:nowrap\">05<a name=\"cs-thcc-individual-provider-type-05\"> </a></td><td>นักวิชาการสาธารณสุข</td></tr><tr><td style=\"white-space:nowrap\">06<a name=\"cs-thcc-individual-provider-type-06\"> </a></td><td>ทันตาภิบาล </td></tr><tr><td style=\"white-space:nowrap\">07<a name=\"cs-thcc-individual-provider-type-07\"> </a></td><td>อสม. (ผู้ให้บริการชุมชน)</td></tr><tr><td style=\"white-space:nowrap\">08<a name=\"cs-thcc-individual-provider-type-08\"> </a></td><td>บุคลากรแพทย์แผนไทย แพทย์พื้นบ้าน แพทย์ทางเลือก (ที่มีวุฒิการศึกษาหรือผ่านการอบรมตามเกณฑ์)</td></tr><tr><td style=\"white-space:nowrap\">081<a name=\"cs-thcc-individual-provider-type-081\"> </a></td><td>แพทย์แผนไทย/แพทย์แผนไทยประยุกต์ : (ที่มีใบประกอบวิชาชีพฯ)</td></tr><tr><td style=\"white-space:nowrap\">082<a name=\"cs-thcc-individual-provider-type-082\"> </a></td><td>แพทย์พื้นบ้าน (ที่มีใบประกอบวิชาชีพฯ หรือได้รับการรับรองตามระเบียบการแพทย์แผนไทยฯ)</td></tr><tr><td style=\"white-space:nowrap\">083<a name=\"cs-thcc-individual-provider-type-083\"> </a></td><td>แพทย์แผนจีน (ที่มีใบประกอบวิชาชีพฯ)</td></tr><tr><td style=\"white-space:nowrap\">084<a name=\"cs-thcc-individual-provider-type-084\"> </a></td><td>ผู้ช่วยแพทย์แผนไทย (ที่ผ่านการอบรมตามเกณฑ์)</td></tr><tr><td style=\"white-space:nowrap\">085<a name=\"cs-thcc-individual-provider-type-085\"> </a></td><td>บุคลากรแพทย์แผนไทย แพทย์พื้นบ้าน แพทย์แผนจีน แพทย์ทางเลือก (ที่มีวุฒิการศึกษาหรือผ่านการอบรมตามเกณฑ์ แต่ที่ไม่มีใบประกอบวิชาชีพ)</td></tr><tr><td style=\"white-space:nowrap\">09<a name=\"cs-thcc-individual-provider-type-09\"> </a></td><td>อื่นๆ</td></tr><tr><td style=\"white-space:nowrap\">10<a name=\"cs-thcc-individual-provider-type-10\"> </a></td><td>ผู้ดูแลผู้ป่วยที่บ้าน หรือผู้ช่วยเหลือดูแลผู้สูงอายุ (Care Giver: CG)</td></tr><tr><td style=\"white-space:nowrap\">11<a name=\"cs-thcc-individual-provider-type-11\"> </a></td><td>เภสัชกร</td></tr><tr><td style=\"white-space:nowrap\">12<a name=\"cs-thcc-individual-provider-type-12\"> </a></td><td>บุคลากรด้านเวชศาสตร์ฟื้นฟู (รวม นักกายภาพบำบัด/นักเวชกรรมฟื้นฟู)</td></tr><tr><td style=\"white-space:nowrap\">13<a name=\"cs-thcc-individual-provider-type-13\"> </a></td><td>บุคลากรด้านเทคนิคการแพทย์</td></tr><tr><td style=\"white-space:nowrap\">14<a name=\"cs-thcc-individual-provider-type-14\"> </a></td><td>ผู้จัดการดูแล (Care Manager: CM)</td></tr></table></div>"
  },
  "url": "https://terms.sil-th.org/CodeSystem/cs-thcc-individual-provider-type",
  "version": "0.1.0",
  "name": "CS_THCC_IndividualProviderType",
  "title": "รหัสประเภทบุคลากรทางการแพทย์และสาธารณสุข",
  "status": "active",
  "date": "2022-08-16T23:36:06+07:00",
  "description": "รหัสประเภทบุคลากรทางการแพทย์และสาธารณสุข ตามโครงสร้างข้อมูล 43 แฟ้ม",
  "jurisdiction": [
    {
      "coding": [
        {
          "system": "urn:iso:std:iso:3166",
          "code": "TH"
        }
      ]
    }
  ],
  "content": "complete",
  "count": 20,
  "concept": [
    {
      "code": "01",
      "display": "แพทย์"
    },
    {
      "code": "011",
      "display": "แพทย์เวชศาสตร์ครอบครัว (Family Medicine: FM)"
    },
    {
      "code": "02",
      "display": "ทันตแพทย์"
    },
    {
      "code": "03",
      "display": "พยาบาลวิชาชีพ (ที่ทำหน้าที่ตรวจรักษา)"
    },
    {
      "code": "04",
      "display": "เจ้าพนักงานสาธารณสุขชุมชน"
    },
    {
      "code": "05",
      "display": "นักวิชาการสาธารณสุข"
    },
    {
      "code": "06",
      "display": "ทันตาภิบาล "
    },
    {
      "code": "07",
      "display": "อสม. (ผู้ให้บริการชุมชน)"
    },
    {
      "code": "08",
      "display": "บุคลากรแพทย์แผนไทย แพทย์พื้นบ้าน แพทย์ทางเลือก (ที่มีวุฒิการศึกษาหรือผ่านการอบรมตามเกณฑ์)"
    },
    {
      "code": "081",
      "display": "แพทย์แผนไทย/แพทย์แผนไทยประยุกต์ : (ที่มีใบประกอบวิชาชีพฯ)"
    },
    {
      "code": "082",
      "display": "แพทย์พื้นบ้าน (ที่มีใบประกอบวิชาชีพฯ หรือได้รับการรับรองตามระเบียบการแพทย์แผนไทยฯ)"
    },
    {
      "code": "083",
      "display": "แพทย์แผนจีน (ที่มีใบประกอบวิชาชีพฯ)"
    },
    {
      "code": "084",
      "display": "ผู้ช่วยแพทย์แผนไทย (ที่ผ่านการอบรมตามเกณฑ์)"
    },
    {
      "code": "085",
      "display": "บุคลากรแพทย์แผนไทย แพทย์พื้นบ้าน แพทย์แผนจีน แพทย์ทางเลือก (ที่มีวุฒิการศึกษาหรือผ่านการอบรมตามเกณฑ์ แต่ที่ไม่มีใบประกอบวิชาชีพ)"
    },
    {
      "code": "09",
      "display": "อื่นๆ"
    },
    {
      "code": "10",
      "display": "ผู้ดูแลผู้ป่วยที่บ้าน หรือผู้ช่วยเหลือดูแลผู้สูงอายุ (Care Giver: CG)"
    },
    {
      "code": "11",
      "display": "เภสัชกร"
    },
    {
      "code": "12",
      "display": "บุคลากรด้านเวชศาสตร์ฟื้นฟู (รวม นักกายภาพบำบัด/นักเวชกรรมฟื้นฟู)"
    },
    {
      "code": "13",
      "display": "บุคลากรด้านเทคนิคการแพทย์"
    },
    {
      "code": "14",
      "display": "ผู้จัดการดูแล (Care Manager: CM)"
    }
  ]
}