<?xml version="1.0" encoding="UTF-8"?>

<CodeSystem xmlns="http://hl7.org/fhir">
  <id value="cs-thcc-village-area"/>
  <text>
    <status value="generated"/><div xmlns="http://www.w3.org/1999/xhtml"><p>This code system https://terms.sil-th.org/CodeSystem/cs-thcc-village-area defines the following codes:</p><table class="codes"><tr><td style="white-space:nowrap"><b>Code</b></td><td><b>Display</b></td></tr><tr><td style="white-space:nowrap">1<a name="cs-thcc-village-area-1"> </a></td><td>เทศบาล</td></tr><tr><td style="white-space:nowrap">2<a name="cs-thcc-village-area-2"> </a></td><td>อบต.</td></tr><tr><td style="white-space:nowrap">3<a name="cs-thcc-village-area-3"> </a></td><td>ทั้งสองเขต</td></tr></table></div>
  </text>
  <url value="https://terms.sil-th.org/CodeSystem/cs-thcc-village-area"/>
  <version value="0.1.0"/>
  <name value="CS_THCC_VillageArea"/>
  <title value="เขตที่ตั้งของหมู่บ้าน"/>
  <status value="active"/>
  <date value="2022-08-16T23:36:06+07:00"/>
  <description value="เขตที่ตั้งของหมู่บ้าน จาก THCC ซึ่งใช้ในโครงสร้างข้อมูล 43 แฟ้ม"/>
  <jurisdiction>
    <coding>
      <system value="urn:iso:std:iso:3166"/>
      <code value="TH"/>
    </coding>
  </jurisdiction>
  <content value="complete"/>
  <count value="3"/>
  <concept>
    <code value="1"/>
    <display value="เทศบาล"/>
  </concept>
  <concept>
    <code value="2"/>
    <display value="อบต."/>
  </concept>
  <concept>
    <code value="3"/>
    <display value="ทั้งสองเขต"/>
  </concept>
</CodeSystem>