{
  "resourceType": "CodeSystem",
  "id": "cs-thcc-accident-vehicle",
  "text": {
    "status": "generated",
    "div": "<div xmlns=\"http://www.w3.org/1999/xhtml\"><p>This code system http://terms.sil-th.org/CodeSystem/cs-thcc-accident-vehicle defines the following codes:</p><table class=\"codes\"><tr><td style=\"white-space:nowrap\"><b>Code</b></td><td><b>Display</b></td></tr><tr><td style=\"white-space:nowrap\">01<a name=\"cs-thcc-accident-vehicle-01\"> </a></td><td>จักรยานและสามล้อถึบ</td></tr><tr><td style=\"white-space:nowrap\">02<a name=\"cs-thcc-accident-vehicle-02\"> </a></td><td>จักรยานยนต์</td></tr><tr><td style=\"white-space:nowrap\">03<a name=\"cs-thcc-accident-vehicle-03\"> </a></td><td>สามล้อเครื่อง</td></tr><tr><td style=\"white-space:nowrap\">04<a name=\"cs-thcc-accident-vehicle-04\"> </a></td><td>รถยนต์นั่ง/แท็กซี่</td></tr><tr><td style=\"white-space:nowrap\">05<a name=\"cs-thcc-accident-vehicle-05\"> </a></td><td>รถปิกอัพ</td></tr><tr><td style=\"white-space:nowrap\">06<a name=\"cs-thcc-accident-vehicle-06\"> </a></td><td>รถตู้</td></tr><tr><td style=\"white-space:nowrap\">07<a name=\"cs-thcc-accident-vehicle-07\"> </a></td><td>รถโดยสารสองแถว</td></tr><tr><td style=\"white-space:nowrap\">08<a name=\"cs-thcc-accident-vehicle-08\"> </a></td><td>รถโดยสารใหญ่ (รถบัส รถเมล์)</td></tr><tr><td style=\"white-space:nowrap\">09<a name=\"cs-thcc-accident-vehicle-09\"> </a></td><td>รถบรรทุก/รถพ่วง</td></tr><tr><td style=\"white-space:nowrap\">10<a name=\"cs-thcc-accident-vehicle-10\"> </a></td><td>เรือโดยสาร</td></tr><tr><td style=\"white-space:nowrap\">11<a name=\"cs-thcc-accident-vehicle-11\"> </a></td><td>เรืออื่นๆ</td></tr><tr><td style=\"white-space:nowrap\">12<a name=\"cs-thcc-accident-vehicle-12\"> </a></td><td>อากาศยาน</td></tr><tr><td style=\"white-space:nowrap\">98<a name=\"cs-thcc-accident-vehicle-98\"> </a></td><td>อื่นๆ</td></tr><tr><td style=\"white-space:nowrap\">99<a name=\"cs-thcc-accident-vehicle-99\"> </a></td><td>ไม่ทราบ</td></tr></table></div>"
  },
  "url": "http://terms.sil-th.org/CodeSystem/cs-thcc-accident-vehicle",
  "version": "0.1.0",
  "name": "CS_THCC_AccidentVehicle",
  "title": "ประเภทยานพาหนะที่เกิดเหตุ",
  "status": "active",
  "date": "2022-08-17T01:34:31+07:00",
  "description": "ใช้ระบุประเภทยานพาหนะที่เกิดเหตุ ซึ่งใช้ในโครงสร้างข้อมูล 43 แฟ้ม",
  "jurisdiction": [
    {
      "coding": [
        {
          "system": "urn:iso:std:iso:3166",
          "code": "TH"
        }
      ]
    }
  ],
  "content": "complete",
  "count": 14,
  "concept": [
    {
      "code": "01",
      "display": "จักรยานและสามล้อถึบ"
    },
    {
      "code": "02",
      "display": "จักรยานยนต์"
    },
    {
      "code": "03",
      "display": "สามล้อเครื่อง"
    },
    {
      "code": "04",
      "display": "รถยนต์นั่ง/แท็กซี่"
    },
    {
      "code": "05",
      "display": "รถปิกอัพ"
    },
    {
      "code": "06",
      "display": "รถตู้"
    },
    {
      "code": "07",
      "display": "รถโดยสารสองแถว"
    },
    {
      "code": "08",
      "display": "รถโดยสารใหญ่ (รถบัส รถเมล์)"
    },
    {
      "code": "09",
      "display": "รถบรรทุก/รถพ่วง"
    },
    {
      "code": "10",
      "display": "เรือโดยสาร"
    },
    {
      "code": "11",
      "display": "เรืออื่นๆ"
    },
    {
      "code": "12",
      "display": "อากาศยาน"
    },
    {
      "code": "98",
      "display": "อื่นๆ"
    },
    {
      "code": "99",
      "display": "ไม่ทราบ"
    }
  ]
}