<?xml version="1.0" encoding="UTF-8"?>

<CodeSystem xmlns="http://hl7.org/fhir">
  <id value="cs-thcc-educationlevel"/>
  <text>
    <status value="generated"/><div xmlns="http://www.w3.org/1999/xhtml"><p>This code system https://terms.sil-th.org/CodeSystem/cs-thcc-education-level defines the following codes:</p><table class="codes"><tr><td style="white-space:nowrap"><b>Code</b></td><td><b>Display</b></td><td><b>Definition</b></td></tr><tr><td style="white-space:nowrap">00<a name="cs-thcc-educationlevel-00"> </a></td><td>ไม่ได้ศึกษา/ไม่มีวุฒิการศึกษา</td><td/></tr><tr><td style="white-space:nowrap">01<a name="cs-thcc-educationlevel-01"> </a></td><td>ก่อนประถมศึกษา</td><td>ระดับการศึกษา เตรียมอนุบาล,อนุบาล,เด็กเล็ก,ต่ำกว่าประถมศึกษา</td></tr><tr><td style="white-space:nowrap">02<a name="cs-thcc-educationlevel-02"> </a></td><td>ประถมศึกษา</td><td>ระดับการศึกษา ประถมศึกษาปีที่ 1-7</td></tr><tr><td style="white-space:nowrap">03<a name="cs-thcc-educationlevel-03"> </a></td><td>มัธยมศึกษา</td><td>ระดับการศึกษา มัธยมศึกษาตอนต้น (ม.1-3) / มัธยมศึกษาตอนปลาย (ม.4- 6) มัธยมศึกษาตอนต้นสายสามัญ (ม.ศ.1-3) / มัธยมศึกษาตอนปลาย สายสามัญ (ม.ศ.4-5) / มัธยมศึกษา(ม.1-8) / ประกาศนียบัตรวิชาชีพ (ปวช.) </td></tr><tr><td style="white-space:nowrap">04<a name="cs-thcc-educationlevel-04"> </a></td><td>อนุปริญญา</td><td>ระดับการศึกษา ประกาศนียบัตรวิชาชีพ เทคนิค (ปวท.) ประกาศนียบัตรวิชาชีพชั้นสูง(ปวส.), อนุปริญญา, นาฎศิลป์ชั้นสูง</td></tr><tr><td style="white-space:nowrap">05<a name="cs-thcc-educationlevel-05"> </a></td><td>ปริญญาตรี</td><td>ระดับการศึกษา ปริญญาตรี,ประกาศนียบัตรวิชาชีพเทคนิคครูชั้นสูง ประกาศนียบัตรบัณฑิต</td></tr><tr><td style="white-space:nowrap">06<a name="cs-thcc-educationlevel-06"> </a></td><td>สูงกว่าปริญญาตรี</td><td>ระดับการศึกษา ปริญญาโท,ประกาศนียบัตรบัณฑิตชั้นสูง ปริญญาเอก/เทียบเท่า</td></tr><tr><td style="white-space:nowrap">09<a name="cs-thcc-educationlevel-09"> </a></td><td>ไม่ระบุ/ไม่ทราบ</td><td>ไม่ได้ระบุไว้ตามที่กำหนด</td></tr></table></div>
  </text>
  <url value="https://terms.sil-th.org/CodeSystem/cs-thcc-education-level"/>
  <version value="0.1.0"/>
  <name value="CS_THCC_EducationLevel"/>
  <title value="ชุดรหัสการศึกษา"/>
  <status value="active"/>
  <date value="2022-08-02T11:14:26+07:00"/>
  <description value="ชุดรหัสการศึกษา จาก THCC ซึ่งใช้ในโครงสร้างข้อมูล 43 แฟ้ม"/>
  <jurisdiction>
    <coding>
      <system value="urn:iso:std:iso:3166"/>
      <code value="TH"/>
    </coding>
  </jurisdiction>
  <content value="complete"/>
  <count value="8"/>
  <concept>
    <code value="00"/>
    <display value="ไม่ได้ศึกษา/ไม่มีวุฒิการศึกษา"/>
  </concept>
  <concept>
    <code value="01"/>
    <display value="ก่อนประถมศึกษา"/>
    <definition value="ระดับการศึกษา เตรียมอนุบาล,อนุบาล,เด็กเล็ก,ต่ำกว่าประถมศึกษา"/>
  </concept>
  <concept>
    <code value="02"/>
    <display value="ประถมศึกษา"/>
    <definition value="ระดับการศึกษา ประถมศึกษาปีที่ 1-7"/>
  </concept>
  <concept>
    <code value="03"/>
    <display value="มัธยมศึกษา"/>
    <definition value="ระดับการศึกษา มัธยมศึกษาตอนต้น (ม.1-3) / มัธยมศึกษาตอนปลาย (ม.4- 6) มัธยมศึกษาตอนต้นสายสามัญ (ม.ศ.1-3) / มัธยมศึกษาตอนปลาย สายสามัญ (ม.ศ.4-5) / มัธยมศึกษา(ม.1-8) / ประกาศนียบัตรวิชาชีพ (ปวช.) "/>
  </concept>
  <concept>
    <code value="04"/>
    <display value="อนุปริญญา"/>
    <definition value="ระดับการศึกษา ประกาศนียบัตรวิชาชีพ เทคนิค (ปวท.) ประกาศนียบัตรวิชาชีพชั้นสูง(ปวส.), อนุปริญญา, นาฎศิลป์ชั้นสูง"/>
  </concept>
  <concept>
    <code value="05"/>
    <display value="ปริญญาตรี"/>
    <definition value="ระดับการศึกษา ปริญญาตรี,ประกาศนียบัตรวิชาชีพเทคนิคครูชั้นสูง ประกาศนียบัตรบัณฑิต"/>
  </concept>
  <concept>
    <code value="06"/>
    <display value="สูงกว่าปริญญาตรี"/>
    <definition value="ระดับการศึกษา ปริญญาโท,ประกาศนียบัตรบัณฑิตชั้นสูง ปริญญาเอก/เทียบเท่า"/>
  </concept>
  <concept>
    <code value="09"/>
    <display value="ไม่ระบุ/ไม่ทราบ"/>
    <definition value="ไม่ได้ระบุไว้ตามที่กำหนด"/>
  </concept>
</CodeSystem>