<?xml version="1.0" encoding="UTF-8"?>

<CodeSystem xmlns="http://hl7.org/fhir">
  <id value="cs-thcc-allergy-certainty"/>
  <text>
    <status value="generated"/><div xmlns="http://www.w3.org/1999/xhtml"><p>This code system http://terms.sil-th.org/CodeSystem/cs-thcc-allergy-certainty defines the following codes:</p><table class="codes"><tr><td style="white-space:nowrap"><b>Code</b></td><td><b>Display</b></td></tr><tr><td style="white-space:nowrap">1<a name="cs-thcc-allergy-certainty-1"> </a></td><td>certain</td></tr><tr><td style="white-space:nowrap">2<a name="cs-thcc-allergy-certainty-2"> </a></td><td>probable</td></tr><tr><td style="white-space:nowrap">3<a name="cs-thcc-allergy-certainty-3"> </a></td><td>possible</td></tr><tr><td style="white-space:nowrap">4<a name="cs-thcc-allergy-certainty-4"> </a></td><td>unlikely</td></tr><tr><td style="white-space:nowrap">5<a name="cs-thcc-allergy-certainty-5"> </a></td><td>unclassified</td></tr></table></div>
  </text>
  <url value="http://terms.sil-th.org/CodeSystem/cs-thcc-allergy-certainty"/>
  <version value="0.1.0"/>
  <name value="CS_THCC_AllergyCertainy"/>
  <title value="รหัสประเภทการวินิจฉัยการแพ้ยา"/>
  <status value="active"/>
  <date value="2022-08-07T12:07:42+07:00"/>
  <description value="รหัสประเภทการวินิจฉัยการแพ้ยา ซึ่งใช้ในโครงสร้างข้อมูล 43 แฟ้ม"/>
  <jurisdiction>
    <coding>
      <system value="urn:iso:std:iso:3166"/>
      <code value="TH"/>
    </coding>
  </jurisdiction>
  <content value="complete"/>
  <count value="5"/>
  <concept>
    <code value="1"/>
    <display value="certain"/>
  </concept>
  <concept>
    <code value="2"/>
    <display value="probable"/>
  </concept>
  <concept>
    <code value="3"/>
    <display value="possible"/>
  </concept>
  <concept>
    <code value="4"/>
    <display value="unlikely"/>
  </concept>
  <concept>
    <code value="5"/>
    <display value="unclassified"/>
  </concept>
</CodeSystem>