{
  "resourceType": "CodeSystem",
  "id": "cs-thcc-service-location",
  "text": {
    "status": "generated",
    "div": "<div xmlns=\"http://www.w3.org/1999/xhtml\"><p>This code system http://terms.sil-th.org/CodeSystem/cs-thcc-service-location defines the following codes:</p><table class=\"codes\"><tr><td style=\"white-space:nowrap\"><b>Code</b></td><td><b>Display</b></td></tr><tr><td style=\"white-space:nowrap\">1<a name=\"cs-thcc-service-location-1\"> </a></td><td>ในสถานบริการ</td></tr><tr><td style=\"white-space:nowrap\">2<a name=\"cs-thcc-service-location-2\"> </a></td><td>นอกสถานบริการ</td></tr></table></div>"
  },
  "url": "http://terms.sil-th.org/CodeSystem/cs-thcc-service-location",
  "version": "0.1.0",
  "name": "CS_THCC_ServiceLocation",
  "title": "รหัสสถานที่รับบริการ",
  "status": "active",
  "date": "2022-08-14T22:14:52+07:00",
  "description": "รหัสสถานที่รับบริการ ตามโครงสร้างข้อมูล 43 แฟ้ม",
  "jurisdiction": [
    {
      "coding": [
        {
          "system": "urn:iso:std:iso:3166",
          "code": "TH"
        }
      ]
    }
  ],
  "content": "complete",
  "count": 2,
  "concept": [
    {
      "code": "1",
      "display": "ในสถานบริการ"
    },
    {
      "code": "2",
      "display": "นอกสถานบริการ"
    }
  ]
}