{
  "resourceType": "CodeSystem",
  "id": "cs-thcc-soical-obs-type",
  "text": {
    "status": "generated",
    "div": "<div xmlns=\"http://www.w3.org/1999/xhtml\"><p>This code system http://terms.sil-th.org/Codesystem/cs-thcc-soical-obs-type defines the following codes:</p><table class=\"codes\"><tr><td style=\"white-space:nowrap\"><b>Code</b></td><td><b>Display</b></td></tr><tr><td style=\"white-space:nowrap\">fstatus<a name=\"cs-thcc-soical-obs-type-fstatus\"> </a></td><td>สถานะในครอบครัว</td></tr><tr><td style=\"white-space:nowrap\">vstatus<a name=\"cs-thcc-soical-obs-type-vstatus\"> </a></td><td>สถานะในชุมชน</td></tr><tr><td style=\"white-space:nowrap\">annual-income<a name=\"cs-thcc-soical-obs-type-annual-income\"> </a></td><td>รายได้เฉลี่ยต่อปี</td></tr></table></div>"
  },
  "url": "http://terms.sil-th.org/Codesystem/cs-thcc-soical-obs-type",
  "version": "0.1.0",
  "name": "CS_THCC_SocialObsType",
  "title": "ชนิดประวัติทางสังคม",
  "status": "active",
  "date": "2022-07-31T02:30:06+07:00",
  "description": "ใช้ระบุชนิดประวัติทางสังคมต่าง ๆ ซึ่งใช้ในโครงสร้างข้อมูล 43 แฟ้ม",
  "jurisdiction": [
    {
      "coding": [
        {
          "system": "urn:iso:std:iso:3166",
          "code": "TH"
        }
      ]
    }
  ],
  "content": "complete",
  "count": 3,
  "concept": [
    {
      "code": "fstatus",
      "display": "สถานะในครอบครัว"
    },
    {
      "code": "vstatus",
      "display": "สถานะในชุมชน"
    },
    {
      "code": "annual-income",
      "display": "รายได้เฉลี่ยต่อปี"
    }
  ]
}