{
  "resourceType": "CodeSystem",
  "id": "cs-thcc-disability-type",
  "text": {
    "status": "generated",
    "div": "<div xmlns=\"http://www.w3.org/1999/xhtml\"><p>This code system https://terms.sil-th.org/CodeSystem/cs-thcc-disability-type defines the following codes:</p><table class=\"codes\"><tr><td style=\"white-space:nowrap\"><b>Code</b></td><td><b>Display</b></td></tr><tr><td style=\"white-space:nowrap\">1<a name=\"cs-thcc-disability-type-1\"> </a></td><td>ความพิการทางการเห็น</td></tr><tr><td style=\"white-space:nowrap\">2<a name=\"cs-thcc-disability-type-2\"> </a></td><td>ความพิการทางการได้ยินหรือการสื่อความหมาย</td></tr><tr><td style=\"white-space:nowrap\">3<a name=\"cs-thcc-disability-type-3\"> </a></td><td>ความพิการการเคลื่อนไหวหรือทางร่างกาย</td></tr><tr><td style=\"white-space:nowrap\">4<a name=\"cs-thcc-disability-type-4\"> </a></td><td>ความพิการทางจิตใจหรือพฤติกรรมหรือออทิสติก</td></tr><tr><td style=\"white-space:nowrap\">5<a name=\"cs-thcc-disability-type-5\"> </a></td><td>ความพิการทางสติปัญญา</td></tr><tr><td style=\"white-space:nowrap\">6<a name=\"cs-thcc-disability-type-6\"> </a></td><td>ความพิการทางการเรียนรู้</td></tr><tr><td style=\"white-space:nowrap\">7<a name=\"cs-thcc-disability-type-7\"> </a></td><td>ความพิการทางออทิสติก</td></tr></table></div>"
  },
  "url": "https://terms.sil-th.org/CodeSystem/cs-thcc-disability-type",
  "version": "0.1.0",
  "name": "CS_THCC_DisabilityType",
  "title": "รหัสประเภทความพิการ",
  "status": "active",
  "date": "2022-08-16T21:51:46+07:00",
  "description": "รหัสประเภทความพิการ จาก THCC ซึ่งใช้ในโครงสร้างข้อมูล 43 แฟ้ม",
  "jurisdiction": [
    {
      "coding": [
        {
          "system": "urn:iso:std:iso:3166",
          "code": "TH"
        }
      ]
    }
  ],
  "content": "complete",
  "count": 7,
  "concept": [
    {
      "code": "1",
      "display": "ความพิการทางการเห็น"
    },
    {
      "code": "2",
      "display": "ความพิการทางการได้ยินหรือการสื่อความหมาย"
    },
    {
      "code": "3",
      "display": "ความพิการการเคลื่อนไหวหรือทางร่างกาย"
    },
    {
      "code": "4",
      "display": "ความพิการทางจิตใจหรือพฤติกรรมหรือออทิสติก"
    },
    {
      "code": "5",
      "display": "ความพิการทางสติปัญญา"
    },
    {
      "code": "6",
      "display": "ความพิการทางการเรียนรู้"
    },
    {
      "code": "7",
      "display": "ความพิการทางออทิสติก"
    }
  ]
}