<?xml version="1.0" encoding="UTF-8"?>

<CodeSystem xmlns="http://hl7.org/fhir">
  <id value="cs-thcc-service-priority"/>
  <text>
    <status value="generated"/><div xmlns="http://www.w3.org/1999/xhtml"><p>This code system http://terms.sil-th.org/CodeSystem/cs-thcc-service-priority defines the following codes:</p><table class="codes"><tr><td style="white-space:nowrap"><b>Code</b></td><td><b>Display</b></td></tr><tr><td style="white-space:nowrap">1<a name="cs-thcc-service-priority-1"> </a></td><td>ปกติ</td></tr><tr><td style="white-space:nowrap">2<a name="cs-thcc-service-priority-2"> </a></td><td>ฉุกเฉิน</td></tr></table></div>
  </text>
  <url value="http://terms.sil-th.org/CodeSystem/cs-thcc-service-priority"/>
  <version value="0.1.0"/>
  <name value="CS_THCC_ServicePriority"/>
  <title value="รหัสสถานะความฉุกเฉิน"/>
  <status value="active"/>
  <date value="2022-08-14T01:41:38+07:00"/>
  <description value="รหัสสถานะความฉุกเฉิน ตามโครงสร้างข้อมูล 43 แฟ้ม"/>
  <jurisdiction>
    <coding>
      <system value="urn:iso:std:iso:3166"/>
      <code value="TH"/>
    </coding>
  </jurisdiction>
  <content value="complete"/>
  <count value="2"/>
  <concept>
    <code value="1"/>
    <display value="ปกติ"/>
  </concept>
  <concept>
    <code value="2"/>
    <display value="ฉุกเฉิน"/>
  </concept>
</CodeSystem>