<?xml version="1.0" encoding="UTF-8"?>

<CodeSystem xmlns="http://hl7.org/fhir">
  <id value="cs-thcc-accident-admit-source"/>
  <text>
    <status value="generated"/><div xmlns="http://www.w3.org/1999/xhtml"><p>This code system http://terms.sil-th.org/CodeSystem/cs-thcc-accident-admit-source defines the following codes:</p><table class="codes"><tr><td style="white-space:nowrap"><b>Code</b></td><td><b>Display</b></td></tr><tr><td style="white-space:nowrap">1<a name="cs-thcc-accident-admit-source-1"> </a></td><td>มารับบริการเอง</td></tr><tr><td style="white-space:nowrap">2<a name="cs-thcc-accident-admit-source-2"> </a></td><td>ได้รับการส่งตัวโดย First responder</td></tr><tr><td style="white-space:nowrap">3<a name="cs-thcc-accident-admit-source-3"> </a></td><td>ได้รับการส่งตัวโดย BLS</td></tr><tr><td style="white-space:nowrap">4<a name="cs-thcc-accident-admit-source-4"> </a></td><td>ได้รับการส่งตัวโดย ILS</td></tr><tr><td style="white-space:nowrap">5<a name="cs-thcc-accident-admit-source-5"> </a></td><td>ได้รับการส่งตัวโดย ALS</td></tr><tr><td style="white-space:nowrap">6<a name="cs-thcc-accident-admit-source-6"> </a></td><td>ได้รับการส่งต่อจากสถานพยาบาลอื่น</td></tr><tr><td style="white-space:nowrap">7<a name="cs-thcc-accident-admit-source-7"> </a></td><td>อื่น ๆ</td></tr><tr><td style="white-space:nowrap">9<a name="cs-thcc-accident-admit-source-9"> </a></td><td>ไม่ทราบ</td></tr></table></div>
  </text>
  <url value="http://terms.sil-th.org/CodeSystem/cs-thcc-accident-admit-source"/>
  <version value="0.1.0"/>
  <name value="CS_THCC_AccidentAdmitSource"/>
  <title value="ชนิด"/>
  <status value="active"/>
  <date value="2022-08-11T00:50:32+07:00"/>
  <description value="ใช้ระบุชนิด ซึ่งใช้ในโครงสร้างข้อมูล 43 แฟ้ม"/>
  <jurisdiction>
    <coding>
      <system value="urn:iso:std:iso:3166"/>
      <code value="TH"/>
    </coding>
  </jurisdiction>
  <content value="complete"/>
  <count value="8"/>
  <concept>
    <code value="1"/>
    <display value="มารับบริการเอง"/>
  </concept>
  <concept>
    <code value="2"/>
    <display value="ได้รับการส่งตัวโดย First responder"/>
  </concept>
  <concept>
    <code value="3"/>
    <display value="ได้รับการส่งตัวโดย BLS"/>
  </concept>
  <concept>
    <code value="4"/>
    <display value="ได้รับการส่งตัวโดย ILS"/>
  </concept>
  <concept>
    <code value="5"/>
    <display value="ได้รับการส่งตัวโดย ALS"/>
  </concept>
  <concept>
    <code value="6"/>
    <display value="ได้รับการส่งต่อจากสถานพยาบาลอื่น"/>
  </concept>
  <concept>
    <code value="7"/>
    <display value="อื่น ๆ"/>
  </concept>
  <concept>
    <code value="9"/>
    <display value="ไม่ทราบ"/>
  </concept>
</CodeSystem>