{
  "resourceType": "NamingSystem",
  "id": "IDThaiDentist",
  "text": {
    "status": "generated",
    "div": "<div xmlns=\"http://www.w3.org/1999/xhtml\"><h3>Summary</h3><table class=\"grid\"><tr><td>Defining URL</td><td>https://terms.sil-th.org/NamingSystem/IDThaiDentist</td></tr><tr><td>Version</td><td>0.1.0</td></tr><tr><td>Name</td><td>IDThaiDentist</td></tr><tr><td>Status</td><td>active</td></tr><tr><td>Definition</td><td><div><p>เลขที่ใบประกอบวิชาชีพทันตกรรม (Thai Dental License Number)</p>\n</div></td></tr></table><h3>Identifiers</h3><table class=\"grid\"><tr><td><b>Type</b></td><td><b>Value</b></td><td><b>Preferred</b></td></tr><tr><td>URI</td><td>https://terms.sil-th.org/id/th-dentist-id</td><td>true</td></tr></table></div>"
  },
  "name": "IDThaiDentist",
  "status": "active",
  "kind": "identifier",
  "date": "2022-07-31T19:11:26+07:00",
  "type": {
    "coding": [
      {
        "system": "http://terminology.hl7.org/3.1.0/CodeSystem-v2-0203.html",
        "code": "DDS",
        "display": "Dentist license number"
      }
    ]
  },
  "description": "เลขที่ใบประกอบวิชาชีพทันตกรรม (Thai Dental License Number)",
  "jurisdiction": [
    {
      "coding": [
        {
          "system": "urn:iso:std:iso:3166",
          "code": "TH"
        }
      ]
    }
  ],
  "uniqueId": [
    {
      "type": "uri",
      "value": "https://terms.sil-th.org/id/th-dentist-id",
      "preferred": true
    }
  ]
}