{
  "resourceType": "NamingSystem",
  "id": "IDDopaHouseNo",
  "text": {
    "status": "generated",
    "div": "<div xmlns=\"http://www.w3.org/1999/xhtml\"><h3>Summary</h3><table class=\"grid\"><tr><td>Defining URL</td><td>https://terms.sil-th.org/NamingSystem/IDDopaHouseNo</td></tr><tr><td>Version</td><td>0.1.0</td></tr><tr><td>Name</td><td>IDDopaHouseNo</td></tr><tr><td>Status</td><td>active</td></tr><tr><td>Definition</td><td><div><p>รหัสประจำบ้าน เลขรหัสที่อยู่ในสมุดทะเบียนบ้าน ออกโดยกรมการปกครอง</p>\n</div></td></tr></table><h3>Identifiers</h3><table class=\"grid\"><tr><td><b>Type</b></td><td><b>Value</b></td><td><b>Preferred</b></td></tr><tr><td>URI</td><td>https://terms.sil-th.org/id/th-dopa-house-no</td><td>true</td></tr></table></div>"
  },
  "name": "IDDopaHouseNo",
  "status": "active",
  "kind": "identifier",
  "date": "2022-07-31T19:11:26+07:00",
  "type": {
    "coding": [
      {
        "system": "http://terminology.hl7.org/CodeSystem/v2-0203",
        "code": "FI",
        "display": "Facility ID"
      }
    ]
  },
  "description": "รหัสประจำบ้าน เลขรหัสที่อยู่ในสมุดทะเบียนบ้าน ออกโดยกรมการปกครอง",
  "jurisdiction": [
    {
      "coding": [
        {
          "system": "urn:iso:std:iso:3166",
          "code": "TH"
        }
      ]
    }
  ],
  "uniqueId": [
    {
      "type": "uri",
      "value": "https://terms.sil-th.org/id/th-dopa-house-no",
      "preferred": true
    }
  ]
}