{"resourceType":"CodeSystem","id":"cs-thcc-accident-breathing","text":{"status":"generated","div":"<div xmlns=\"http://www.w3.org/1999/xhtml\"><p>This code system http://terms.sil-th.org/CodeSystem/cs-thcc-accident-breathing defines the following codes:</p><table class=\"codes\"><tr><td style=\"white-space:nowrap\"><b>Code</b></td><td><b>Display</b></td></tr><tr><td style=\"white-space:nowrap\">1<a name=\"cs-thcc-accident-breathing-1\"> </a></td><td>มีการดูแลการหายใจก่อนมาถึงเหมาะสม</td></tr><tr><td style=\"white-space:nowrap\">2<a name=\"cs-thcc-accident-breathing-2\"> </a></td><td>ไม่มีการดูแลการหายใจก่อนมาถึง</td></tr><tr><td style=\"white-space:nowrap\">3<a name=\"cs-thcc-accident-breathing-3\"> </a></td><td>ไม่จำเป็น</td></tr><tr><td style=\"white-space:nowrap\">4<a name=\"cs-thcc-accident-breathing-4\"> </a></td><td>มีการดูแลการหายใจก่อนมาถึงไม่เหมาะสม</td></tr></table></div>"},"url":"http://terms.sil-th.org/CodeSystem/cs-thcc-accident-breathing","version":"0.1.0","name":"CS_THCC_AccidentBreathing","title":"ชนิดการดูแลการหายใจ","status":"active","date":"2022-08-10T01:32:39+07:00","description":"ใช้ระบุชนิดการดูแลการหายใจ ซึ่งใช้ในโครงสร้างข้อมูล 43 แฟ้ม","jurisdiction":[{"coding":[{"system":"urn:iso:std:iso:3166","code":"TH"}]}],"content":"complete","count":4,"concept":[{"code":"1","display":"มีการดูแลการหายใจก่อนมาถึงเหมาะสม"},{"code":"2","display":"ไม่มีการดูแลการหายใจก่อนมาถึง"},{"code":"3","display":"ไม่จำเป็น"},{"code":"4","display":"มีการดูแลการหายใจก่อนมาถึงไม่เหมาะสม"}]}