{"resourceType":"CodeSystem","id":"cs-thcc-chronic-discharge-reason","text":{"status":"generated","div":"<div xmlns=\"http://www.w3.org/1999/xhtml\"><p>This code system https://terms.sil-th.org/CodeSystem/cs-thcc-chronic-discharge-reason defines the following codes:</p><table class=\"codes\"><tr><td style=\"white-space:nowrap\"><b>Code</b></td><td><b>Display</b></td></tr><tr><td style=\"white-space:nowrap\">01<a name=\"cs-thcc-chronic-discharge-reason-01\"> </a></td><td>หาย</td></tr><tr><td style=\"white-space:nowrap\">02<a name=\"cs-thcc-chronic-discharge-reason-02\"> </a></td><td>ตาย</td></tr><tr><td style=\"white-space:nowrap\">03<a name=\"cs-thcc-chronic-discharge-reason-03\"> </a></td><td>ยังรักษาอยู่</td></tr><tr><td style=\"white-space:nowrap\">04<a name=\"cs-thcc-chronic-discharge-reason-04\"> </a></td><td>ไม่ทราบ(ไม่มีข้อมูล)</td></tr><tr><td style=\"white-space:nowrap\">05<a name=\"cs-thcc-chronic-discharge-reason-05\"> </a></td><td>รอจำหน่าย/เฝ้าระวัง</td></tr><tr><td style=\"white-space:nowrap\">06<a name=\"cs-thcc-chronic-discharge-reason-06\"> </a></td><td>ขาดการรักษาไม่มาติดต่ออีก(ทราบว่าขาดการรักษา)</td></tr><tr><td style=\"white-space:nowrap\">07<a name=\"cs-thcc-chronic-discharge-reason-07\"> </a></td><td>ครบการรักษา</td></tr><tr><td style=\"white-space:nowrap\">08<a name=\"cs-thcc-chronic-discharge-reason-08\"> </a></td><td>โรคอยู่ในภาวะสงบ(inactive)ไม่มีความจำเป็นต้องรักษา</td></tr><tr><td style=\"white-space:nowrap\">09<a name=\"cs-thcc-chronic-discharge-reason-09\"> </a></td><td>ปฎิเสธการรักษา</td></tr><tr><td style=\"white-space:nowrap\">10<a name=\"cs-thcc-chronic-discharge-reason-10\"> </a></td><td>ออกจากพื้นที่</td></tr><tr><td style=\"white-space:nowrap\">11<a name=\"cs-thcc-chronic-discharge-reason-11\"> </a></td><td>กลับเป็นซ้ำ</td></tr></table></div>"},"url":"https://terms.sil-th.org/CodeSystem/cs-thcc-chronic-discharge-reason","version":"0.1.0","name":"CS_THCC_ChronicDischargeReason","title":"ประเภทการจำหน่าย Chronic","status":"active","date":"2022-08-07T12:07:42+07:00","description":"ประเภทการจำหน่าย จาก THCC ซึ่งใช้ในโครงสร้างข้อมูล 43 แฟ้ม","jurisdiction":[{"coding":[{"system":"urn:iso:std:iso:3166","code":"TH"}]}],"content":"complete","count":11,"concept":[{"code":"01","display":"หาย"},{"code":"02","display":"ตาย"},{"code":"03","display":"ยังรักษาอยู่"},{"code":"04","display":"ไม่ทราบ(ไม่มีข้อมูล)"},{"code":"05","display":"รอจำหน่าย/เฝ้าระวัง"},{"code":"06","display":"ขาดการรักษาไม่มาติดต่ออีก(ทราบว่าขาดการรักษา)"},{"code":"07","display":"ครบการรักษา"},{"code":"08","display":"โรคอยู่ในภาวะสงบ(inactive)ไม่มีความจำเป็นต้องรักษา"},{"code":"09","display":"ปฎิเสธการรักษา"},{"code":"10","display":"ออกจากพื้นที่"},{"code":"11","display":"กลับเป็นซ้ำ"}]}