{"resourceType":"CodeSystem","id":"cs-thcc-death-location-type","text":{"status":"generated","div":"<div xmlns=\"http://www.w3.org/1999/xhtml\"><p>This code system https://terms.sil-th.org/CodeSystem/cs-thcc-death-location-type defines the following codes:</p><table class=\"codes\"><tr><td style=\"white-space:nowrap\"><b>Code</b></td><td><b>Display</b></td></tr><tr><td style=\"white-space:nowrap\">1<a name=\"cs-thcc-death-location-type-1\"> </a></td><td>ในสถานพยาบาล</td></tr><tr><td style=\"white-space:nowrap\">2<a name=\"cs-thcc-death-location-type-2\"> </a></td><td>นอกสถานพยาบาล</td></tr></table></div>"},"url":"https://terms.sil-th.org/CodeSystem/cs-thcc-death-location-type","version":"0.1.0","name":"CS_THCC_DeathLocType","title":"รหัสสถานที่ตาย","status":"active","date":"2022-08-02T11:14:26+07:00","description":"รหัสสถานที่ตาย จาก THCC ซึ่งใช้ในโครงสร้างข้อมูล 43 แฟ้ม","jurisdiction":[{"coding":[{"system":"urn:iso:std:iso:3166","code":"TH"}]}],"content":"complete","count":2,"concept":[{"code":"1","display":"ในสถานพยาบาล"},{"code":"2","display":"นอกสถานพยาบาล"}]}