{"resourceType":"CodeSystem","id":"cs-thcc-ncd-smoking","text":{"status":"generated","div":"<div xmlns=\"http://www.w3.org/1999/xhtml\"><p>This code system http://terms.sil-th.org/CodeSystem/cs-thcc-ncd-smoking defines the following codes:</p><table class=\"codes\"><tr><td style=\"white-space:nowrap\"><b>Code</b></td><td><b>Display</b></td></tr><tr><td style=\"white-space:nowrap\">1<a name=\"cs-thcc-ncd-smoking-1\"> </a></td><td>ไม่สูบ</td></tr><tr><td style=\"white-space:nowrap\">2<a name=\"cs-thcc-ncd-smoking-2\"> </a></td><td>สูบนานๆครั้ง</td></tr><tr><td style=\"white-space:nowrap\">3<a name=\"cs-thcc-ncd-smoking-3\"> </a></td><td>สูบเป็นครั้งคราว</td></tr><tr><td style=\"white-space:nowrap\">4<a name=\"cs-thcc-ncd-smoking-4\"> </a></td><td>สูบเป็นประจำ</td></tr><tr><td style=\"white-space:nowrap\">9<a name=\"cs-thcc-ncd-smoking-9\"> </a></td><td>ไม่ทราบ</td></tr></table></div>"},"url":"http://terms.sil-th.org/CodeSystem/cs-thcc-ncd-smoking","version":"0.1.0","name":"CS_THCC_NcdSmoking","title":"รหัสประวัติสูบบุหรี่","status":"active","date":"2022-08-14T01:41:38+07:00","description":"รหัสประวัติสูบบุหรี่ ตามโครงสร้างข้อมูล 43 แฟ้ม","jurisdiction":[{"coding":[{"system":"urn:iso:std:iso:3166","code":"TH"}]}],"content":"complete","count":5,"concept":[{"code":"1","display":"ไม่สูบ"},{"code":"2","display":"สูบนานๆครั้ง"},{"code":"3","display":"สูบเป็นครั้งคราว"},{"code":"4","display":"สูบเป็นประจำ"},{"code":"9","display":"ไม่ทราบ"}]}