{"resourceType":"CodeSystem","id":"cs-thcc-ipd-discharge-type","text":{"status":"generated","div":"<div xmlns=\"http://www.w3.org/1999/xhtml\"><p>This code system http://terms.sil-th.org/CodeSystem/cs-thcc-ipd-discharge-type defines the following codes:</p><table class=\"codes\"><tr><td style=\"white-space:nowrap\"><b>Code</b></td><td><b>Display</b></td><td><b>Definition</b></td></tr><tr><td style=\"white-space:nowrap\">1<a name=\"cs-thcc-ipd-discharge-type-1\"> </a></td><td>With Approval</td><td>จำหน่ายโดยแพทย์อนุญาต</td></tr><tr><td style=\"white-space:nowrap\">2<a name=\"cs-thcc-ipd-discharge-type-2\"> </a></td><td>Against Advice</td><td>ผู้ป่วยขอออกไป ทั้งๆที่แพทย์แนะนำว่าควรรักษาต่อในโรงพยาบาล</td></tr><tr><td style=\"white-space:nowrap\">3<a name=\"cs-thcc-ipd-discharge-type-3\"> </a></td><td>By Escape</td><td>หนีออกจากโรงพยาบาล</td></tr><tr><td style=\"white-space:nowrap\">4<a name=\"cs-thcc-ipd-discharge-type-4\"> </a></td><td>By Transfer</td><td>ส่งต่อไปรักษาที่สถานพยาบาลแห่งอื่นโดยทันทีหลังออกจากโรงพยาบาล</td></tr><tr><td style=\"white-space:nowrap\">5<a name=\"cs-thcc-ipd-discharge-type-5\"> </a></td><td>Other (specify)</td><td>การจำหน่ายรูปแบบอื่นๆ ที่ไม่ใช่ ประเภทที่ 1, 2, 3, 4</td></tr><tr><td style=\"white-space:nowrap\">8<a name=\"cs-thcc-ipd-discharge-type-8\"> </a></td><td>Death Autopsy</td><td>เสียชีวิต, มีการตรวจศพ</td></tr><tr><td style=\"white-space:nowrap\">9<a name=\"cs-thcc-ipd-discharge-type-9\"> </a></td><td>Dead Non autopsy</td><td>เสียชีวิต, ไม่ได้ตรวจศพ</td></tr></table></div>"},"url":"http://terms.sil-th.org/CodeSystem/cs-thcc-ipd-discharge-type","version":"0.1.0","name":"CS_THCC_IpdDischargeType","title":"รหัสผลการส่งต่อไปรับบริการในสถานพยาบาลอื่น","status":"active","date":"2022-08-17T01:34:31+07:00","description":"รหัสผลการส่งต่อไปรับบริการในสถานพยาบาลอื่น ตามโครงสร้างข้อมูล 43 แฟ้ม","jurisdiction":[{"coding":[{"system":"urn:iso:std:iso:3166","code":"TH"}]}],"content":"complete","count":7,"concept":[{"code":"1","display":"With Approval","definition":"จำหน่ายโดยแพทย์อนุญาต"},{"code":"2","display":"Against Advice","definition":"ผู้ป่วยขอออกไป ทั้งๆที่แพทย์แนะนำว่าควรรักษาต่อในโรงพยาบาล"},{"code":"3","display":"By Escape","definition":"หนีออกจากโรงพยาบาล"},{"code":"4","display":"By Transfer","definition":"ส่งต่อไปรักษาที่สถานพยาบาลแห่งอื่นโดยทันทีหลังออกจากโรงพยาบาล"},{"code":"5","display":"Other (specify)","definition":"การจำหน่ายรูปแบบอื่นๆ ที่ไม่ใช่ ประเภทที่ 1, 2, 3, 4"},{"code":"8","display":"Death Autopsy","definition":"เสียชีวิต, มีการตรวจศพ"},{"code":"9","display":"Dead Non autopsy","definition":"เสียชีวิต, ไม่ได้ตรวจศพ"}]}