{"resourceType":"CodeSystem","id":"cs-thcc-labor-procedure","text":{"status":"generated","div":"<div xmlns=\"http://www.w3.org/1999/xhtml\"><p>This code system http://terms.sil-th.org/CodeSystem/cs-thcc-labor-procedure defines the following codes:</p><table class=\"codes\"><tr><td style=\"white-space:nowrap\"><b>Code</b></td><td><b>Display</b></td></tr><tr><td style=\"white-space:nowrap\">1<a name=\"cs-thcc-labor-procedure-1\"> </a></td><td>NORMAL</td></tr><tr><td style=\"white-space:nowrap\">2<a name=\"cs-thcc-labor-procedure-2\"> </a></td><td>CESAREAN</td></tr><tr><td style=\"white-space:nowrap\">3<a name=\"cs-thcc-labor-procedure-3\"> </a></td><td>VACUUM</td></tr><tr><td style=\"white-space:nowrap\">4<a name=\"cs-thcc-labor-procedure-4\"> </a></td><td>FORCEPS</td></tr><tr><td style=\"white-space:nowrap\">5<a name=\"cs-thcc-labor-procedure-5\"> </a></td><td>ท่าก้น</td></tr><tr><td style=\"white-space:nowrap\">6<a name=\"cs-thcc-labor-procedure-6\"> </a></td><td>ABORTION</td></tr></table></div>"},"url":"http://terms.sil-th.org/CodeSystem/cs-thcc-labor-procedure","version":"0.1.0","name":"CS_THCC_LaborProcedure","title":"รหัสวิธีการคลอด/สิ้นสุดการตั้งครรภ์","status":"active","date":"2022-08-14T22:14:52+07:00","description":"รหัสวิธีการคลอด/สิ้นสุดการตั้งครรภ์ ตามโครงสร้างข้อมูล 43 แฟ้ม","jurisdiction":[{"coding":[{"system":"urn:iso:std:iso:3166","code":"TH"}]}],"content":"complete","count":6,"concept":[{"code":"1","display":"NORMAL"},{"code":"2","display":"CESAREAN"},{"code":"3","display":"VACUUM"},{"code":"4","display":"FORCEPS"},{"code":"5","display":"ท่าก้น"},{"code":"6","display":"ABORTION"}]}