{"resourceType":"CodeSystem","id":"cs-thcc-service-location-type","text":{"status":"generated","div":"<div xmlns=\"http://www.w3.org/1999/xhtml\"><p>This code system http://terms.sil-th.org/CodeSystem/cs-thcc-service-location-type defines the following codes:</p><table class=\"codes\"><tr><td style=\"white-space:nowrap\"><b>Code</b></td><td><b>Display</b></td></tr><tr><td style=\"white-space:nowrap\">1<a name=\"cs-thcc-service-location-type-1\"> </a></td><td>ในสถานบริการ</td></tr><tr><td style=\"white-space:nowrap\">2<a name=\"cs-thcc-service-location-type-2\"> </a></td><td>นอกสถานบริการ</td></tr></table></div>"},"url":"http://terms.sil-th.org/CodeSystem/cs-thcc-service-location-type","version":"0.1.0","name":"CS_THCC_ServiceLocationType","title":"รหัสสถานที่ที่ให้บริการ","status":"active","date":"2022-08-14T01:41:38+07:00","description":"รหัสสถานที่ที่ให้บริการ ตามโครงสร้างข้อมูล 43 แฟ้ม","jurisdiction":[{"coding":[{"system":"urn:iso:std:iso:3166","code":"TH"}]}],"content":"complete","count":2,"concept":[{"code":"1","display":"ในสถานบริการ"},{"code":"2","display":"นอกสถานบริการ"}]}