{"resourceType":"CodeSystem","id":"cs-thcc-43filetype","text":{"status":"generated","div":"<div xmlns=\"http://www.w3.org/1999/xhtml\"><p>This code system https://terms.sil-th.org/CodeSystem/cs-thcc-43file-type defines the following codes:</p><table class=\"codes\"><tr><td style=\"white-space:nowrap\"><b>Code</b></td><td><b>Display</b></td><td><b>Definition</b></td></tr><tr><td style=\"white-space:nowrap\">1<a name=\"cs-thcc-43filetype-1\"> </a></td><td>PERSON</td><td>ข้อมูลทั่วไปของประชาชนในเขตรับผิดชอบ และผู้ที่มาใช้บริการ</td></tr><tr><td style=\"white-space:nowrap\">2<a name=\"cs-thcc-43filetype-2\"> </a></td><td>ADDRESS</td><td>ข้อมูลที่อยู่ของผู้ที่มารับบริการที่อาศัยอยู่นอกเขตรับผิดชอบ หรือประชาชนที่อาศัยในเขตรับผิดชอบแต่มีทะเบียนบ้านอยู่นอกเขตรับผิดชอบ</td></tr><tr><td style=\"white-space:nowrap\">3<a name=\"cs-thcc-43filetype-3\"> </a></td><td>DEATH</td><td>ข้อมูลประวัติการเสียชีวิตของประชาชนทุกคนที่อาศัยในเขตรับผิดชอบ และผู้ป่วยที่มารับบริการ</td></tr><tr><td style=\"white-space:nowrap\">4<a name=\"cs-thcc-43filetype-4\"> </a></td><td>CHRONIC</td><td>ข้อมูลผู้ป่วยโรคเรื้อรัง ทุกคนที่อาศัยอยู่ในเขตรับผิดชอบ  หรือผู้ป่วยนอกเขตที่มารับบริการในสถานพยาบาล</td></tr><tr><td style=\"white-space:nowrap\">5<a name=\"cs-thcc-43filetype-5\"> </a></td><td>CARD</td><td>ข้อมูลประวัติการมีหลักประกันสุขภาพของประชาชนทุกคนที่อาศัยในเขตรับผิดชอบ และผู้ป่วยที่มารับบริการ</td></tr><tr><td style=\"white-space:nowrap\">6<a name=\"cs-thcc-43filetype-6\"> </a></td><td>HOME</td><td>ข้อมูลที่ตั้งและสุขาภิบาลของหลังคาเรือนในเขตรับผิดชอบ</td></tr><tr><td style=\"white-space:nowrap\">7<a name=\"cs-thcc-43filetype-7\"> </a></td><td>VILLAGE</td><td>ข้อมูลทั่วไปและข้อมูลที่เกี่ยวข้องกับสุขภาพของชุมชนที่อยู่ในเขตรับผิดชอบ</td></tr><tr><td style=\"white-space:nowrap\">8<a name=\"cs-thcc-43filetype-8\"> </a></td><td>DISABILITY</td><td>ข้อมูลผู้พิการ ทุกคนที่อาศัยอยู่ในเขตรับผิดชอบ</td></tr><tr><td style=\"white-space:nowrap\">9<a name=\"cs-thcc-43filetype-9\"> </a></td><td>PROVIDER</td><td>ข้อมูลผู้ให้บริการของสถานพยาบาล</td></tr><tr><td style=\"white-space:nowrap\">10<a name=\"cs-thcc-43filetype-10\"> </a></td><td>WOMEN</td><td>ข้อมูลหญิงวัยเจริญพันธุ์ที่อยู่กินกับสามี ทุกคนที่อาศัยอยู่ในเขตรับผิดชอบ</td></tr><tr><td style=\"white-space:nowrap\">11<a name=\"cs-thcc-43filetype-11\"> </a></td><td>DRUGALLERGY</td><td>ข้อมูลประวัติการแพ้ของผู้ป่วยที่มารับบริการ โดยสามารถบันทึกสิ่งที่ก่อให้เกิดการแพ้ที่ไม่ใช่ยาได้ (เช่น ฝุ่น ไข่ นม ถั่ว)</td></tr><tr><td style=\"white-space:nowrap\">12<a name=\"cs-thcc-43filetype-12\"> </a></td><td>FUNCTIONAL</td><td>ข้อมูลการตรวจประเมินความบกพร่องทางสุขภาพ</td></tr><tr><td style=\"white-space:nowrap\">13<a name=\"cs-thcc-43filetype-13\"> </a></td><td>ICF</td><td>ข้อมูลการประเมินสภาวะสุขภาพ ความสามารถ และปัจจัยอื่น ๆ กลุ่มเป้าหมายที่มารับบริการในโรงพยาบาล</td></tr><tr><td style=\"white-space:nowrap\">14<a name=\"cs-thcc-43filetype-14\"> </a></td><td>SERVICE</td><td>ข้อมูลประวัติการมารับบริการของผู้ที่มารับบริการ และการให้บริการนอกสถานพยาบาล ครอบคลุมทั้งผู้ป่วย OPD และ IPD</td></tr><tr><td style=\"white-space:nowrap\">19<a name=\"cs-thcc-43filetype-19\"> </a></td><td>SURVEILLANCE</td><td>ข้อมูลผู้ป่วยด้วยโรคที่ต้องเฝ้าระวังที่มารับบริการ</td></tr><tr><td style=\"white-space:nowrap\">20<a name=\"cs-thcc-43filetype-20\"> </a></td><td>ACCIDENT</td><td>ข้อมูลผู้ป่วยอุบัติเหตุ ที่มารับบริการที่แผนกฉุกเฉิน (ER) ของโรงพยาบาล และแผนกทั่วไปของ รพ.สต.</td></tr><tr><td style=\"white-space:nowrap\">21<a name=\"cs-thcc-43filetype-21\"> </a></td><td>LABFU</td><td>ข้อมูลการตรวจทางห้องปฏิบัติการของผู้ป่วยทุกราย</td></tr><tr><td style=\"white-space:nowrap\">23<a name=\"cs-thcc-43filetype-23\"> </a></td><td>ADMISSION</td><td>ข้อมูลประวัติการรับผู้ป่วยไว้รักษาในโรงพยาบาล</td></tr><tr><td style=\"white-space:nowrap\">28<a name=\"cs-thcc-43filetype-28\"> </a></td><td>APPOINTMENT</td><td>ข้อมูลการนัดมารับบริการครั้งต่อไปของผู้ที่มารับบริการ</td></tr><tr><td style=\"white-space:nowrap\">29<a name=\"cs-thcc-43filetype-29\"> </a></td><td>DENTAL</td><td>ข้อมูลการตรวจสภาวะทันตสุขภาพของฟันทุกซี่ และข้อมูลวางแผนการส่งเสริม ป้องกันและรักษา ของผู้ที่มารับบริการ ข้อมูลการตรวจสภาวะทันตสุขภาพของฟันทุกซี่ และการวางแผนการส่งเสริม ป้องกันและรักษา ของกลุ่มเป้าหมายต่าง ๆ เช่น หญิงตั้งครรภ์  เด็กใน WCC ศูนย์เด็กเล็ก โรงเรียน ผู้สูงอายุ และผู้ป่วยเบาหวาน เป็นต้น</td></tr><tr><td style=\"white-space:nowrap\">30<a name=\"cs-thcc-43filetype-30\"> </a></td><td>REHABILITATION</td><td>ข้อมูลการให้บริการฟื้นฟูสมรรถภาพ (ผู้พิการหรือผู้สูงอายุ ที่ช่วยตัวเองไม่ได้)</td></tr><tr><td style=\"white-space:nowrap\">31<a name=\"cs-thcc-43filetype-31\"> </a></td><td>NCDSCREEN</td><td>ข้อมูลการให้บริการคัดกรองโรคเบาหวานและความดันโลหิตสูงสำหรับผู้ที่มารับบริการ และประวัติการได้รับบริการคัดกรองโรคเบาหวานและ ความดันโลหิตสูง สำหรับกลุ่มเป้าหมาย ในเขตรับผิดชอบ ที่ยังไม่เป็นผู้ป่วยด้วยโรคเบาหวาน หรือความดันโลหิตสูง กรณีเป็นผู้ป่วยเบาหวานต้องทำการคัดกรองความดันโลหิตสูง  หรือกรณีเป็นผู้ป่วยความดันโลหิตสูงต้องคัดกรองเบาหวาน *ทั้งกรณีของการคัดกรองผู้ที่เป็นโรคเรื้อรังแล้ว ผู้ป่วยโรคเรื้อรัง (เบาหวาน ความดันโลหิตสูง โรคไตเรื้อรัง) และที่ยังไม่เป็น</td></tr><tr><td style=\"white-space:nowrap\">32<a name=\"cs-thcc-43filetype-32\"> </a></td><td>FP</td><td>ข้อมูลการให้บริการวางแผนครอบครัวกับผู้ที่มารับบริการ</td></tr><tr><td style=\"white-space:nowrap\">33<a name=\"cs-thcc-43filetype-33\"> </a></td><td>PRENATAL</td><td>ข้อมูลประวัติการตั้งครรภ์ ของหญิงตั้งครรภ์ในเขตรับผิดชอบ หรือหญิงตั้งครรภ์ผู้มารับบริการ</td></tr><tr><td style=\"white-space:nowrap\">34<a name=\"cs-thcc-43filetype-34\"> </a></td><td>ANC</td><td>ข้อมูลการให้บริการฝากครรภ์กับหญิงตั้งครรภ์ที่มารับบริการ และประวัติการฝากครรภ์ของหญิงตั้งครรภ์ในเขตรับผิดชอบ</td></tr><tr><td style=\"white-space:nowrap\">35<a name=\"cs-thcc-43filetype-35\"> </a></td><td>LABOR</td><td>ข้อมูลประวัติการคลอด ของหญิงคลอดในเขตรับผิดชอบ หรือหญิงคลอดผู้มารับบริการ</td></tr><tr><td style=\"white-space:nowrap\">36<a name=\"cs-thcc-43filetype-36\"> </a></td><td>POSTNATAL</td><td>ข้อมูลประวัติการดูแลมารดาหลังคลอด ของหญิงคลอดในเขตรับผิดชอบ และหญิงคลอดผู้มารับบริการ</td></tr><tr><td style=\"white-space:nowrap\">37<a name=\"cs-thcc-43filetype-37\"> </a></td><td>NEWBORN</td><td>ข้อมูลประวัติการคลอดของทารก ของหญิงในเขตรับผิดชอบ หรือทารกที่มาคลอดที่หน่วยบริการ</td></tr><tr><td style=\"white-space:nowrap\">38<a name=\"cs-thcc-43filetype-38\"> </a></td><td>NEWBORNCARE</td><td>ข้อมูลการดูแลทารกหลังคลอดของหญิงตั้งครรภ์ ในเขตรับผิดชอบ</td></tr><tr><td style=\"white-space:nowrap\">39<a name=\"cs-thcc-43filetype-39\"> </a></td><td>EPI</td><td>ข้อมูลการให้บริการวัคซีนกับผู้ที่มารับบริการ และประชาชนกลุ่มเป้าหมายของการฉีดวัคซีนในเขตรับผิดชอบ</td></tr><tr><td style=\"white-space:nowrap\">40<a name=\"cs-thcc-43filetype-40\"> </a></td><td>NUTRITION</td><td>ข้อมูลการตรวจวัดระดับโภชนาการและพัฒนาการ เด็กอายุ 0-5 ปี นักเรียนโรงเรียนในความรับผิดชอบ และประชาชนในเขตรับผิดชอบ</td></tr><tr><td style=\"white-space:nowrap\">41<a name=\"cs-thcc-43filetype-41\"> </a></td><td>SPECIALPP</td><td>ข้อมูลการให้บริการส่งเสริมสุขภาพป้องกันโรคเฉพาะสำหรับผู้ที่มารับบริการ และประวัติการได้รับบริการส่งเสริมสุขภาพป้องกันโรคเฉพาะสำหรับกลุ่มเป้าหมายในเขตรับผิดชอบ</td></tr><tr><td style=\"white-space:nowrap\">42<a name=\"cs-thcc-43filetype-42\"> </a></td><td>COMMUNITY_ACTIVITY</td><td>ข้อมูลกิจกรรมในชุมชนที่อยู่ในเขตรับผิดชอบ</td></tr><tr><td style=\"white-space:nowrap\">43<a name=\"cs-thcc-43filetype-43\"> </a></td><td>COMMUNITY_SERVICE</td><td>ข้อมูลการให้บริการในชุมชนสำหรับกลุ่มเป้าหมายในเขตรับผิดชอบ และผู้ป่วยนอกเขตรับผิดชอบ</td></tr><tr><td style=\"white-space:nowrap\">44<a name=\"cs-thcc-43filetype-44\"> </a></td><td>CARE_REFER</td><td>ข้อมูลการให้การดูแลผู้ป่วยขณะส่งต่อ หรือส่งกลับ</td></tr><tr><td style=\"white-space:nowrap\">45<a name=\"cs-thcc-43filetype-45\"> </a></td><td>CLINICAL_REFER</td><td>ข้อมูลการประเมินทางคลินิกของผู้ป่วยที่ได้รับการส่งต่อ (ทั้งกรณีส่งออก และรับเข้า)</td></tr><tr><td style=\"white-space:nowrap\">46<a name=\"cs-thcc-43filetype-46\"> </a></td><td>DRUG_REFER</td><td>ข้อมูลประวัติการได้รับยา ของผู้ป่วยที่ได้รับการส่งต่อ (ทั้งกรณีส่งออก และรับเข้า)</td></tr><tr><td style=\"white-space:nowrap\">47<a name=\"cs-thcc-43filetype-47\"> </a></td><td>INVESTIGATION_REFER</td><td>ข้อมูลการตรวจทางห้องปฏิบัติการและการตรวจวินิจฉัยอื่นๆ ของผู้ป่วยที่ได้รับการส่งต่อ (ทั้งกรณีส่งออก และรับเข้า)</td></tr><tr><td style=\"white-space:nowrap\">48<a name=\"cs-thcc-43filetype-48\"> </a></td><td>PROCEDURE_REFER</td><td>ข้อมูลประวัติการได้รับการทำหัตถการและผ่าตัด ของผู้ป่วยที่ได้รับการส่งต่อ (ทั้งกรณีส่งออก และรับเข้า)</td></tr><tr><td style=\"white-space:nowrap\">49<a name=\"cs-thcc-43filetype-49\"> </a></td><td>REFER_HISTORY</td><td>ข้อมูลประวัติการส่งต่อผู้ป่วย (ทั้งกรณีส่งออก และรับเข้า)</td></tr><tr><td style=\"white-space:nowrap\">50<a name=\"cs-thcc-43filetype-50\"> </a></td><td>REFER_RESULT</td><td>ข้อมูลผลการ &quot;ตอบรับ&quot; การส่งต่อ/ส่งกลับ ผู้ป่วย</td></tr><tr><td style=\"white-space:nowrap\">53<a name=\"cs-thcc-43filetype-53\"> </a></td><td>DIAGNOSIS_REFER</td><td>ข้อมูลวินิจฉัยโรคของผู้ป่วยที่ได้รับการส่งต่อ (ทั้งกรณีส่งออก และรับเข้า)</td></tr><tr><td style=\"white-space:nowrap\">54<a name=\"cs-thcc-43filetype-54\"> </a></td><td>DIAGNOSIS</td><td>ข้อมูลวินิจฉัยโรคของผู้ป่วย ** รวมรายการทั้งหมดทั้งในส่วนของผู้ป่วยนอก และผู้ป่วยใน</td></tr><tr><td style=\"white-space:nowrap\">55<a name=\"cs-thcc-43filetype-55\"> </a></td><td>DRUG</td><td>ข้อมูลการจ่ายยา ** รวมรายการทั้งหมดทั้งในส่วนของผู้ป่วยนอก และผู้ป่วยใน</td></tr><tr><td style=\"white-space:nowrap\">56<a name=\"cs-thcc-43filetype-56\"> </a></td><td>PROCEDURE</td><td>ข้อมูลการให้บริการหัตถการและผ่าตัดของผู้ป่วย ** รวมรายการทั้งหมดทั้งในส่วนของผู้ป่วยนอก และผู้ป่วยใน</td></tr><tr><td style=\"white-space:nowrap\">57<a name=\"cs-thcc-43filetype-57\"> </a></td><td>CHARGE</td><td>ข้อมูลค่าใช้จ่ายของบริการแต่ละรายการสำหรับผู้ป่วย ** รวมรายการทั้งหมดทั้งในส่วนของผู้ป่วยนอก และผู้ป่วยใน ** ตัวเลขเมื่อ sum แล้วต้องเท่ากันใน SERVICE</td></tr><tr><td style=\"white-space:nowrap\">58<a name=\"cs-thcc-43filetype-58\"> </a></td><td>CHARGE_ADP</td><td>ข้อมูลค่าใช้จ่ายเพิ่ม และบริการที่ยังไม่ได้จัดหมวด (ADP) ตามมาตรฐาน e-Claim</td></tr><tr><td style=\"white-space:nowrap\">59<a name=\"cs-thcc-43filetype-59\"> </a></td><td>LEAVE_DAY</td><td>ข้อมูลกรณีที่ผู้ป่วยมีการลากลับบ้าน (Leave day)</td></tr><tr><td style=\"white-space:nowrap\">60<a name=\"cs-thcc-43filetype-60\"> </a></td><td>CANCER</td><td>ข้อมูลการวินิจฉัยผู้ป่วยโรคมะเร็งในแต่ละครั้งที่เข้ารักษาในโรงพยาบาล หรือศูนย์/สถาบันมะเร็ง</td></tr><tr><td style=\"white-space:nowrap\">61<a name=\"cs-thcc-43filetype-61\"> </a></td><td>PERSON_CONTACT</td><td>ข้อมูลบุคคลอ้างอิง</td></tr><tr><td style=\"white-space:nowrap\">62<a name=\"cs-thcc-43filetype-62\"> </a></td><td>PERSON_DRUG</td><td>ข้อมูลยาประจำตัว, อาหารเสริม, สมุนไพร ที่ผู้ป่วยซื้อ-จัดหารับประทานเอง ที่ยังรับประทานอยู่ในช่วง 1 เดือนที่ผ่านมา (นับจากวันที่สอบถามข้อมูล) ข้อมูลนี้เกิดจากการแจ้งหรือสอบถามจากผู้ป่วยของสถานพยาบาล และบันทึกเฉพาะข้อมูลจากการสอบถามครั้งล่าสุด ถ้าไม่มีการสอบถาม ไม่ต้องบันทึกข้อมูลลงในตารางนี้</td></tr></table></div>"},"url":"https://terms.sil-th.org/CodeSystem/cs-thcc-43file-type","version":"0.1.0","name":"CS_THCC_43fileType","title":"รายการโครงสร้างข้อมูล 43 แฟ้ม plus","status":"active","date":"2022-08-15T02:16:31+07:00","description":"เกิดจากการบูรณาการของโครงสร้างข้อมูล 43 แฟ้มเดิมและโครงสร้างอื่น ๆ","jurisdiction":[{"coding":[{"system":"urn:iso:std:iso:3166","code":"TH"}]}],"content":"complete","count":51,"concept":[{"code":"1","display":"PERSON","definition":"ข้อมูลทั่วไปของประชาชนในเขตรับผิดชอบ และผู้ที่มาใช้บริการ"},{"code":"2","display":"ADDRESS","definition":"ข้อมูลที่อยู่ของผู้ที่มารับบริการที่อาศัยอยู่นอกเขตรับผิดชอบ หรือประชาชนที่อาศัยในเขตรับผิดชอบแต่มีทะเบียนบ้านอยู่นอกเขตรับผิดชอบ"},{"code":"3","display":"DEATH","definition":"ข้อมูลประวัติการเสียชีวิตของประชาชนทุกคนที่อาศัยในเขตรับผิดชอบ และผู้ป่วยที่มารับบริการ"},{"code":"4","display":"CHRONIC","definition":"ข้อมูลผู้ป่วยโรคเรื้อรัง ทุกคนที่อาศัยอยู่ในเขตรับผิดชอบ  หรือผู้ป่วยนอกเขตที่มารับบริการในสถานพยาบาล"},{"code":"5","display":"CARD","definition":"ข้อมูลประวัติการมีหลักประกันสุขภาพของประชาชนทุกคนที่อาศัยในเขตรับผิดชอบ และผู้ป่วยที่มารับบริการ"},{"code":"6","display":"HOME","definition":"ข้อมูลที่ตั้งและสุขาภิบาลของหลังคาเรือนในเขตรับผิดชอบ"},{"code":"7","display":"VILLAGE","definition":"ข้อมูลทั่วไปและข้อมูลที่เกี่ยวข้องกับสุขภาพของชุมชนที่อยู่ในเขตรับผิดชอบ"},{"code":"8","display":"DISABILITY","definition":"ข้อมูลผู้พิการ ทุกคนที่อาศัยอยู่ในเขตรับผิดชอบ"},{"code":"9","display":"PROVIDER","definition":"ข้อมูลผู้ให้บริการของสถานพยาบาล"},{"code":"10","display":"WOMEN","definition":"ข้อมูลหญิงวัยเจริญพันธุ์ที่อยู่กินกับสามี ทุกคนที่อาศัยอยู่ในเขตรับผิดชอบ"},{"code":"11","display":"DRUGALLERGY","definition":"ข้อมูลประวัติการแพ้ของผู้ป่วยที่มารับบริการ โดยสามารถบันทึกสิ่งที่ก่อให้เกิดการแพ้ที่ไม่ใช่ยาได้ (เช่น ฝุ่น ไข่ นม ถั่ว)"},{"code":"12","display":"FUNCTIONAL","definition":"ข้อมูลการตรวจประเมินความบกพร่องทางสุขภาพ"},{"code":"13","display":"ICF","definition":"ข้อมูลการประเมินสภาวะสุขภาพ ความสามารถ และปัจจัยอื่น ๆ กลุ่มเป้าหมายที่มารับบริการในโรงพยาบาล"},{"code":"14","display":"SERVICE","definition":"ข้อมูลประวัติการมารับบริการของผู้ที่มารับบริการ และการให้บริการนอกสถานพยาบาล ครอบคลุมทั้งผู้ป่วย OPD และ IPD"},{"code":"19","display":"SURVEILLANCE","definition":"ข้อมูลผู้ป่วยด้วยโรคที่ต้องเฝ้าระวังที่มารับบริการ"},{"code":"20","display":"ACCIDENT","definition":"ข้อมูลผู้ป่วยอุบัติเหตุ ที่มารับบริการที่แผนกฉุกเฉิน (ER) ของโรงพยาบาล และแผนกทั่วไปของ รพ.สต."},{"code":"21","display":"LABFU","definition":"ข้อมูลการตรวจทางห้องปฏิบัติการของผู้ป่วยทุกราย"},{"code":"23","display":"ADMISSION","definition":"ข้อมูลประวัติการรับผู้ป่วยไว้รักษาในโรงพยาบาล"},{"code":"28","display":"APPOINTMENT","definition":"ข้อมูลการนัดมารับบริการครั้งต่อไปของผู้ที่มารับบริการ"},{"code":"29","display":"DENTAL","definition":"ข้อมูลการตรวจสภาวะทันตสุขภาพของฟันทุกซี่ และข้อมูลวางแผนการส่งเสริม ป้องกันและรักษา ของผู้ที่มารับบริการ ข้อมูลการตรวจสภาวะทันตสุขภาพของฟันทุกซี่ และการวางแผนการส่งเสริม ป้องกันและรักษา ของกลุ่มเป้าหมายต่าง ๆ เช่น หญิงตั้งครรภ์  เด็กใน WCC ศูนย์เด็กเล็ก โรงเรียน ผู้สูงอายุ และผู้ป่วยเบาหวาน เป็นต้น"},{"code":"30","display":"REHABILITATION","definition":"ข้อมูลการให้บริการฟื้นฟูสมรรถภาพ (ผู้พิการหรือผู้สูงอายุ ที่ช่วยตัวเองไม่ได้)"},{"code":"31","display":"NCDSCREEN","definition":"ข้อมูลการให้บริการคัดกรองโรคเบาหวานและความดันโลหิตสูงสำหรับผู้ที่มารับบริการ และประวัติการได้รับบริการคัดกรองโรคเบาหวานและ ความดันโลหิตสูง สำหรับกลุ่มเป้าหมาย ในเขตรับผิดชอบ ที่ยังไม่เป็นผู้ป่วยด้วยโรคเบาหวาน หรือความดันโลหิตสูง กรณีเป็นผู้ป่วยเบาหวานต้องทำการคัดกรองความดันโลหิตสูง  หรือกรณีเป็นผู้ป่วยความดันโลหิตสูงต้องคัดกรองเบาหวาน *ทั้งกรณีของการคัดกรองผู้ที่เป็นโรคเรื้อรังแล้ว ผู้ป่วยโรคเรื้อรัง (เบาหวาน ความดันโลหิตสูง โรคไตเรื้อรัง) และที่ยังไม่เป็น"},{"code":"32","display":"FP","definition":"ข้อมูลการให้บริการวางแผนครอบครัวกับผู้ที่มารับบริการ"},{"code":"33","display":"PRENATAL","definition":"ข้อมูลประวัติการตั้งครรภ์ ของหญิงตั้งครรภ์ในเขตรับผิดชอบ หรือหญิงตั้งครรภ์ผู้มารับบริการ"},{"code":"34","display":"ANC","definition":"ข้อมูลการให้บริการฝากครรภ์กับหญิงตั้งครรภ์ที่มารับบริการ และประวัติการฝากครรภ์ของหญิงตั้งครรภ์ในเขตรับผิดชอบ"},{"code":"35","display":"LABOR","definition":"ข้อมูลประวัติการคลอด ของหญิงคลอดในเขตรับผิดชอบ หรือหญิงคลอดผู้มารับบริการ"},{"code":"36","display":"POSTNATAL","definition":"ข้อมูลประวัติการดูแลมารดาหลังคลอด ของหญิงคลอดในเขตรับผิดชอบ และหญิงคลอดผู้มารับบริการ"},{"code":"37","display":"NEWBORN","definition":"ข้อมูลประวัติการคลอดของทารก ของหญิงในเขตรับผิดชอบ หรือทารกที่มาคลอดที่หน่วยบริการ"},{"code":"38","display":"NEWBORNCARE","definition":"ข้อมูลการดูแลทารกหลังคลอดของหญิงตั้งครรภ์ ในเขตรับผิดชอบ"},{"code":"39","display":"EPI","definition":"ข้อมูลการให้บริการวัคซีนกับผู้ที่มารับบริการ และประชาชนกลุ่มเป้าหมายของการฉีดวัคซีนในเขตรับผิดชอบ"},{"code":"40","display":"NUTRITION","definition":"ข้อมูลการตรวจวัดระดับโภชนาการและพัฒนาการ เด็กอายุ 0-5 ปี นักเรียนโรงเรียนในความรับผิดชอบ และประชาชนในเขตรับผิดชอบ"},{"code":"41","display":"SPECIALPP","definition":"ข้อมูลการให้บริการส่งเสริมสุขภาพป้องกันโรคเฉพาะสำหรับผู้ที่มารับบริการ และประวัติการได้รับบริการส่งเสริมสุขภาพป้องกันโรคเฉพาะสำหรับกลุ่มเป้าหมายในเขตรับผิดชอบ"},{"code":"42","display":"COMMUNITY_ACTIVITY","definition":"ข้อมูลกิจกรรมในชุมชนที่อยู่ในเขตรับผิดชอบ"},{"code":"43","display":"COMMUNITY_SERVICE","definition":"ข้อมูลการให้บริการในชุมชนสำหรับกลุ่มเป้าหมายในเขตรับผิดชอบ และผู้ป่วยนอกเขตรับผิดชอบ"},{"code":"44","display":"CARE_REFER","definition":"ข้อมูลการให้การดูแลผู้ป่วยขณะส่งต่อ หรือส่งกลับ"},{"code":"45","display":"CLINICAL_REFER","definition":"ข้อมูลการประเมินทางคลินิกของผู้ป่วยที่ได้รับการส่งต่อ (ทั้งกรณีส่งออก และรับเข้า)"},{"code":"46","display":"DRUG_REFER","definition":"ข้อมูลประวัติการได้รับยา ของผู้ป่วยที่ได้รับการส่งต่อ (ทั้งกรณีส่งออก และรับเข้า)"},{"code":"47","display":"INVESTIGATION_REFER","definition":"ข้อมูลการตรวจทางห้องปฏิบัติการและการตรวจวินิจฉัยอื่นๆ ของผู้ป่วยที่ได้รับการส่งต่อ (ทั้งกรณีส่งออก และรับเข้า)"},{"code":"48","display":"PROCEDURE_REFER","definition":"ข้อมูลประวัติการได้รับการทำหัตถการและผ่าตัด ของผู้ป่วยที่ได้รับการส่งต่อ (ทั้งกรณีส่งออก และรับเข้า)"},{"code":"49","display":"REFER_HISTORY","definition":"ข้อมูลประวัติการส่งต่อผู้ป่วย (ทั้งกรณีส่งออก และรับเข้า)"},{"code":"50","display":"REFER_RESULT","definition":"ข้อมูลผลการ \"ตอบรับ\" การส่งต่อ/ส่งกลับ ผู้ป่วย"},{"code":"53","display":"DIAGNOSIS_REFER","definition":"ข้อมูลวินิจฉัยโรคของผู้ป่วยที่ได้รับการส่งต่อ (ทั้งกรณีส่งออก และรับเข้า)"},{"code":"54","display":"DIAGNOSIS","definition":"ข้อมูลวินิจฉัยโรคของผู้ป่วย ** รวมรายการทั้งหมดทั้งในส่วนของผู้ป่วยนอก และผู้ป่วยใน"},{"code":"55","display":"DRUG","definition":"ข้อมูลการจ่ายยา ** รวมรายการทั้งหมดทั้งในส่วนของผู้ป่วยนอก และผู้ป่วยใน"},{"code":"56","display":"PROCEDURE","definition":"ข้อมูลการให้บริการหัตถการและผ่าตัดของผู้ป่วย ** รวมรายการทั้งหมดทั้งในส่วนของผู้ป่วยนอก และผู้ป่วยใน"},{"code":"57","display":"CHARGE","definition":"ข้อมูลค่าใช้จ่ายของบริการแต่ละรายการสำหรับผู้ป่วย ** รวมรายการทั้งหมดทั้งในส่วนของผู้ป่วยนอก และผู้ป่วยใน ** ตัวเลขเมื่อ sum แล้วต้องเท่ากันใน SERVICE"},{"code":"58","display":"CHARGE_ADP","definition":"ข้อมูลค่าใช้จ่ายเพิ่ม และบริการที่ยังไม่ได้จัดหมวด (ADP) ตามมาตรฐาน e-Claim"},{"code":"59","display":"LEAVE_DAY","definition":"ข้อมูลกรณีที่ผู้ป่วยมีการลากลับบ้าน (Leave day)"},{"code":"60","display":"CANCER","definition":"ข้อมูลการวินิจฉัยผู้ป่วยโรคมะเร็งในแต่ละครั้งที่เข้ารักษาในโรงพยาบาล หรือศูนย์/สถาบันมะเร็ง"},{"code":"61","display":"PERSON_CONTACT","definition":"ข้อมูลบุคคลอ้างอิง"},{"code":"62","display":"PERSON_DRUG","definition":"ข้อมูลยาประจำตัว, อาหารเสริม, สมุนไพร ที่ผู้ป่วยซื้อ-จัดหารับประทานเอง ที่ยังรับประทานอยู่ในช่วง 1 เดือนที่ผ่านมา (นับจากวันที่สอบถามข้อมูล) ข้อมูลนี้เกิดจากการแจ้งหรือสอบถามจากผู้ป่วยของสถานพยาบาล และบันทึกเฉพาะข้อมูลจากการสอบถามครั้งล่าสุด ถ้าไม่มีการสอบถาม ไม่ต้องบันทึกข้อมูลลงในตารางนี้"}]}