{"resourceType":"CodeSystem","id":"cs-thcc-disability-reason","text":{"status":"generated","div":"<div xmlns=\"http://www.w3.org/1999/xhtml\"><p>This code system https://terms.sil-th.org/CodeSystem/cs-thcc-disability-reason defines the following codes:</p><table class=\"codes\"><tr><td style=\"white-space:nowrap\"><b>Code</b></td><td><b>Display</b></td></tr><tr><td style=\"white-space:nowrap\">1<a name=\"cs-thcc-disability-reason-1\"> </a></td><td>ความพิการแต่กำเนิด</td></tr><tr><td style=\"white-space:nowrap\">2<a name=\"cs-thcc-disability-reason-2\"> </a></td><td>ความพิการจากการบาดเจ็บ</td></tr><tr><td style=\"white-space:nowrap\">3<a name=\"cs-thcc-disability-reason-3\"> </a></td><td>ความพิการจากโรค</td></tr></table></div>"},"url":"https://terms.sil-th.org/CodeSystem/cs-thcc-disability-reason","version":"0.1.0","name":"CS_THCC_DisabilityReason","title":"รหัสสาเหตุความพิการ","status":"active","date":"2022-08-16T00:23:13+07:00","description":"รหัสสาเหตุความพิการ จาก THCC ซึ่งใช้ในโครงสร้างข้อมูล 43 แฟ้ม","jurisdiction":[{"coding":[{"system":"urn:iso:std:iso:3166","code":"TH"}]}],"content":"complete","count":3,"concept":[{"code":"1","display":"ความพิการแต่กำเนิด"},{"code":"2","display":"ความพิการจากการบาดเจ็บ"},{"code":"3","display":"ความพิการจากโรค"}]}