{"resourceType":"CodeSystem","id":"cs-thcc-disease-cause","text":{"status":"generated","div":"<div xmlns=\"http://www.w3.org/1999/xhtml\"><p>This code system http://terms.sil-th.org/CodeSystem/cs-thcc-disease-cause defines the following codes:</p><table class=\"codes\"><tr><td style=\"white-space:nowrap\"><b>Code</b></td><td><b>Display</b></td></tr><tr><td style=\"white-space:nowrap\">221<a name=\"cs-thcc-disease-cause-221\"> </a></td><td>Pneumonia</td></tr><tr><td style=\"white-space:nowrap\">222<a name=\"cs-thcc-disease-cause-222\"> </a></td><td>Diarrhoea</td></tr><tr><td style=\"white-space:nowrap\">223<a name=\"cs-thcc-disease-cause-223\"> </a></td><td>Encephalitis</td></tr><tr><td style=\"white-space:nowrap\">224<a name=\"cs-thcc-disease-cause-224\"> </a></td><td>Otitis media</td></tr><tr><td style=\"white-space:nowrap\">225<a name=\"cs-thcc-disease-cause-225\"> </a></td><td>อื่น ๆ</td></tr><tr><td style=\"white-space:nowrap\">226<a name=\"cs-thcc-disease-cause-226\"> </a></td><td>ไม่ทราบ</td></tr><tr><td style=\"white-space:nowrap\">227<a name=\"cs-thcc-disease-cause-227\"> </a></td><td>Pneumonia and Diarrhoea</td></tr><tr><td style=\"white-space:nowrap\">228<a name=\"cs-thcc-disease-cause-228\"> </a></td><td>Pneumonia and Encephalitis</td></tr><tr><td style=\"white-space:nowrap\">229<a name=\"cs-thcc-disease-cause-229\"> </a></td><td>Pneumonia and other</td></tr><tr><td style=\"white-space:nowrap\">811<a name=\"cs-thcc-disease-cause-811\"> </a></td><td>ออกใบติดตาม</td></tr><tr><td style=\"white-space:nowrap\">812<a name=\"cs-thcc-disease-cause-812\"> </a></td><td>ฝากยาให้ผู้สัมผัส</td></tr><tr><td style=\"white-space:nowrap\">813<a name=\"cs-thcc-disease-cause-813\"> </a></td><td>ออกใบติดตามและฝากยาให้ผู้สัมผัส</td></tr><tr><td style=\"white-space:nowrap\">814<a name=\"cs-thcc-disease-cause-814\"> </a></td><td>ติดตามผู้สัมผัสไม่ได้</td></tr><tr><td style=\"white-space:nowrap\">815<a name=\"cs-thcc-disease-cause-815\"> </a></td><td>ไม่มีกิจกรรมการต้นหาหรือติดตามผู้สัมผัส</td></tr><tr><td style=\"white-space:nowrap\">816<a name=\"cs-thcc-disease-cause-816\"> </a></td><td>ไม่ระบุ</td></tr><tr><td style=\"white-space:nowrap\">981<a name=\"cs-thcc-disease-cause-981\"> </a></td><td>รถยนต์โดยสารคว่ำ/ชนกัน</td></tr><tr><td style=\"white-space:nowrap\">982<a name=\"cs-thcc-disease-cause-982\"> </a></td><td>รถบรรทุกคว่ำ/ชนกัน</td></tr><tr><td style=\"white-space:nowrap\">983<a name=\"cs-thcc-disease-cause-983\"> </a></td><td>รถเก๋งคว่ำ/ชน</td></tr><tr><td style=\"white-space:nowrap\">984<a name=\"cs-thcc-disease-cause-984\"> </a></td><td>รถจักรยานยนต์คว่ำ/ชนกัน</td></tr><tr><td style=\"white-space:nowrap\">985<a name=\"cs-thcc-disease-cause-985\"> </a></td><td>คนเดินถนนถูกรถยนต์ชน</td></tr><tr><td style=\"white-space:nowrap\">986<a name=\"cs-thcc-disease-cause-986\"> </a></td><td>คนเดินถนนถูกรถจักรยานยนต์ชน</td></tr><tr><td style=\"white-space:nowrap\">987<a name=\"cs-thcc-disease-cause-987\"> </a></td><td>คนขี่จักรยานถูกรถยนต์/จักรฯชน</td></tr><tr><td style=\"white-space:nowrap\">988<a name=\"cs-thcc-disease-cause-988\"> </a></td><td>ตกจากรถยนต์/รถจักรยานยนต์</td></tr><tr><td style=\"white-space:nowrap\">989<a name=\"cs-thcc-disease-cause-989\"> </a></td><td>ไม่ทราบทุกประเภท</td></tr></table></div>"},"url":"http://terms.sil-th.org/CodeSystem/cs-thcc-disease-cause","version":"0.1.0","name":"CS_THCC_DiseaseCause","title":"รหัสสาเหตุการป่วย","status":"active","date":"2022-08-10T01:32:39+07:00","description":"รหัสสาเหตุการป่วย ตามโครงสร้างข้อมูล 43 แฟ้ม","jurisdiction":[{"coding":[{"system":"urn:iso:std:iso:3166","code":"TH"}]}],"content":"complete","count":24,"concept":[{"code":"221","display":"Pneumonia"},{"code":"222","display":"Diarrhoea"},{"code":"223","display":"Encephalitis"},{"code":"224","display":"Otitis media"},{"code":"225","display":"อื่น ๆ"},{"code":"226","display":"ไม่ทราบ"},{"code":"227","display":"Pneumonia and Diarrhoea"},{"code":"228","display":"Pneumonia and Encephalitis"},{"code":"229","display":"Pneumonia and other"},{"code":"811","display":"ออกใบติดตาม"},{"code":"812","display":"ฝากยาให้ผู้สัมผัส"},{"code":"813","display":"ออกใบติดตามและฝากยาให้ผู้สัมผัส"},{"code":"814","display":"ติดตามผู้สัมผัสไม่ได้"},{"code":"815","display":"ไม่มีกิจกรรมการต้นหาหรือติดตามผู้สัมผัส"},{"code":"816","display":"ไม่ระบุ"},{"code":"981","display":"รถยนต์โดยสารคว่ำ/ชนกัน"},{"code":"982","display":"รถบรรทุกคว่ำ/ชนกัน"},{"code":"983","display":"รถเก๋งคว่ำ/ชน"},{"code":"984","display":"รถจักรยานยนต์คว่ำ/ชนกัน"},{"code":"985","display":"คนเดินถนนถูกรถยนต์ชน"},{"code":"986","display":"คนเดินถนนถูกรถจักรยานยนต์ชน"},{"code":"987","display":"คนขี่จักรยานถูกรถยนต์/จักรฯชน"},{"code":"988","display":"ตกจากรถยนต์/รถจักรยานยนต์"},{"code":"989","display":"ไม่ทราบทุกประเภท"}]}