{"resourceType":"CodeSystem","id":"cs-thcc-religion","text":{"status":"generated","div":"<div xmlns=\"http://www.w3.org/1999/xhtml\"><p>This code system https://terms.sil-th.org/CodeSystem/cs-thcc-religion defines the following codes:</p><table class=\"codes\"><tr><td style=\"white-space:nowrap\"><b>Code</b></td><td><b>Display</b></td><td><b>Definition</b></td></tr><tr><td style=\"white-space:nowrap\">01<a name=\"cs-thcc-religion-01\"> </a></td><td>ศาสนาพุทธ</td><td>เถรวาท มหายาน</td></tr><tr><td style=\"white-space:nowrap\">02<a name=\"cs-thcc-religion-02\"> </a></td><td>ศาสนาอิสลาม</td><td>สุหนี ชีอะห์</td></tr><tr><td style=\"white-space:nowrap\">03<a name=\"cs-thcc-religion-03\"> </a></td><td>ศาสนาคริสต์</td><td>โรมันคาทอลิก โปรเตสแตนต์ ออร์ทอดอกซ์</td></tr><tr><td style=\"white-space:nowrap\">04<a name=\"cs-thcc-religion-04\"> </a></td><td>ศาสนาพราหมณ์-ฮินดู</td><td>ไศวะ ไวษณพ ศักติ</td></tr><tr><td style=\"white-space:nowrap\">05<a name=\"cs-thcc-religion-05\"> </a></td><td>ศาสนาซิกข์</td><td>นานักปันถิ ขาลสา</td></tr><tr><td style=\"white-space:nowrap\">06<a name=\"cs-thcc-religion-06\"> </a></td><td>ศาสนายิว</td><td>ออร์ทอดอกซ์ (ฟาริซี) โปรเกรสซีฟ (ซัดดูคูส) นักพรต (เอสเซเนส)</td></tr><tr><td style=\"white-space:nowrap\">07<a name=\"cs-thcc-religion-07\"> </a></td><td>ศาสนาเชน</td><td>ทิคัมพร เศวตัมพร</td></tr><tr><td style=\"white-space:nowrap\">08<a name=\"cs-thcc-religion-08\"> </a></td><td>ศาสนาโซโรอัสเตอร์</td><td>กัทมิส ชหันชหิส</td></tr><tr><td style=\"white-space:nowrap\">09<a name=\"cs-thcc-religion-09\"> </a></td><td>ศาสนาบาไฮ</td><td/></tr><tr><td style=\"white-space:nowrap\">00<a name=\"cs-thcc-religion-00\"> </a></td><td>อศาสนา/ไม่นับถือศาสนา</td><td/></tr><tr><td style=\"white-space:nowrap\">99<a name=\"cs-thcc-religion-99\"> </a></td><td>ไม่ระบุ</td><td/></tr></table></div>"},"url":"https://terms.sil-th.org/CodeSystem/cs-thcc-religion","version":"0.1.0","name":"CS_THCC_Religion","title":"ชุดรหัสศาสนา","status":"active","date":"2022-08-10T01:32:39+07:00","description":"ชุดรหัสศาสนา จาก THCC ซึ่งใช้ในโครงสร้างข้อมูล 43 แฟ้ม","jurisdiction":[{"coding":[{"system":"urn:iso:std:iso:3166","code":"TH"}]}],"content":"complete","count":11,"concept":[{"code":"01","display":"ศาสนาพุทธ","definition":"เถรวาท มหายาน"},{"code":"02","display":"ศาสนาอิสลาม","definition":"สุหนี ชีอะห์"},{"code":"03","display":"ศาสนาคริสต์","definition":"โรมันคาทอลิก โปรเตสแตนต์ ออร์ทอดอกซ์"},{"code":"04","display":"ศาสนาพราหมณ์-ฮินดู","definition":"ไศวะ ไวษณพ ศักติ"},{"code":"05","display":"ศาสนาซิกข์","definition":"นานักปันถิ ขาลสา"},{"code":"06","display":"ศาสนายิว","definition":"ออร์ทอดอกซ์ (ฟาริซี) โปรเกรสซีฟ (ซัดดูคูส) นักพรต (เอสเซเนส)"},{"code":"07","display":"ศาสนาเชน","definition":"ทิคัมพร เศวตัมพร"},{"code":"08","display":"ศาสนาโซโรอัสเตอร์","definition":"กัทมิส ชหันชหิส"},{"code":"09","display":"ศาสนาบาไฮ"},{"code":"00","display":"อศาสนา/ไม่นับถือศาสนา"},{"code":"99","display":"ไม่ระบุ"}]}