{"resourceType":"CodeSystem","id":"cs-thcc-contraceptive","text":{"status":"generated","div":"<div xmlns=\"http://www.w3.org/1999/xhtml\"><p>This code system https://terms.sil-th.org/CodeSystem/cs-thcc-contraceptive defines the following codes:</p><table class=\"codes\"><tr><td style=\"white-space:nowrap\"><b>Code</b></td><td><b>Display</b></td></tr><tr><td style=\"white-space:nowrap\">1<a name=\"cs-thcc-contraceptive-1\"> </a></td><td>ยาเม็ด</td></tr><tr><td style=\"white-space:nowrap\">2<a name=\"cs-thcc-contraceptive-2\"> </a></td><td>ยาฉีด</td></tr><tr><td style=\"white-space:nowrap\">3<a name=\"cs-thcc-contraceptive-3\"> </a></td><td>ห่วงอนามัย</td></tr><tr><td style=\"white-space:nowrap\">4<a name=\"cs-thcc-contraceptive-4\"> </a></td><td>ยาฝัง</td></tr><tr><td style=\"white-space:nowrap\">5<a name=\"cs-thcc-contraceptive-5\"> </a></td><td>ถุงยางอนามัย</td></tr><tr><td style=\"white-space:nowrap\">6<a name=\"cs-thcc-contraceptive-6\"> </a></td><td>หมันชาย</td></tr><tr><td style=\"white-space:nowrap\">7<a name=\"cs-thcc-contraceptive-7\"> </a></td><td>หมันหญิง</td></tr><tr><td style=\"white-space:nowrap\">8<a name=\"cs-thcc-contraceptive-8\"> </a></td><td>นับระยะปลอดภัย</td></tr><tr><td style=\"white-space:nowrap\">9<a name=\"cs-thcc-contraceptive-9\"> </a></td><td>ไม่คุมกำเนิด</td></tr></table></div>"},"url":"https://terms.sil-th.org/CodeSystem/cs-thcc-contraceptive","version":"0.1.0","name":"CS_THCC_Contraceptive","title":"รหัสวิธีการคุมกำเนิดปัจจุบัน","status":"active","date":"2022-08-16T23:36:06+07:00","description":"รหัสวิธีการคุมกำเนิดปัจจุบัน ซึ่งใช้ในโครงสร้างข้อมูล 43 แฟ้ม","jurisdiction":[{"coding":[{"system":"urn:iso:std:iso:3166","code":"TH"}]}],"content":"complete","count":9,"concept":[{"code":"1","display":"ยาเม็ด"},{"code":"2","display":"ยาฉีด"},{"code":"3","display":"ห่วงอนามัย"},{"code":"4","display":"ยาฝัง"},{"code":"5","display":"ถุงยางอนามัย"},{"code":"6","display":"หมันชาย"},{"code":"7","display":"หมันหญิง"},{"code":"8","display":"นับระยะปลอดภัย"},{"code":"9","display":"ไม่คุมกำเนิด"}]}