{"resourceType":"CodeSystem","id":"cs-thcc-vaccine-code","text":{"status":"generated","div":"<div xmlns=\"http://www.w3.org/1999/xhtml\"><p>This code system http://terms.sil-th.org/CodeSystem/cs-thcc-vaccine-code defines the following codes:</p><table class=\"codes\"><tr><td style=\"white-space:nowrap\"><b>Code</b></td><td><b>Display</b></td><td><b>Definition</b></td></tr><tr><td style=\"white-space:nowrap\">010<a name=\"cs-thcc-vaccine-code-010\"> </a></td><td>BCG</td><td>บีซีจี</td></tr><tr><td style=\"white-space:nowrap\">041<a name=\"cs-thcc-vaccine-code-041\"> </a></td><td>HBV1</td><td>ตับอักเสบบี 1</td></tr><tr><td style=\"white-space:nowrap\">042<a name=\"cs-thcc-vaccine-code-042\"> </a></td><td>HBV2</td><td>ตับอักเสบบี 2</td></tr><tr><td style=\"white-space:nowrap\">043<a name=\"cs-thcc-vaccine-code-043\"> </a></td><td>HBV3</td><td>ตับอักเสบบี 3</td></tr><tr><td style=\"white-space:nowrap\">091<a name=\"cs-thcc-vaccine-code-091\"> </a></td><td>DTPHB 1</td><td>ดีทีพีตับอักเสบบี 1</td></tr><tr><td style=\"white-space:nowrap\">092<a name=\"cs-thcc-vaccine-code-092\"> </a></td><td>DTPHB 2</td><td>ดีทีพีตับอักเสบบี 2</td></tr><tr><td style=\"white-space:nowrap\">093<a name=\"cs-thcc-vaccine-code-093\"> </a></td><td>DTPHB 3</td><td>ดีทีพีตับอักเสบบี 3</td></tr><tr><td style=\"white-space:nowrap\">D21<a name=\"cs-thcc-vaccine-code-D21\"> </a></td><td>DTP-HB-Hib 1</td><td>ดีทีพีตับอักเสบบีฮิบ 1</td></tr><tr><td style=\"white-space:nowrap\">D22<a name=\"cs-thcc-vaccine-code-D22\"> </a></td><td>DTP-HB-Hib 2</td><td>ดีทีพีตับอักเสบบีฮิบ 2</td></tr><tr><td style=\"white-space:nowrap\">D23<a name=\"cs-thcc-vaccine-code-D23\"> </a></td><td>DTP-HB-Hib 3</td><td>ดีทีพีตับอักเสบบีฮิบ 3</td></tr><tr><td style=\"white-space:nowrap\">081<a name=\"cs-thcc-vaccine-code-081\"> </a></td><td>OPV1</td><td>โอพีวี 1</td></tr><tr><td style=\"white-space:nowrap\">082<a name=\"cs-thcc-vaccine-code-082\"> </a></td><td>OPV2</td><td>โอพีวี 2</td></tr><tr><td style=\"white-space:nowrap\">083<a name=\"cs-thcc-vaccine-code-083\"> </a></td><td>OPV3</td><td>โอพีวี 3</td></tr><tr><td style=\"white-space:nowrap\">401<a name=\"cs-thcc-vaccine-code-401\"> </a></td><td>IPV-P</td><td>ไอพีวี-พี</td></tr><tr><td style=\"white-space:nowrap\">061<a name=\"cs-thcc-vaccine-code-061\"> </a></td><td>MMR1</td><td>หัด คางทูม หัดเยอรมัน</td></tr><tr><td style=\"white-space:nowrap\">073<a name=\"cs-thcc-vaccine-code-073\"> </a></td><td>MMR2</td><td>หัด คางทูม หัดเยอรมัน</td></tr><tr><td style=\"white-space:nowrap\">J11<a name=\"cs-thcc-vaccine-code-J11\"> </a></td><td>LAJE1</td><td>เจอีเชื้อเป็น 1</td></tr><tr><td style=\"white-space:nowrap\">J12<a name=\"cs-thcc-vaccine-code-J12\"> </a></td><td>LAJE2</td><td>เจอีเชื้อเป็น 2</td></tr><tr><td style=\"white-space:nowrap\">031<a name=\"cs-thcc-vaccine-code-031\"> </a></td><td>DTP1</td><td>ดีทีพี 1</td></tr><tr><td style=\"white-space:nowrap\">032<a name=\"cs-thcc-vaccine-code-032\"> </a></td><td>DTP2</td><td>ดีทีพี 2</td></tr><tr><td style=\"white-space:nowrap\">033<a name=\"cs-thcc-vaccine-code-033\"> </a></td><td>DTP3</td><td>ดีทีพี 3</td></tr><tr><td style=\"white-space:nowrap\">034<a name=\"cs-thcc-vaccine-code-034\"> </a></td><td>DTP4</td><td>ดีทีพี กระตุ้น 1</td></tr><tr><td style=\"white-space:nowrap\">035<a name=\"cs-thcc-vaccine-code-035\"> </a></td><td>DTP5</td><td>ดีทีพี กระตุ้น 2</td></tr><tr><td style=\"white-space:nowrap\">084<a name=\"cs-thcc-vaccine-code-084\"> </a></td><td>OPV4</td><td>โอพีวี กระตุ้น 1</td></tr><tr><td style=\"white-space:nowrap\">085<a name=\"cs-thcc-vaccine-code-085\"> </a></td><td>OPV5</td><td>โอพีวี กระตุ้น 2</td></tr><tr><td style=\"white-space:nowrap\">011<a name=\"cs-thcc-vaccine-code-011\"> </a></td><td>BCGs</td><td>บีซีจีเอส</td></tr><tr><td style=\"white-space:nowrap\">021<a name=\"cs-thcc-vaccine-code-021\"> </a></td><td>dTs1</td><td>ดีทีเอส 1</td></tr><tr><td style=\"white-space:nowrap\">022<a name=\"cs-thcc-vaccine-code-022\"> </a></td><td>dTs2</td><td>ดีทีเอส 2</td></tr><tr><td style=\"white-space:nowrap\">023<a name=\"cs-thcc-vaccine-code-023\"> </a></td><td>dTs3</td><td>ดีทีเอส 3</td></tr><tr><td style=\"white-space:nowrap\">024<a name=\"cs-thcc-vaccine-code-024\"> </a></td><td>dTs4</td><td>ดีทีเอส 4</td></tr><tr><td style=\"white-space:nowrap\">072<a name=\"cs-thcc-vaccine-code-072\"> </a></td><td>MMRs</td><td>หัด คางทูม หัดเยอรมัน เอส</td></tr><tr><td style=\"white-space:nowrap\">075<a name=\"cs-thcc-vaccine-code-075\"> </a></td><td>MRs</td><td>หัด หัดเยอรมัน เอส</td></tr><tr><td style=\"white-space:nowrap\">086<a name=\"cs-thcc-vaccine-code-086\"> </a></td><td>OPVs1</td><td>โอพีวีเอส 1</td></tr><tr><td style=\"white-space:nowrap\">087<a name=\"cs-thcc-vaccine-code-087\"> </a></td><td>OPVs2</td><td>โอพีวีเอส 2</td></tr><tr><td style=\"white-space:nowrap\">088<a name=\"cs-thcc-vaccine-code-088\"> </a></td><td>OPVs3</td><td>โอพีวีเอส 3</td></tr><tr><td style=\"white-space:nowrap\">402<a name=\"cs-thcc-vaccine-code-402\"> </a></td><td>IPVs</td><td>ไอพีวี เอส</td></tr><tr><td style=\"white-space:nowrap\">054<a name=\"cs-thcc-vaccine-code-054\"> </a></td><td>LAJEs1</td><td>เจอีเชื้อเป็น เอส 1</td></tr><tr><td style=\"white-space:nowrap\">055<a name=\"cs-thcc-vaccine-code-055\"> </a></td><td>LAJEs2</td><td>เจอีเชื้อเป็น เอส 2</td></tr><tr><td style=\"white-space:nowrap\">044<a name=\"cs-thcc-vaccine-code-044\"> </a></td><td>HBVs1</td><td>ตับอักเสบบี เอส 1</td></tr><tr><td style=\"white-space:nowrap\">045<a name=\"cs-thcc-vaccine-code-045\"> </a></td><td>HBVs2</td><td>ตับอักเสบบี เอส 2</td></tr><tr><td style=\"white-space:nowrap\">046<a name=\"cs-thcc-vaccine-code-046\"> </a></td><td>HBVs3</td><td>ตับอักเสบบี เอส 3</td></tr><tr><td style=\"white-space:nowrap\">310<a name=\"cs-thcc-vaccine-code-310\"> </a></td><td>HPVs1</td><td>เอชพีวีเอส 1</td></tr><tr><td style=\"white-space:nowrap\">320<a name=\"cs-thcc-vaccine-code-320\"> </a></td><td>HPVs2</td><td>เอชพีวีเอส 2</td></tr><tr><td style=\"white-space:nowrap\">311<a name=\"cs-thcc-vaccine-code-311\"> </a></td><td>HPVs+</td><td>เอชพีวีเอส พลัส</td></tr><tr><td style=\"white-space:nowrap\">051<a name=\"cs-thcc-vaccine-code-051\"> </a></td><td>JE1</td><td>ไข้สมองอักเสบเจอี 1</td></tr><tr><td style=\"white-space:nowrap\">052<a name=\"cs-thcc-vaccine-code-052\"> </a></td><td>JE2</td><td>ไข้สมองอักเสบเจอี 2</td></tr><tr><td style=\"white-space:nowrap\">053<a name=\"cs-thcc-vaccine-code-053\"> </a></td><td>JE3</td><td>ไข้สมองอักเสบเจอี 3</td></tr><tr><td style=\"white-space:nowrap\">074<a name=\"cs-thcc-vaccine-code-074\"> </a></td><td>MRC</td><td>หัด หัดเยอรมัน ซี</td></tr><tr><td style=\"white-space:nowrap\">076<a name=\"cs-thcc-vaccine-code-076\"> </a></td><td>MMRC</td><td>หัด คางทูม หัดเยอรมัน ซี</td></tr><tr><td style=\"white-space:nowrap\">089<a name=\"cs-thcc-vaccine-code-089\"> </a></td><td>OPVC</td><td>โอพีวีซี</td></tr><tr><td style=\"white-space:nowrap\">101<a name=\"cs-thcc-vaccine-code-101\"> </a></td><td>TT</td><td>ทีที</td></tr><tr><td style=\"white-space:nowrap\">106<a name=\"cs-thcc-vaccine-code-106\"> </a></td><td>dT</td><td>ดีที</td></tr><tr><td style=\"white-space:nowrap\">815<a name=\"cs-thcc-vaccine-code-815\"> </a></td><td>Flu</td><td>ไข้หวัดใหญ่</td></tr><tr><td style=\"white-space:nowrap\">111<a name=\"cs-thcc-vaccine-code-111\"> </a></td><td>Rabies Vaccine 1</td><td>วัคซีนพิษสุนัขบ้า 1</td></tr><tr><td style=\"white-space:nowrap\">112<a name=\"cs-thcc-vaccine-code-112\"> </a></td><td>Rabies Vaccine 2</td><td>วัคซีนพิษสุนัขบ้า 2</td></tr><tr><td style=\"white-space:nowrap\">113<a name=\"cs-thcc-vaccine-code-113\"> </a></td><td>Rabies Vaccine 3</td><td>วัคซีนพิษสุนัขบ้า 3</td></tr><tr><td style=\"white-space:nowrap\">114<a name=\"cs-thcc-vaccine-code-114\"> </a></td><td>Rabies Vaccine 4</td><td>วัคซีนพิษสุนัขบ้า 4</td></tr><tr><td style=\"white-space:nowrap\">115<a name=\"cs-thcc-vaccine-code-115\"> </a></td><td>Rabies Vaccine 5</td><td>วัคซีนพิษสุนัขบ้า 5</td></tr><tr><td style=\"white-space:nowrap\">R11<a name=\"cs-thcc-vaccine-code-R11\"> </a></td><td>RV2-1</td><td>โรต้า 2-1</td></tr><tr><td style=\"white-space:nowrap\">R12<a name=\"cs-thcc-vaccine-code-R12\"> </a></td><td>RV2-2</td><td>โรต้า 2-2</td></tr><tr><td style=\"white-space:nowrap\">R21<a name=\"cs-thcc-vaccine-code-R21\"> </a></td><td>RV3-1</td><td>โรต้า 3-1</td></tr><tr><td style=\"white-space:nowrap\">R22<a name=\"cs-thcc-vaccine-code-R22\"> </a></td><td>RV3-2</td><td>โรต้า 3-2</td></tr><tr><td style=\"white-space:nowrap\">R23<a name=\"cs-thcc-vaccine-code-R23\"> </a></td><td>RV3-3</td><td>โรต้า 3-3</td></tr><tr><td style=\"white-space:nowrap\">077<a name=\"cs-thcc-vaccine-code-077\"> </a></td><td>MRss</td><td>หัด หัดเยอรมัน</td></tr><tr><td style=\"white-space:nowrap\">047<a name=\"cs-thcc-vaccine-code-047\"> </a></td><td>HBV</td><td>ตับอักเสบบี</td></tr><tr><td style=\"white-space:nowrap\">P41<a name=\"cs-thcc-vaccine-code-P41\"> </a></td><td>ap</td><td>เอพี</td></tr><tr><td style=\"white-space:nowrap\">817<a name=\"cs-thcc-vaccine-code-817\"> </a></td><td>Influenza</td><td>ไข้หวัดใหญ่</td></tr><tr><td style=\"white-space:nowrap\">818<a name=\"cs-thcc-vaccine-code-818\"> </a></td><td>Influenza</td><td>ไข้หวัดใหญ่</td></tr><tr><td style=\"white-space:nowrap\">CA1<a name=\"cs-thcc-vaccine-code-CA1\"> </a></td><td>Covid-19 (AstraZeneca)</td><td>โควิด 19 (บริษัทแอสตราเซเนกา)</td></tr><tr><td style=\"white-space:nowrap\">CA2<a name=\"cs-thcc-vaccine-code-CA2\"> </a></td><td>Covid-19 (AstraZeneca)</td><td>โควิด 19 (บริษัทแอสตราเซเนกา)</td></tr><tr><td style=\"white-space:nowrap\">CS1<a name=\"cs-thcc-vaccine-code-CS1\"> </a></td><td>Covid-19 (Sinovac)</td><td>โควิด 19 (บริษัทซิโนแวค)</td></tr><tr><td style=\"white-space:nowrap\">CS2<a name=\"cs-thcc-vaccine-code-CS2\"> </a></td><td>Covid-19 (Sinovac)</td><td>โควิด 19 (บริษัทซิโนแวค)</td></tr><tr><td style=\"white-space:nowrap\">CI1<a name=\"cs-thcc-vaccine-code-CI1\"> </a></td><td>Covid-19 (Sinopharm)</td><td>โควิด 19 (บริษัทซิโนฟาร์ม)</td></tr><tr><td style=\"white-space:nowrap\">CI2<a name=\"cs-thcc-vaccine-code-CI2\"> </a></td><td>Covid-19 (Sinopharm)</td><td>โควิด 19 (บริษัทซิโนฟาร์ม)</td></tr><tr><td style=\"white-space:nowrap\">CM1<a name=\"cs-thcc-vaccine-code-CM1\"> </a></td><td>Covid-19 (Moderna)</td><td>โควิด 19 (บริษัท Moderna)</td></tr><tr><td style=\"white-space:nowrap\">CM2<a name=\"cs-thcc-vaccine-code-CM2\"> </a></td><td>Covid-19 (Moderna)</td><td>โควิด 19 (บริษัท Moderna)</td></tr><tr><td style=\"white-space:nowrap\">CP1<a name=\"cs-thcc-vaccine-code-CP1\"> </a></td><td>Covid-19 (Pfizer)</td><td>โควิด 19 (บริษัทไฟเซอร์)</td></tr><tr><td style=\"white-space:nowrap\">CP2<a name=\"cs-thcc-vaccine-code-CP2\"> </a></td><td>Covid-19 (Pfizer)</td><td>โควิด 19 (บริษัทไฟเซอร์)</td></tr><tr><td style=\"white-space:nowrap\">CJ1<a name=\"cs-thcc-vaccine-code-CJ1\"> </a></td><td>Covid-19 (J &amp; J)</td><td>โควิด 19 (บริษัท Johnson &amp; Johnson)</td></tr><tr><td style=\"white-space:nowrap\">CA3<a name=\"cs-thcc-vaccine-code-CA3\"> </a></td><td>Covid-19 (AstraZeneca)</td><td>โควิด 19 (บริษัทแอสตราเซเนกา)</td></tr><tr><td style=\"white-space:nowrap\">CS3<a name=\"cs-thcc-vaccine-code-CS3\"> </a></td><td>Covid-19 (Sinovac)</td><td>โควิด 19 (บริษัทซิโนแวค)</td></tr><tr><td style=\"white-space:nowrap\">CI3<a name=\"cs-thcc-vaccine-code-CI3\"> </a></td><td>Covid-19 (Sinopharm)</td><td>โควิด 19 (บริษัทซิโนฟาร์ม)</td></tr><tr><td style=\"white-space:nowrap\">CM3<a name=\"cs-thcc-vaccine-code-CM3\"> </a></td><td>Covid-19 (Moderna)</td><td>โควิด 19 (บริษัท Moderna)</td></tr><tr><td style=\"white-space:nowrap\">CP3<a name=\"cs-thcc-vaccine-code-CP3\"> </a></td><td>Covid-19 (Pfizer)</td><td>โควิด 19 (บริษัทไฟเซอร์)</td></tr><tr><td style=\"white-space:nowrap\">CJ2<a name=\"cs-thcc-vaccine-code-CJ2\"> </a></td><td>Covid-19 (J &amp; J)</td><td>โควิด 19 (บริษัท Johnson &amp; Johnson)</td></tr><tr><td style=\"white-space:nowrap\">CX1<a name=\"cs-thcc-vaccine-code-CX1\"> </a></td><td>Covid-19 (Covaxin)</td><td>โควิด 19 (บริษัท Bharat biotech)</td></tr><tr><td style=\"white-space:nowrap\">CX2<a name=\"cs-thcc-vaccine-code-CX2\"> </a></td><td>Covid-19 (Covaxin)</td><td>โควิด 19 (บริษัท Bharat biotech)</td></tr><tr><td style=\"white-space:nowrap\">CX3<a name=\"cs-thcc-vaccine-code-CX3\"> </a></td><td>Covid-19 (Covaxin)</td><td>โควิด 19 (บริษัท Bharat biotech)</td></tr><tr><td style=\"white-space:nowrap\">CV1<a name=\"cs-thcc-vaccine-code-CV1\"> </a></td><td>Covid-19 (Sputnik V)</td><td>โควิด 19 (บริษัท Sputnik V)</td></tr><tr><td style=\"white-space:nowrap\">CV2<a name=\"cs-thcc-vaccine-code-CV2\"> </a></td><td>Covid-19 (Sputnik V)</td><td>โควิด 19 (บริษัท Sputnik V)</td></tr><tr><td style=\"white-space:nowrap\">CV3<a name=\"cs-thcc-vaccine-code-CV3\"> </a></td><td>Covid-19 (Sputnik V)</td><td>โควิด 19 (บริษัท Sputnik V)</td></tr><tr><td style=\"white-space:nowrap\">CA4<a name=\"cs-thcc-vaccine-code-CA4\"> </a></td><td>Covid-19 (AstraZeneca)</td><td>โควิด 19 (บริษัทแอสตราเซเนกา)</td></tr><tr><td style=\"white-space:nowrap\">CS4<a name=\"cs-thcc-vaccine-code-CS4\"> </a></td><td>Covid-19 (Sinovac)</td><td>โควิด 19 (บริษัทซิโนแวค)</td></tr><tr><td style=\"white-space:nowrap\">CI4<a name=\"cs-thcc-vaccine-code-CI4\"> </a></td><td>Covid-19 (Sinopharm)</td><td>โควิด 19 (บริษัทซิโนฟาร์ม)</td></tr><tr><td style=\"white-space:nowrap\">CM4<a name=\"cs-thcc-vaccine-code-CM4\"> </a></td><td>Covid-19 (Moderna)</td><td>โควิด 19 (บริษัท Moderna)</td></tr><tr><td style=\"white-space:nowrap\">CP4<a name=\"cs-thcc-vaccine-code-CP4\"> </a></td><td>Covid-19 (Pfizer)</td><td>โควิด 19 (บริษัทไฟเซอร์)</td></tr><tr><td style=\"white-space:nowrap\">CJ3<a name=\"cs-thcc-vaccine-code-CJ3\"> </a></td><td>Covid-19 (J &amp; J)</td><td>โควิด 19 (บริษัท Johnson &amp; Johnson)</td></tr><tr><td style=\"white-space:nowrap\">CJ4<a name=\"cs-thcc-vaccine-code-CJ4\"> </a></td><td>Covid-19 (J &amp; J)</td><td>โควิด 19 (บริษัท Johnson &amp; Johnson)</td></tr><tr><td style=\"white-space:nowrap\">CX4<a name=\"cs-thcc-vaccine-code-CX4\"> </a></td><td>Covid-19 (Covaxin)</td><td>โควิด 19 (บริษัท Bharat biotech)</td></tr><tr><td style=\"white-space:nowrap\">CV4<a name=\"cs-thcc-vaccine-code-CV4\"> </a></td><td>Covid-19 (Sputnik V)</td><td>โควิด 19 (บริษัท Sputnik V)</td></tr><tr><td style=\"white-space:nowrap\">CN1<a name=\"cs-thcc-vaccine-code-CN1\"> </a></td><td>Covid-19 (Novavax)</td><td>โควิด 19 (บริษัท Novavax Inc)</td></tr><tr><td style=\"white-space:nowrap\">CN2<a name=\"cs-thcc-vaccine-code-CN2\"> </a></td><td>Covid-19 (Novavax)</td><td>โควิด 19 (บริษัท Novavax Inc)</td></tr><tr><td style=\"white-space:nowrap\">CN3<a name=\"cs-thcc-vaccine-code-CN3\"> </a></td><td>Covid-19 (Novavax)</td><td>โควิด 19 (บริษัท Novavax Inc)</td></tr><tr><td style=\"white-space:nowrap\">CN4<a name=\"cs-thcc-vaccine-code-CN4\"> </a></td><td>Covid-19 (Novavax)</td><td>โควิด 19 (บริษัท Novavax Inc)</td></tr><tr><td style=\"white-space:nowrap\">CA5<a name=\"cs-thcc-vaccine-code-CA5\"> </a></td><td>Covid-19 (AstraZeneca)</td><td>โควิด 19 (บริษัทแอสตราเซเนกา)</td></tr><tr><td style=\"white-space:nowrap\">CA6<a name=\"cs-thcc-vaccine-code-CA6\"> </a></td><td>Covid-19 (AstraZeneca)</td><td>โควิด 19 (บริษัทแอสตราเซเนกา)</td></tr><tr><td style=\"white-space:nowrap\">CI5<a name=\"cs-thcc-vaccine-code-CI5\"> </a></td><td>Covid-19 (Sinopharm)</td><td>โควิด 19 (บริษัทซิโนฟาร์ม)</td></tr><tr><td style=\"white-space:nowrap\">CI6<a name=\"cs-thcc-vaccine-code-CI6\"> </a></td><td>Covid-19 (Sinopharm)</td><td>โควิด 19 (บริษัทซิโนฟาร์ม)</td></tr><tr><td style=\"white-space:nowrap\">CJ5<a name=\"cs-thcc-vaccine-code-CJ5\"> </a></td><td>Covid-19 (J &amp; J)</td><td>โควิด 19 (บริษัท Johnson &amp; Johnson)</td></tr><tr><td style=\"white-space:nowrap\">CJ6<a name=\"cs-thcc-vaccine-code-CJ6\"> </a></td><td>Covid-19 (J &amp; J)</td><td>โควิด 19 (บริษัท Johnson &amp; Johnson)</td></tr><tr><td style=\"white-space:nowrap\">CM5<a name=\"cs-thcc-vaccine-code-CM5\"> </a></td><td>Covid-19 (Moderna)</td><td>โควิด 19 (บริษัท Moderna)</td></tr><tr><td style=\"white-space:nowrap\">CM6<a name=\"cs-thcc-vaccine-code-CM6\"> </a></td><td>Covid-19 (Moderna)</td><td>โควิด 19 (บริษัท Moderna)</td></tr><tr><td style=\"white-space:nowrap\">CN5<a name=\"cs-thcc-vaccine-code-CN5\"> </a></td><td>Covid-19 (Novavax)</td><td>โควิด 19 (บริษัท Novavax Inc)</td></tr><tr><td style=\"white-space:nowrap\">CN6<a name=\"cs-thcc-vaccine-code-CN6\"> </a></td><td>Covid-19 (Novavax)</td><td>โควิด 19 (บริษัท Novavax Inc)</td></tr><tr><td style=\"white-space:nowrap\">CP5<a name=\"cs-thcc-vaccine-code-CP5\"> </a></td><td>Covid-19 (Pfizer)</td><td>โควิด 19 (บริษัทไฟเซอร์)</td></tr><tr><td style=\"white-space:nowrap\">CP6<a name=\"cs-thcc-vaccine-code-CP6\"> </a></td><td>Covid-19 (Pfizer)</td><td>โควิด 19 (บริษัทไฟเซอร์)</td></tr><tr><td style=\"white-space:nowrap\">CS5<a name=\"cs-thcc-vaccine-code-CS5\"> </a></td><td>Covid-19 (Sinovac)</td><td>โควิด 19 (บริษัทซิโนแวค)</td></tr><tr><td style=\"white-space:nowrap\">CS6<a name=\"cs-thcc-vaccine-code-CS6\"> </a></td><td>Covid-19 (Sinovac)</td><td>โควิด 19 (บริษัทซิโนแวค)</td></tr><tr><td style=\"white-space:nowrap\">CV5<a name=\"cs-thcc-vaccine-code-CV5\"> </a></td><td>Covid-19 (Sputnik V)</td><td>โควิด 19 (บริษัท Sputnik V)</td></tr><tr><td style=\"white-space:nowrap\">CV6<a name=\"cs-thcc-vaccine-code-CV6\"> </a></td><td>Covid-19 (Sputnik V)</td><td>โควิด 19 (บริษัท Sputnik V)</td></tr><tr><td style=\"white-space:nowrap\">CX5<a name=\"cs-thcc-vaccine-code-CX5\"> </a></td><td>Covid-19 (Covaxin)</td><td>โควิด 19 (บริษัท Bharat biotech)</td></tr><tr><td style=\"white-space:nowrap\">CX6<a name=\"cs-thcc-vaccine-code-CX6\"> </a></td><td>Covid-19 (Covaxin)</td><td>โควิด 19 (บริษัท Bharat biotech)</td></tr><tr><td style=\"white-space:nowrap\">CC1<a name=\"cs-thcc-vaccine-code-CC1\"> </a></td><td>Covid-19 (COVOVAX)</td><td>โควิด 19 (บริษัท Serum Institude of India)</td></tr><tr><td style=\"white-space:nowrap\">CC2<a name=\"cs-thcc-vaccine-code-CC2\"> </a></td><td>Covid-19 (COVOVAX)</td><td>โควิด 19 (บริษัท Serum Institude of India)</td></tr><tr><td style=\"white-space:nowrap\">CC3<a name=\"cs-thcc-vaccine-code-CC3\"> </a></td><td>Covid-19 (COVOVAX)</td><td>โควิด 19 (บริษัท Serum Institude of India)</td></tr><tr><td style=\"white-space:nowrap\">CC4<a name=\"cs-thcc-vaccine-code-CC4\"> </a></td><td>Covid-19 (COVOVAX)</td><td>โควิด 19 (บริษัท Serum Institude of India)</td></tr><tr><td style=\"white-space:nowrap\">CC5<a name=\"cs-thcc-vaccine-code-CC5\"> </a></td><td>Covid-19 (COVOVAX)</td><td>โควิด 19 (บริษัท Serum Institude of India)</td></tr><tr><td style=\"white-space:nowrap\">CC6<a name=\"cs-thcc-vaccine-code-CC6\"> </a></td><td>Covid-19 (COVOVAX)</td><td>โควิด 19 (บริษัท Serum Institude of India)</td></tr><tr><td style=\"white-space:nowrap\">LB1<a name=\"cs-thcc-vaccine-code-LB1\"> </a></td><td>Covid-19 (Evusheld)</td><td>แอนติบอดีออกฤทธิ์ยาว (บริษัทแอสตราเซเนกา)</td></tr><tr><td style=\"white-space:nowrap\">LB2<a name=\"cs-thcc-vaccine-code-LB2\"> </a></td><td>Covid-19 (Evusheld)</td><td>แอนติบอดีออกฤทธิ์ยาว (บริษัทแอสตราเซเนกา)</td></tr><tr><td style=\"white-space:nowrap\">LB3<a name=\"cs-thcc-vaccine-code-LB3\"> </a></td><td>Covid-19 (Evusheld)</td><td>แอนติบอดีออกฤทธิ์ยาว (บริษัทแอสตราเซเนกา)</td></tr></table></div>"},"url":"http://terms.sil-th.org/CodeSystem/cs-thcc-vaccine-code","version":"0.1.0","name":"CS_THCC_VaccineCode","title":"รหัสวัคซีน","status":"active","date":"2022-08-17T01:34:31+07:00","description":"รหัสวัคซีน ตามโครงสร้างข้อมูล 43 แฟ้ม","jurisdiction":[{"coding":[{"system":"urn:iso:std:iso:3166","code":"TH"}]}],"content":"complete","count":131,"concept":[{"code":"010","display":"BCG","definition":"บีซีจี"},{"code":"041","display":"HBV1","definition":"ตับอักเสบบี 1"},{"code":"042","display":"HBV2","definition":"ตับอักเสบบี 2"},{"code":"043","display":"HBV3","definition":"ตับอักเสบบี 3"},{"code":"091","display":"DTPHB 1","definition":"ดีทีพีตับอักเสบบี 1"},{"code":"092","display":"DTPHB 2","definition":"ดีทีพีตับอักเสบบี 2"},{"code":"093","display":"DTPHB 3","definition":"ดีทีพีตับอักเสบบี 3"},{"code":"D21","display":"DTP-HB-Hib 1","definition":"ดีทีพีตับอักเสบบีฮิบ 1"},{"code":"D22","display":"DTP-HB-Hib 2","definition":"ดีทีพีตับอักเสบบีฮิบ 2"},{"code":"D23","display":"DTP-HB-Hib 3","definition":"ดีทีพีตับอักเสบบีฮิบ 3"},{"code":"081","display":"OPV1","definition":"โอพีวี 1"},{"code":"082","display":"OPV2","definition":"โอพีวี 2"},{"code":"083","display":"OPV3","definition":"โอพีวี 3"},{"code":"401","display":"IPV-P","definition":"ไอพีวี-พี"},{"code":"061","display":"MMR1","definition":"หัด คางทูม หัดเยอรมัน"},{"code":"073","display":"MMR2","definition":"หัด คางทูม หัดเยอรมัน"},{"code":"J11","display":"LAJE1","definition":"เจอีเชื้อเป็น 1"},{"code":"J12","display":"LAJE2","definition":"เจอีเชื้อเป็น 2"},{"code":"031","display":"DTP1","definition":"ดีทีพี 1"},{"code":"032","display":"DTP2","definition":"ดีทีพี 2"},{"code":"033","display":"DTP3","definition":"ดีทีพี 3"},{"code":"034","display":"DTP4","definition":"ดีทีพี กระตุ้น 1"},{"code":"035","display":"DTP5","definition":"ดีทีพี กระตุ้น 2"},{"code":"084","display":"OPV4","definition":"โอพีวี กระตุ้น 1"},{"code":"085","display":"OPV5","definition":"โอพีวี กระตุ้น 2"},{"code":"011","display":"BCGs","definition":"บีซีจีเอส"},{"code":"021","display":"dTs1","definition":"ดีทีเอส 1"},{"code":"022","display":"dTs2","definition":"ดีทีเอส 2"},{"code":"023","display":"dTs3","definition":"ดีทีเอส 3"},{"code":"024","display":"dTs4","definition":"ดีทีเอส 4"},{"code":"072","display":"MMRs","definition":"หัด คางทูม หัดเยอรมัน เอส"},{"code":"075","display":"MRs","definition":"หัด หัดเยอรมัน เอส"},{"code":"086","display":"OPVs1","definition":"โอพีวีเอส 1"},{"code":"087","display":"OPVs2","definition":"โอพีวีเอส 2"},{"code":"088","display":"OPVs3","definition":"โอพีวีเอส 3"},{"code":"402","display":"IPVs","definition":"ไอพีวี เอส"},{"code":"054","display":"LAJEs1","definition":"เจอีเชื้อเป็น เอส 1"},{"code":"055","display":"LAJEs2","definition":"เจอีเชื้อเป็น เอส 2"},{"code":"044","display":"HBVs1","definition":"ตับอักเสบบี เอส 1"},{"code":"045","display":"HBVs2","definition":"ตับอักเสบบี เอส 2"},{"code":"046","display":"HBVs3","definition":"ตับอักเสบบี เอส 3"},{"code":"310","display":"HPVs1","definition":"เอชพีวีเอส 1"},{"code":"320","display":"HPVs2","definition":"เอชพีวีเอส 2"},{"code":"311","display":"HPVs+","definition":"เอชพีวีเอส พลัส"},{"code":"051","display":"JE1","definition":"ไข้สมองอักเสบเจอี 1"},{"code":"052","display":"JE2","definition":"ไข้สมองอักเสบเจอี 2"},{"code":"053","display":"JE3","definition":"ไข้สมองอักเสบเจอี 3"},{"code":"074","display":"MRC","definition":"หัด หัดเยอรมัน ซี"},{"code":"076","display":"MMRC","definition":"หัด คางทูม หัดเยอรมัน ซี"},{"code":"089","display":"OPVC","definition":"โอพีวีซี"},{"code":"101","display":"TT","definition":"ทีที"},{"code":"106","display":"dT","definition":"ดีที"},{"code":"815","display":"Flu","definition":"ไข้หวัดใหญ่"},{"code":"111","display":"Rabies Vaccine 1","definition":"วัคซีนพิษสุนัขบ้า 1"},{"code":"112","display":"Rabies Vaccine 2","definition":"วัคซีนพิษสุนัขบ้า 2"},{"code":"113","display":"Rabies Vaccine 3","definition":"วัคซีนพิษสุนัขบ้า 3"},{"code":"114","display":"Rabies Vaccine 4","definition":"วัคซีนพิษสุนัขบ้า 4"},{"code":"115","display":"Rabies Vaccine 5","definition":"วัคซีนพิษสุนัขบ้า 5"},{"code":"R11","display":"RV2-1","definition":"โรต้า 2-1"},{"code":"R12","display":"RV2-2","definition":"โรต้า 2-2"},{"code":"R21","display":"RV3-1","definition":"โรต้า 3-1"},{"code":"R22","display":"RV3-2","definition":"โรต้า 3-2"},{"code":"R23","display":"RV3-3","definition":"โรต้า 3-3"},{"code":"077","display":"MRss","definition":"หัด หัดเยอรมัน"},{"code":"047","display":"HBV","definition":"ตับอักเสบบี"},{"code":"P41","display":"ap","definition":"เอพี"},{"code":"817","display":"Influenza","definition":"ไข้หวัดใหญ่"},{"code":"818","display":"Influenza","definition":"ไข้หวัดใหญ่"},{"code":"CA1","display":"Covid-19 (AstraZeneca)","definition":"โควิด 19 (บริษัทแอสตราเซเนกา)"},{"code":"CA2","display":"Covid-19 (AstraZeneca)","definition":"โควิด 19 (บริษัทแอสตราเซเนกา)"},{"code":"CS1","display":"Covid-19 (Sinovac)","definition":"โควิด 19 (บริษัทซิโนแวค)"},{"code":"CS2","display":"Covid-19 (Sinovac)","definition":"โควิด 19 (บริษัทซิโนแวค)"},{"code":"CI1","display":"Covid-19 (Sinopharm)","definition":"โควิด 19 (บริษัทซิโนฟาร์ม)"},{"code":"CI2","display":"Covid-19 (Sinopharm)","definition":"โควิด 19 (บริษัทซิโนฟาร์ม)"},{"code":"CM1","display":"Covid-19 (Moderna)","definition":"โควิด 19 (บริษัท Moderna)"},{"code":"CM2","display":"Covid-19 (Moderna)","definition":"โควิด 19 (บริษัท Moderna)"},{"code":"CP1","display":"Covid-19 (Pfizer)","definition":"โควิด 19 (บริษัทไฟเซอร์)"},{"code":"CP2","display":"Covid-19 (Pfizer)","definition":"โควิด 19 (บริษัทไฟเซอร์)"},{"code":"CJ1","display":"Covid-19 (J & J)","definition":"โควิด 19 (บริษัท Johnson & Johnson)"},{"code":"CA3","display":"Covid-19 (AstraZeneca)","definition":"โควิด 19 (บริษัทแอสตราเซเนกา)"},{"code":"CS3","display":"Covid-19 (Sinovac)","definition":"โควิด 19 (บริษัทซิโนแวค)"},{"code":"CI3","display":"Covid-19 (Sinopharm)","definition":"โควิด 19 (บริษัทซิโนฟาร์ม)"},{"code":"CM3","display":"Covid-19 (Moderna)","definition":"โควิด 19 (บริษัท Moderna)"},{"code":"CP3","display":"Covid-19 (Pfizer)","definition":"โควิด 19 (บริษัทไฟเซอร์)"},{"code":"CJ2","display":"Covid-19 (J & J)","definition":"โควิด 19 (บริษัท Johnson & Johnson)"},{"code":"CX1","display":"Covid-19 (Covaxin)","definition":"โควิด 19 (บริษัท Bharat biotech)"},{"code":"CX2","display":"Covid-19 (Covaxin)","definition":"โควิด 19 (บริษัท Bharat biotech)"},{"code":"CX3","display":"Covid-19 (Covaxin)","definition":"โควิด 19 (บริษัท Bharat biotech)"},{"code":"CV1","display":"Covid-19 (Sputnik V)","definition":"โควิด 19 (บริษัท Sputnik V)"},{"code":"CV2","display":"Covid-19 (Sputnik V)","definition":"โควิด 19 (บริษัท Sputnik V)"},{"code":"CV3","display":"Covid-19 (Sputnik V)","definition":"โควิด 19 (บริษัท Sputnik V)"},{"code":"CA4","display":"Covid-19 (AstraZeneca)","definition":"โควิด 19 (บริษัทแอสตราเซเนกา)"},{"code":"CS4","display":"Covid-19 (Sinovac)","definition":"โควิด 19 (บริษัทซิโนแวค)"},{"code":"CI4","display":"Covid-19 (Sinopharm)","definition":"โควิด 19 (บริษัทซิโนฟาร์ม)"},{"code":"CM4","display":"Covid-19 (Moderna)","definition":"โควิด 19 (บริษัท Moderna)"},{"code":"CP4","display":"Covid-19 (Pfizer)","definition":"โควิด 19 (บริษัทไฟเซอร์)"},{"code":"CJ3","display":"Covid-19 (J & J)","definition":"โควิด 19 (บริษัท Johnson & Johnson)"},{"code":"CJ4","display":"Covid-19 (J & J)","definition":"โควิด 19 (บริษัท Johnson & Johnson)"},{"code":"CX4","display":"Covid-19 (Covaxin)","definition":"โควิด 19 (บริษัท Bharat biotech)"},{"code":"CV4","display":"Covid-19 (Sputnik V)","definition":"โควิด 19 (บริษัท Sputnik V)"},{"code":"CN1","display":"Covid-19 (Novavax)","definition":"โควิด 19 (บริษัท Novavax Inc)"},{"code":"CN2","display":"Covid-19 (Novavax)","definition":"โควิด 19 (บริษัท Novavax Inc)"},{"code":"CN3","display":"Covid-19 (Novavax)","definition":"โควิด 19 (บริษัท Novavax Inc)"},{"code":"CN4","display":"Covid-19 (Novavax)","definition":"โควิด 19 (บริษัท Novavax Inc)"},{"code":"CA5","display":"Covid-19 (AstraZeneca)","definition":"โควิด 19 (บริษัทแอสตราเซเนกา)"},{"code":"CA6","display":"Covid-19 (AstraZeneca)","definition":"โควิด 19 (บริษัทแอสตราเซเนกา)"},{"code":"CI5","display":"Covid-19 (Sinopharm)","definition":"โควิด 19 (บริษัทซิโนฟาร์ม)"},{"code":"CI6","display":"Covid-19 (Sinopharm)","definition":"โควิด 19 (บริษัทซิโนฟาร์ม)"},{"code":"CJ5","display":"Covid-19 (J & J)","definition":"โควิด 19 (บริษัท Johnson & Johnson)"},{"code":"CJ6","display":"Covid-19 (J & J)","definition":"โควิด 19 (บริษัท Johnson & Johnson)"},{"code":"CM5","display":"Covid-19 (Moderna)","definition":"โควิด 19 (บริษัท Moderna)"},{"code":"CM6","display":"Covid-19 (Moderna)","definition":"โควิด 19 (บริษัท Moderna)"},{"code":"CN5","display":"Covid-19 (Novavax)","definition":"โควิด 19 (บริษัท Novavax Inc)"},{"code":"CN6","display":"Covid-19 (Novavax)","definition":"โควิด 19 (บริษัท Novavax Inc)"},{"code":"CP5","display":"Covid-19 (Pfizer)","definition":"โควิด 19 (บริษัทไฟเซอร์)"},{"code":"CP6","display":"Covid-19 (Pfizer)","definition":"โควิด 19 (บริษัทไฟเซอร์)"},{"code":"CS5","display":"Covid-19 (Sinovac)","definition":"โควิด 19 (บริษัทซิโนแวค)"},{"code":"CS6","display":"Covid-19 (Sinovac)","definition":"โควิด 19 (บริษัทซิโนแวค)"},{"code":"CV5","display":"Covid-19 (Sputnik V)","definition":"โควิด 19 (บริษัท Sputnik V)"},{"code":"CV6","display":"Covid-19 (Sputnik V)","definition":"โควิด 19 (บริษัท Sputnik V)"},{"code":"CX5","display":"Covid-19 (Covaxin)","definition":"โควิด 19 (บริษัท Bharat biotech)"},{"code":"CX6","display":"Covid-19 (Covaxin)","definition":"โควิด 19 (บริษัท Bharat biotech)"},{"code":"CC1","display":"Covid-19 (COVOVAX)","definition":"โควิด 19 (บริษัท Serum Institude of India)"},{"code":"CC2","display":"Covid-19 (COVOVAX)","definition":"โควิด 19 (บริษัท Serum Institude of India)"},{"code":"CC3","display":"Covid-19 (COVOVAX)","definition":"โควิด 19 (บริษัท Serum Institude of India)"},{"code":"CC4","display":"Covid-19 (COVOVAX)","definition":"โควิด 19 (บริษัท Serum Institude of India)"},{"code":"CC5","display":"Covid-19 (COVOVAX)","definition":"โควิด 19 (บริษัท Serum Institude of India)"},{"code":"CC6","display":"Covid-19 (COVOVAX)","definition":"โควิด 19 (บริษัท Serum Institude of India)"},{"code":"LB1","display":"Covid-19 (Evusheld)","definition":"แอนติบอดีออกฤทธิ์ยาว (บริษัทแอสตราเซเนกา)"},{"code":"LB2","display":"Covid-19 (Evusheld)","definition":"แอนติบอดีออกฤทธิ์ยาว (บริษัทแอสตราเซเนกา)"},{"code":"LB3","display":"Covid-19 (Evusheld)","definition":"แอนติบอดีออกฤทธิ์ยาว (บริษัทแอสตราเซเนกา)"}]}