{"resourceType":"CodeSystem","id":"cs-thcc-patient-location-type","text":{"status":"generated","div":"<div xmlns=\"http://www.w3.org/1999/xhtml\"><p>This code system http://terms.sil-th.org/CodeSystem/cs-thcc-patient-location-type defines the following codes:</p><table class=\"codes\"><tr><td style=\"white-space:nowrap\"><b>Code</b></td><td><b>Display</b></td></tr><tr><td style=\"white-space:nowrap\">1<a name=\"cs-thcc-patient-location-type-1\"> </a></td><td>ในเขตรับผิดชอบ</td></tr><tr><td style=\"white-space:nowrap\">2<a name=\"cs-thcc-patient-location-type-2\"> </a></td><td>นอกเขตรับผิดชอบ</td></tr></table></div>"},"url":"http://terms.sil-th.org/CodeSystem/cs-thcc-patient-location-type","version":"0.1.0","name":"CS_THCC_PatientLocationType","title":"รหัสที่ตั้งของที่อยู่ผู้รับบริการ","status":"active","date":"2022-08-16T23:36:06+07:00","description":"รหัสที่ตั้งของที่อยู่ผู้รับบริการ ตามโครงสร้างข้อมูล 43 แฟ้ม","jurisdiction":[{"coding":[{"system":"urn:iso:std:iso:3166","code":"TH"}]}],"content":"complete","count":2,"concept":[{"code":"1","display":"ในเขตรับผิดชอบ"},{"code":"2","display":"นอกเขตรับผิดชอบ"}]}