{"resourceType":"CodeSystem","id":"cs-thcc-accident-priority","text":{"status":"generated","div":"<div xmlns=\"http://www.w3.org/1999/xhtml\"><p>This code system http://terms.sil-th.org/CodeSystem/cs-thcc-accident-priority defines the following codes:</p><table class=\"codes\"><tr><td style=\"white-space:nowrap\"><b>Code</b></td><td><b>Display</b></td></tr><tr><td style=\"white-space:nowrap\">1<a name=\"cs-thcc-accident-priority-1\"> </a></td><td>life threatening</td></tr><tr><td style=\"white-space:nowrap\">2<a name=\"cs-thcc-accident-priority-2\"> </a></td><td>emergency</td></tr><tr><td style=\"white-space:nowrap\">3<a name=\"cs-thcc-accident-priority-3\"> </a></td><td>urgent</td></tr><tr><td style=\"white-space:nowrap\">4<a name=\"cs-thcc-accident-priority-4\"> </a></td><td>acute</td></tr><tr><td style=\"white-space:nowrap\">5<a name=\"cs-thcc-accident-priority-5\"> </a></td><td>non acute</td></tr><tr><td style=\"white-space:nowrap\">6<a name=\"cs-thcc-accident-priority-6\"> </a></td><td>ไม่แน่ใจ</td></tr></table></div>"},"url":"http://terms.sil-th.org/CodeSystem/cs-thcc-accident-priority","version":"0.1.0","name":"CS_THCC_AccidentPriority","title":"รหัสระดับความเร่งด่วน","status":"active","date":"2022-08-16T21:51:46+07:00","description":"ใช้ระบุรหัสระดับความเร่งด่วน ตามโครงสร้างข้อมูล 43 แฟ้ม","jurisdiction":[{"coding":[{"system":"urn:iso:std:iso:3166","code":"TH"}]}],"content":"complete","count":6,"concept":[{"code":"1","display":"life threatening"},{"code":"2","display":"emergency"},{"code":"3","display":"urgent"},{"code":"4","display":"acute"},{"code":"5","display":"non acute"},{"code":"6","display":"ไม่แน่ใจ"}]}