{"resourceType":"CodeSystem","id":"cs-thcc-foreigner-type","text":{"status":"generated","div":"<div xmlns=\"http://www.w3.org/1999/xhtml\"><p>This code system https://terms.sil-th.org/CodeSystem/cs-thcc-foreigner-type defines the following codes:</p><table class=\"codes\"><tr><td style=\"white-space:nowrap\"><b>Code</b></td><td><b>Display</b></td></tr><tr><td style=\"white-space:nowrap\">01<a name=\"cs-thcc-foreigner-type-01\"> </a></td><td>ต่างด้าว(บุคคลที่มีปัญหาสถานะและสิทธิ)ที่ขึ้นทะเบียนกับกระทรวงมหาดไทย ในกลุ่มนักเรียนในสถานศึกษาที่รับสวัสดิการจากรัฐบาลด้านการศึกษา ประเภททะเบียนราษฎร์ ท.ร.38 ก และมีเลขประจำตัวประชาชนที่ขึ้นต้นด้วยเลข 0</td></tr><tr><td style=\"white-space:nowrap\">02<a name=\"cs-thcc-foreigner-type-02\"> </a></td><td>ต่างด้าว(บุคคลที่มีปัญหาสถานะและสิทธิ)ที่ขึ้นทะเบียนกับกระทรวงมหาดไทย ในกลุ่มคนไร้รากเหง้า (กลุ่มบุคคลที่ขาดบุพการีหรือบุพการีทอดทิ้งซึ่งอยู่นอกสถานรับเลี้ยงของรัฐ) และมีเอกสารแบบพิมพ์ประวัติ ที่ไม่มีสถานะทางทะเบียนราษฎร์ ( ท.ร.38 ก.) มีเลขประจำตัวประชาชนที่ขึ้นต้นด้วยเลข 0</td></tr><tr><td style=\"white-space:nowrap\">03<a name=\"cs-thcc-foreigner-type-03\"> </a></td><td>ต่างด้าว(บุคคลที่มีปัญหาสถานะและสิทธิ)ที่ขึ้นทะเบียนกับกระทรวงมหาดไทย ในกลุ่มคนที่มีคุณประโยชน์แก่ประเทศ ประเภททะเบียนราษฎร์ ท.ร.38 ก และมีเลขประจำตัวประชาชนที่ขึ้นต้นด้วยเลข 0</td></tr><tr><td style=\"white-space:nowrap\">11<a name=\"cs-thcc-foreigner-type-11\"> </a></td><td>ต่างด้าว(บุคคลที่มีปัญหาสถานะและสิทธิ)ที่เข้าเมืองโดยชอบด้วยกฎหมายในลักษณะชั่วคราว(ม.12,13,34,35 พ.ร.บ.คนเข้าเมือง พ.ศ. 2522) และคนต่างด้าวที่เข้าเมืองโดยไม่ชอบด้วยกฎหมาย(ม.17 พ.ร.บ.คนเข้าเมือง พ.ศ. 2522) ประเภททะเบียนราษฎร์ ท.ร. 13 มีเลข 13 หลัก และมีเลขประจำตัวประชาชนที่ขึ้นต้นด้วยเลข 6</td></tr><tr><td style=\"white-space:nowrap\">12<a name=\"cs-thcc-foreigner-type-12\"> </a></td><td>ต่างด้าวที่ขึ้นทะเบียนกับกระทรวงแรงงานเพื่อขอทำงาน ที่มีรหัสที่ขึ้นต้นด้วยเลข 0 และได้ Work permitted (ใบขออนุญาตทำงาน)</td></tr><tr><td style=\"white-space:nowrap\">13<a name=\"cs-thcc-foreigner-type-13\"> </a></td><td>ต่างด้าวที่ขึ้นทะเบียนกับกระทรวงมหาดไทย และที่มีรหัสที่ขึ้นต้นด้วยเลข 0 แต่ไม่รวมอยู่ในรหัส 01 ,02 และ 03</td></tr><tr><td style=\"white-space:nowrap\">14<a name=\"cs-thcc-foreigner-type-14\"> </a></td><td>ต่างด้าวที่ขออนุญาตทำงานถูกต้องตามกฎหมายกับกระทรวงแรงงาน โดยมี Passport/Visa เป็นหลักฐานในการขออนุญาต</td></tr><tr><td style=\"white-space:nowrap\">15<a name=\"cs-thcc-foreigner-type-15\"> </a></td><td>ต่างด้าว(บุคคลที่มีปัญหาสถานะและสิทธิ)ที่เข้าเมืองชอบด้วยกฎหมาย ได้สิทธิอาศัยถาวร (พ.ร.บ. คนเข้าเมือง พ.ศ. 2552) ประเภททะเบียนราษฎร์ท.ร.14 มีเลขประจำตัวประชาชนที่ขึ้นต้นด้วยเลข 3 และ 4 และไม่ใช่สัญชาติไทย</td></tr><tr><td style=\"white-space:nowrap\">16<a name=\"cs-thcc-foreigner-type-16\"> </a></td><td>ต่างด้าว(บุคคลที่มีปัญหาสถานะและสิทธิ)ที่เข้าเมืองโดยชอบด้วยกฎหมาย มีสิทธิอาศัยถาวรเพิ่มชื่อในทะเบียน ก่อน 22 มีนาคม 2535 มีเลขประจำตัวประชาชนที่ขึ้นต้นด้วยเลข 5 และไม่ใช่สัญชาติไทย</td></tr><tr><td style=\"white-space:nowrap\">17<a name=\"cs-thcc-foreigner-type-17\"> </a></td><td>ต่างด้าว(บุคคลที่มีปัญหาสถานะและสิทธิ)ที่เข้าเมืองโดยชอบด้วยกฎหมาย มีสิทธิอาศัยถาวรเพิ่มชื่อในทะเบียน หลัง 22 มีนาคม 2535 มีเลขประจำตัวประชาชนที่ขึ้นต้นด้วยเลข 8 และไม่ใช่สัญชาติไทย</td></tr><tr><td style=\"white-space:nowrap\">18<a name=\"cs-thcc-foreigner-type-18\"> </a></td><td>บุตรคนต่างด้าว(บุคคลที่มีปัญหาสถานะและสิทธิ)ที่เข้าเมืองโดยชอบด้วยกฎหมายในลักษณะชั่วคราวที่เกิดในประเทศไทย(ม.12,13,34,35 พ.ร.บ.คนเข้าเมือง พ.ศ. 2522) และบุตรคนต่างด้าวที่เข้าเมืองโดยไม่ชอบด้วยกฎหมายที่เกิดในประเทศไทย(ม.17 พ.ร.บ.คนเข้าเมือง พ.ศ. 2522) ประเภททะเบียนราษฎร์ ท.ร. 13 มีเลข 13 หลัก และมีเลขประจำตัวประชาชนที่ขึ้นต้นด้วยเลข 7</td></tr><tr><td style=\"white-space:nowrap\">21<a name=\"cs-thcc-foreigner-type-21\"> </a></td><td>ต่างด้าวที่อพยพและอยู่ในค่าย/ศูนย์พักพิง</td></tr><tr><td style=\"white-space:nowrap\">22<a name=\"cs-thcc-foreigner-type-22\"> </a></td><td>ต่างด้าวที่เป็นผู้ติดตามของรหัส 11 ,12 ,15,16,17 ข้างต้น ได้แก่ สามี/ภรรยา/บุตร/ญาติ</td></tr><tr><td style=\"white-space:nowrap\">23<a name=\"cs-thcc-foreigner-type-23\"> </a></td><td>หมายถึงกลุ่มอื่นๆ</td></tr><tr><td style=\"white-space:nowrap\">24<a name=\"cs-thcc-foreigner-type-24\"> </a></td><td>ประชากรต่างด้าวที่เป็นแรงงานเข้าเมืองโดยไม่ถูกต้องตามกฎหมาย</td></tr><tr><td style=\"white-space:nowrap\">25<a name=\"cs-thcc-foreigner-type-25\"> </a></td><td>ประชากรต่างด้าวที่เป็นแรงงานไปเช้าเย็นกลับหรืออยู่ตามฤดูกาล</td></tr><tr><td style=\"white-space:nowrap\">26<a name=\"cs-thcc-foreigner-type-26\"> </a></td><td>ประชากรต่างด้าวที่มาทำงานในองค์กรอิสระระหว่างประเทศที่เข้าเมืองโดยถูกต้องตามกฎหมาย</td></tr><tr><td style=\"white-space:nowrap\">27<a name=\"cs-thcc-foreigner-type-27\"> </a></td><td>ประชากรต่างด้าวที่เป็นเจ้าของกิจการในประเทศไทยและเข้าเมืองโดยถูกต้องตามกฏหมาย</td></tr><tr><td style=\"white-space:nowrap\">28<a name=\"cs-thcc-foreigner-type-28\"> </a></td><td>ประชากรต่างด้าวที่เป็นเด็กนักเรียนมาศึกษาในประเทศไทยแบบไปเช้ากลับเย็น</td></tr><tr><td style=\"white-space:nowrap\">29<a name=\"cs-thcc-foreigner-type-29\"> </a></td><td>ประชากรต่างด้าวที่เป็นเด็กนักเรียน/นักศึกษา/นักเรียนโครงการแลกเปลี่ยนที่เข้ามาศึกษา หรือนักเรียน/นักศึกษา/ประชาชนที่มาศึกษาดูงานในประเทศไทย</td></tr><tr><td style=\"white-space:nowrap\">30<a name=\"cs-thcc-foreigner-type-30\"> </a></td><td>ประชากรต่างด้าวที่เป็นนักท่องเที่ยวเข้าเมืองโดยถูกต้องตามกฎหมาย</td></tr><tr><td style=\"white-space:nowrap\">31<a name=\"cs-thcc-foreigner-type-31\"> </a></td><td>ประชากรต่างด้าวที่เข้ามาเผยแพร่ศาสนา หรือเข้ามาอยู่ในศาสนาต่าง ๆ ในประเทศไทยและเข้าเมืองถูกต้องตามกฎหมาย</td></tr><tr><td style=\"white-space:nowrap\">32<a name=\"cs-thcc-foreigner-type-32\"> </a></td><td>ประชากรต่างด้าวที่เข้ามาเผยแพร่ศาสนา หรือเข้ามาอยู่ในศาสนาต่าง ๆ ในประเทศไทยและเข้าเมืองไม่ถูกต้องตามกฎหมาย</td></tr><tr><td style=\"white-space:nowrap\">33<a name=\"cs-thcc-foreigner-type-33\"> </a></td><td>ประชากรต่างด้าวที่ลี้ภัยทางการเมืองที่เข้าเมืองโดยถูกต้องตามกฎหมาย</td></tr><tr><td style=\"white-space:nowrap\">34<a name=\"cs-thcc-foreigner-type-34\"> </a></td><td>ประชากรต่างด้าวที่ลี้ภัยทางการเมืองที่เข้าเมืองโดยไม่ถูกต้องตามกฎหมาย</td></tr><tr><td style=\"white-space:nowrap\">35<a name=\"cs-thcc-foreigner-type-35\"> </a></td><td>ประชากรต่างด้าวที่เป็นผู้มีปัญหาด้านกฎหมายและ/หรือหลบหนีเข้าเมืองโดยไม่ถูกต้องตามกฎหมาย</td></tr><tr><td style=\"white-space:nowrap\">36<a name=\"cs-thcc-foreigner-type-36\"> </a></td><td>ประชากรต่างด้าวที่มารับบริการด้านการแพทย์และสาธารณสุขกรณีไปเช้ากลับเย็น</td></tr><tr><td style=\"white-space:nowrap\">37<a name=\"cs-thcc-foreigner-type-37\"> </a></td><td>ประชากรต่างด้าวที่มารับบริการด้านการแพทย์และสาธารณสุขกรณีอาศัยอยู่ในประเทศไทยระยะเวลาหนึ่ง</td></tr><tr><td style=\"white-space:nowrap\">38<a name=\"cs-thcc-foreigner-type-38\"> </a></td><td>ประชากรต่างด้าวที่เป็นผู้ติดตามแรงงานต่างด้าว</td></tr><tr><td style=\"white-space:nowrap\">39<a name=\"cs-thcc-foreigner-type-39\"> </a></td><td>ประชากรต่างด้าวอื่น ๆ ที่เข้าเมืองผิดกฎหมาย</td></tr></table></div>"},"url":"https://terms.sil-th.org/CodeSystem/cs-thcc-foreigner-type","version":"0.1.0","name":"CS_THCC_ForeignerType","title":"รหัสความเป็นคนต่างด้าว","status":"active","date":"2022-08-16T00:23:13+07:00","description":"รหัสความเป็นคนต่างด้าว จาก THCC ซึ่งใช้ในโครงสร้างข้อมูล 43 แฟ้ม","jurisdiction":[{"coding":[{"system":"urn:iso:std:iso:3166","code":"TH"}]}],"content":"complete","count":30,"concept":[{"code":"01","display":"ต่างด้าว(บุคคลที่มีปัญหาสถานะและสิทธิ)ที่ขึ้นทะเบียนกับกระทรวงมหาดไทย ในกลุ่มนักเรียนในสถานศึกษาที่รับสวัสดิการจากรัฐบาลด้านการศึกษา ประเภททะเบียนราษฎร์ ท.ร.38 ก และมีเลขประจำตัวประชาชนที่ขึ้นต้นด้วยเลข 0"},{"code":"02","display":"ต่างด้าว(บุคคลที่มีปัญหาสถานะและสิทธิ)ที่ขึ้นทะเบียนกับกระทรวงมหาดไทย ในกลุ่มคนไร้รากเหง้า (กลุ่มบุคคลที่ขาดบุพการีหรือบุพการีทอดทิ้งซึ่งอยู่นอกสถานรับเลี้ยงของรัฐ) และมีเอกสารแบบพิมพ์ประวัติ ที่ไม่มีสถานะทางทะเบียนราษฎร์ ( ท.ร.38 ก.) มีเลขประจำตัวประชาชนที่ขึ้นต้นด้วยเลข 0"},{"code":"03","display":"ต่างด้าว(บุคคลที่มีปัญหาสถานะและสิทธิ)ที่ขึ้นทะเบียนกับกระทรวงมหาดไทย ในกลุ่มคนที่มีคุณประโยชน์แก่ประเทศ ประเภททะเบียนราษฎร์ ท.ร.38 ก และมีเลขประจำตัวประชาชนที่ขึ้นต้นด้วยเลข 0"},{"code":"11","display":"ต่างด้าว(บุคคลที่มีปัญหาสถานะและสิทธิ)ที่เข้าเมืองโดยชอบด้วยกฎหมายในลักษณะชั่วคราว(ม.12,13,34,35 พ.ร.บ.คนเข้าเมือง พ.ศ. 2522) และคนต่างด้าวที่เข้าเมืองโดยไม่ชอบด้วยกฎหมาย(ม.17 พ.ร.บ.คนเข้าเมือง พ.ศ. 2522) ประเภททะเบียนราษฎร์ ท.ร. 13 มีเลข 13 หลัก และมีเลขประจำตัวประชาชนที่ขึ้นต้นด้วยเลข 6"},{"code":"12","display":"ต่างด้าวที่ขึ้นทะเบียนกับกระทรวงแรงงานเพื่อขอทำงาน ที่มีรหัสที่ขึ้นต้นด้วยเลข 0 และได้ Work permitted (ใบขออนุญาตทำงาน)"},{"code":"13","display":"ต่างด้าวที่ขึ้นทะเบียนกับกระทรวงมหาดไทย และที่มีรหัสที่ขึ้นต้นด้วยเลข 0 แต่ไม่รวมอยู่ในรหัส 01 ,02 และ 03"},{"code":"14","display":"ต่างด้าวที่ขออนุญาตทำงานถูกต้องตามกฎหมายกับกระทรวงแรงงาน โดยมี Passport/Visa เป็นหลักฐานในการขออนุญาต"},{"code":"15","display":"ต่างด้าว(บุคคลที่มีปัญหาสถานะและสิทธิ)ที่เข้าเมืองชอบด้วยกฎหมาย ได้สิทธิอาศัยถาวร (พ.ร.บ. คนเข้าเมือง พ.ศ. 2552) ประเภททะเบียนราษฎร์ท.ร.14 มีเลขประจำตัวประชาชนที่ขึ้นต้นด้วยเลข 3 และ 4 และไม่ใช่สัญชาติไทย"},{"code":"16","display":"ต่างด้าว(บุคคลที่มีปัญหาสถานะและสิทธิ)ที่เข้าเมืองโดยชอบด้วยกฎหมาย มีสิทธิอาศัยถาวรเพิ่มชื่อในทะเบียน ก่อน 22 มีนาคม 2535 มีเลขประจำตัวประชาชนที่ขึ้นต้นด้วยเลข 5 และไม่ใช่สัญชาติไทย"},{"code":"17","display":"ต่างด้าว(บุคคลที่มีปัญหาสถานะและสิทธิ)ที่เข้าเมืองโดยชอบด้วยกฎหมาย มีสิทธิอาศัยถาวรเพิ่มชื่อในทะเบียน หลัง 22 มีนาคม 2535 มีเลขประจำตัวประชาชนที่ขึ้นต้นด้วยเลข 8 และไม่ใช่สัญชาติไทย"},{"code":"18","display":"บุตรคนต่างด้าว(บุคคลที่มีปัญหาสถานะและสิทธิ)ที่เข้าเมืองโดยชอบด้วยกฎหมายในลักษณะชั่วคราวที่เกิดในประเทศไทย(ม.12,13,34,35 พ.ร.บ.คนเข้าเมือง พ.ศ. 2522) และบุตรคนต่างด้าวที่เข้าเมืองโดยไม่ชอบด้วยกฎหมายที่เกิดในประเทศไทย(ม.17 พ.ร.บ.คนเข้าเมือง พ.ศ. 2522) ประเภททะเบียนราษฎร์ ท.ร. 13 มีเลข 13 หลัก และมีเลขประจำตัวประชาชนที่ขึ้นต้นด้วยเลข 7"},{"code":"21","display":"ต่างด้าวที่อพยพและอยู่ในค่าย/ศูนย์พักพิง"},{"code":"22","display":"ต่างด้าวที่เป็นผู้ติดตามของรหัส 11 ,12 ,15,16,17 ข้างต้น ได้แก่ สามี/ภรรยา/บุตร/ญาติ"},{"code":"23","display":"หมายถึงกลุ่มอื่นๆ"},{"code":"24","display":"ประชากรต่างด้าวที่เป็นแรงงานเข้าเมืองโดยไม่ถูกต้องตามกฎหมาย"},{"code":"25","display":"ประชากรต่างด้าวที่เป็นแรงงานไปเช้าเย็นกลับหรืออยู่ตามฤดูกาล"},{"code":"26","display":"ประชากรต่างด้าวที่มาทำงานในองค์กรอิสระระหว่างประเทศที่เข้าเมืองโดยถูกต้องตามกฎหมาย"},{"code":"27","display":"ประชากรต่างด้าวที่เป็นเจ้าของกิจการในประเทศไทยและเข้าเมืองโดยถูกต้องตามกฏหมาย"},{"code":"28","display":"ประชากรต่างด้าวที่เป็นเด็กนักเรียนมาศึกษาในประเทศไทยแบบไปเช้ากลับเย็น"},{"code":"29","display":"ประชากรต่างด้าวที่เป็นเด็กนักเรียน/นักศึกษา/นักเรียนโครงการแลกเปลี่ยนที่เข้ามาศึกษา หรือนักเรียน/นักศึกษา/ประชาชนที่มาศึกษาดูงานในประเทศไทย"},{"code":"30","display":"ประชากรต่างด้าวที่เป็นนักท่องเที่ยวเข้าเมืองโดยถูกต้องตามกฎหมาย"},{"code":"31","display":"ประชากรต่างด้าวที่เข้ามาเผยแพร่ศาสนา หรือเข้ามาอยู่ในศาสนาต่าง ๆ ในประเทศไทยและเข้าเมืองถูกต้องตามกฎหมาย"},{"code":"32","display":"ประชากรต่างด้าวที่เข้ามาเผยแพร่ศาสนา หรือเข้ามาอยู่ในศาสนาต่าง ๆ ในประเทศไทยและเข้าเมืองไม่ถูกต้องตามกฎหมาย"},{"code":"33","display":"ประชากรต่างด้าวที่ลี้ภัยทางการเมืองที่เข้าเมืองโดยถูกต้องตามกฎหมาย"},{"code":"34","display":"ประชากรต่างด้าวที่ลี้ภัยทางการเมืองที่เข้าเมืองโดยไม่ถูกต้องตามกฎหมาย"},{"code":"35","display":"ประชากรต่างด้าวที่เป็นผู้มีปัญหาด้านกฎหมายและ/หรือหลบหนีเข้าเมืองโดยไม่ถูกต้องตามกฎหมาย"},{"code":"36","display":"ประชากรต่างด้าวที่มารับบริการด้านการแพทย์และสาธารณสุขกรณีไปเช้ากลับเย็น"},{"code":"37","display":"ประชากรต่างด้าวที่มารับบริการด้านการแพทย์และสาธารณสุขกรณีอาศัยอยู่ในประเทศไทยระยะเวลาหนึ่ง"},{"code":"38","display":"ประชากรต่างด้าวที่เป็นผู้ติดตามแรงงานต่างด้าว"},{"code":"39","display":"ประชากรต่างด้าวอื่น ๆ ที่เข้าเมืองผิดกฎหมาย"}]}