{"resourceType":"CodeSystem","id":"cs-qn-home","text":{"status":"generated","div":"<div xmlns=\"http://www.w3.org/1999/xhtml\"><p>This code system http://terms.sil-th.org/CodeSystem/cs-qn-home defines the following codes:</p><table class=\"codes\"><tr><td style=\"white-space:nowrap\"><b>Code</b></td><td><b>Display</b></td></tr><tr><td style=\"white-space:nowrap\">Q01-0<a name=\"cs-qn-home-Q01-0\"> </a></td><td>ไม่มี</td></tr><tr><td style=\"white-space:nowrap\">Q01-1<a name=\"cs-qn-home-Q01-1\"> </a></td><td>มี ส้วมนั่งราบ บำบัดด้วยบ่อเกรอะ</td></tr><tr><td style=\"white-space:nowrap\">Q01-2<a name=\"cs-qn-home-Q01-2\"> </a></td><td>มี ส้วมนั่งยอง บำบัดด้วยบ่อเกรอะ</td></tr><tr><td style=\"white-space:nowrap\">Q01-3<a name=\"cs-qn-home-Q01-3\"> </a></td><td>มี ส้วมนั่งราบ บำบัดด้วยถังสำเร็จรูป</td></tr><tr><td style=\"white-space:nowrap\">Q01-4<a name=\"cs-qn-home-Q01-4\"> </a></td><td>มี ส้วมนั่งยอง บำบัดด้วยถังสำเร็จรูป</td></tr><tr><td style=\"white-space:nowrap\">Q01-9<a name=\"cs-qn-home-Q01-9\"> </a></td><td>ไม่ทราบ</td></tr><tr><td style=\"white-space:nowrap\">Q02-0<a name=\"cs-qn-home-Q02-0\"> </a></td><td>ไม่เพียงพอ</td></tr><tr><td style=\"white-space:nowrap\">Q02-1<a name=\"cs-qn-home-Q02-1\"> </a></td><td>เพียงพอ</td></tr><tr><td style=\"white-space:nowrap\">Q02-9<a name=\"cs-qn-home-Q02-9\"> </a></td><td>ไม่ทราบ</td></tr><tr><td style=\"white-space:nowrap\">Q03.1-0<a name=\"cs-qn-home-Q03.461-0\"> </a></td><td>ไม่เพียงพอ</td></tr><tr><td style=\"white-space:nowrap\">Q03.1-1<a name=\"cs-qn-home-Q03.461-1\"> </a></td><td>เพียงพอ</td></tr><tr><td style=\"white-space:nowrap\">Q03.1-9<a name=\"cs-qn-home-Q03.461-9\"> </a></td><td>ไม่ทราบ</td></tr><tr><td style=\"white-space:nowrap\">Q04-1<a name=\"cs-qn-home-Q04-1\"> </a></td><td>น้ำฝน</td></tr><tr><td style=\"white-space:nowrap\">Q04-2<a name=\"cs-qn-home-Q04-2\"> </a></td><td>น้ำประปา</td></tr><tr><td style=\"white-space:nowrap\">Q04-3<a name=\"cs-qn-home-Q04-3\"> </a></td><td>น้ำบาดาล</td></tr><tr><td style=\"white-space:nowrap\">Q04-4<a name=\"cs-qn-home-Q04-4\"> </a></td><td>บ่อน้ำตื้น</td></tr><tr><td style=\"white-space:nowrap\">Q04-5<a name=\"cs-qn-home-Q04-5\"> </a></td><td>สระน้ำ แม่น้ำ</td></tr><tr><td style=\"white-space:nowrap\">Q04-6<a name=\"cs-qn-home-Q04-6\"> </a></td><td>น้ำบรรจุเสร็จ</td></tr><tr><td style=\"white-space:nowrap\">Q04-7<a name=\"cs-qn-home-Q04-7\"> </a></td><td>น้ำตู้หยอดเหรียญ</td></tr><tr><td style=\"white-space:nowrap\">Q04-9<a name=\"cs-qn-home-Q04-9\"> </a></td><td>ไม่ทราบ</td></tr><tr><td style=\"white-space:nowrap\">Q05-1<a name=\"cs-qn-home-Q05-1\"> </a></td><td>กำจัดเองโดยการฝัง</td></tr><tr><td style=\"white-space:nowrap\">Q05-2<a name=\"cs-qn-home-Q05-2\"> </a></td><td>กำจัดเองโดยการเผา</td></tr><tr><td style=\"white-space:nowrap\">Q05-3<a name=\"cs-qn-home-Q05-3\"> </a></td><td>กำจัดเองโดยการหมักทำปุ๋ย</td></tr><tr><td style=\"white-space:nowrap\">Q05-4<a name=\"cs-qn-home-Q05-4\"> </a></td><td>กองทิ้ง</td></tr><tr><td style=\"white-space:nowrap\">Q05-5<a name=\"cs-qn-home-Q05-5\"> </a></td><td>ท้องถิ่นให้บริการ</td></tr><tr><td style=\"white-space:nowrap\">Q05-9<a name=\"cs-qn-home-Q05-9\"> </a></td><td>ไม่ทราบ</td></tr><tr><td style=\"white-space:nowrap\">Q06-0<a name=\"cs-qn-home-Q06-0\"> </a></td><td>ไม่ถูก</td></tr><tr><td style=\"white-space:nowrap\">Q06-1<a name=\"cs-qn-home-Q06-1\"> </a></td><td>ถูก</td></tr><tr><td style=\"white-space:nowrap\">Q06-9<a name=\"cs-qn-home-Q06-9\"> </a></td><td>ไม่ทราบ</td></tr><tr><td style=\"white-space:nowrap\">Q07-0<a name=\"cs-qn-home-Q07-0\"> </a></td><td>ไม่คงทน</td></tr><tr><td style=\"white-space:nowrap\">Q07-1<a name=\"cs-qn-home-Q07-1\"> </a></td><td>คงทน 1-4 ปี</td></tr><tr><td style=\"white-space:nowrap\">Q07-2<a name=\"cs-qn-home-Q07-2\"> </a></td><td>คงทน 5 ปี ขึ้นไป</td></tr><tr><td style=\"white-space:nowrap\">Q07-9<a name=\"cs-qn-home-Q07-9\"> </a></td><td>ไม่ทราบ</td></tr><tr><td style=\"white-space:nowrap\">Q08-0<a name=\"cs-qn-home-Q08-0\"> </a></td><td>ไม่สะอาด</td></tr><tr><td style=\"white-space:nowrap\">Q08-1<a name=\"cs-qn-home-Q08-1\"> </a></td><td>สะอาด</td></tr><tr><td style=\"white-space:nowrap\">Q08-9<a name=\"cs-qn-home-Q08-9\"> </a></td><td>ไม่ทราบ</td></tr><tr><td style=\"white-space:nowrap\">Q09-0<a name=\"cs-qn-home-Q09-0\"> </a></td><td>ไม่ระบาย</td></tr><tr><td style=\"white-space:nowrap\">Q09-1<a name=\"cs-qn-home-Q09-1\"> </a></td><td>ระบาย</td></tr><tr><td style=\"white-space:nowrap\">Q09-9<a name=\"cs-qn-home-Q09-9\"> </a></td><td>ไม่ทราบ</td></tr><tr><td style=\"white-space:nowrap\">Q10-0<a name=\"cs-qn-home-Q10-0\"> </a></td><td>ไม่เพียงพอ</td></tr><tr><td style=\"white-space:nowrap\">Q10-1<a name=\"cs-qn-home-Q10-1\"> </a></td><td>เพียงพอ</td></tr><tr><td style=\"white-space:nowrap\">Q10-9<a name=\"cs-qn-home-Q10-9\"> </a></td><td>ไม่ทราบ</td></tr><tr><td style=\"white-space:nowrap\">Q11-0<a name=\"cs-qn-home-Q11-0\"> </a></td><td>ไม่บำบัด/กำจัด</td></tr><tr><td style=\"white-space:nowrap\">Q11-1<a name=\"cs-qn-home-Q11-1\"> </a></td><td>ลงบ่อซึม</td></tr><tr><td style=\"white-space:nowrap\">Q11-2<a name=\"cs-qn-home-Q11-2\"> </a></td><td>ลงบ่อเกรอะ</td></tr><tr><td style=\"white-space:nowrap\">Q11-3<a name=\"cs-qn-home-Q11-3\"> </a></td><td>ลงระบบบำบัดน้ำเสียรวม</td></tr><tr><td style=\"white-space:nowrap\">Q11-9<a name=\"cs-qn-home-Q11-9\"> </a></td><td>ไม่ทราบ</td></tr><tr><td style=\"white-space:nowrap\">Q12-0<a name=\"cs-qn-home-Q12-0\"> </a></td><td>ไม่ใช้</td></tr><tr><td style=\"white-space:nowrap\">Q12-1<a name=\"cs-qn-home-Q12-1\"> </a></td><td>ใช้</td></tr><tr><td style=\"white-space:nowrap\">Q12-9<a name=\"cs-qn-home-Q12-9\"> </a></td><td>ไม่ทราบ</td></tr><tr><td style=\"white-space:nowrap\">Q13-0<a name=\"cs-qn-home-Q13-0\"> </a></td><td>ไม่ควบคุม</td></tr><tr><td style=\"white-space:nowrap\">Q13-1<a name=\"cs-qn-home-Q13-1\"> </a></td><td>ควบคุม</td></tr><tr><td style=\"white-space:nowrap\">Q13-9<a name=\"cs-qn-home-Q13-9\"> </a></td><td>ไม่ทราบ</td></tr><tr><td style=\"white-space:nowrap\">Q14.1-0<a name=\"cs-qn-home-Q14.461-0\"> </a></td><td>ไม่ควบคุม</td></tr><tr><td style=\"white-space:nowrap\">Q14.1-1<a name=\"cs-qn-home-Q14.461-1\"> </a></td><td>ควบคุม</td></tr><tr><td style=\"white-space:nowrap\">Q14.1-9<a name=\"cs-qn-home-Q14.461-9\"> </a></td><td>ไม่ทราบ</td></tr><tr><td style=\"white-space:nowrap\">Q14.2-0<a name=\"cs-qn-home-Q14.462-0\"> </a></td><td>ไม่มี</td></tr><tr><td style=\"white-space:nowrap\">Q14.2-1<a name=\"cs-qn-home-Q14.462-1\"> </a></td><td>มี</td></tr><tr><td style=\"white-space:nowrap\">Q14.2-9<a name=\"cs-qn-home-Q14.462-9\"> </a></td><td>ไม่ทราบ</td></tr><tr><td style=\"white-space:nowrap\">Q14.3-0<a name=\"cs-qn-home-Q14.463-0\"> </a></td><td>ไม่มี</td></tr><tr><td style=\"white-space:nowrap\">Q14.3-1<a name=\"cs-qn-home-Q14.463-1\"> </a></td><td>มี</td></tr><tr><td style=\"white-space:nowrap\">Q14.3-9<a name=\"cs-qn-home-Q14.463-9\"> </a></td><td>ไม่ทราบ</td></tr><tr><td style=\"white-space:nowrap\">Q14.4-0<a name=\"cs-qn-home-Q14.464-0\"> </a></td><td>ไม่มี</td></tr><tr><td style=\"white-space:nowrap\">Q14.4-1<a name=\"cs-qn-home-Q14.464-1\"> </a></td><td>มี</td></tr><tr><td style=\"white-space:nowrap\">Q14.4-9<a name=\"cs-qn-home-Q14.464-9\"> </a></td><td>ไม่ทราบ</td></tr><tr><td style=\"white-space:nowrap\">Q14.5-0<a name=\"cs-qn-home-Q14.465-0\"> </a></td><td>ไม่มี</td></tr><tr><td style=\"white-space:nowrap\">Q14.5-1<a name=\"cs-qn-home-Q14.465-1\"> </a></td><td>มี</td></tr><tr><td style=\"white-space:nowrap\">Q14.5-9<a name=\"cs-qn-home-Q14.465-9\"> </a></td><td>ไม่ทราบ</td></tr><tr><td style=\"white-space:nowrap\">Q15-0<a name=\"cs-qn-home-Q15-0\"> </a></td><td>ไม่มีการจัดเก็บ</td></tr><tr><td style=\"white-space:nowrap\">Q15-1<a name=\"cs-qn-home-Q15-1\"> </a></td><td>เก็บในตู้มิดชิด</td></tr><tr><td style=\"white-space:nowrap\">Q15-2<a name=\"cs-qn-home-Q15-2\"> </a></td><td>เก็บใส่ในภาชนะอื่นๆ</td></tr><tr><td style=\"white-space:nowrap\">Q15-9<a name=\"cs-qn-home-Q15-9\"> </a></td><td>ไม่ทราบ</td></tr><tr><td style=\"white-space:nowrap\">Q16-0<a name=\"cs-qn-home-Q16-0\"> </a></td><td>เลี้ยง</td></tr><tr><td style=\"white-space:nowrap\">Q16-1<a name=\"cs-qn-home-Q16-1\"> </a></td><td>ไม่เลี้ยง</td></tr><tr><td style=\"white-space:nowrap\">Q16-9<a name=\"cs-qn-home-Q16-9\"> </a></td><td>ไม่ทราบ</td></tr><tr><td style=\"white-space:nowrap\">Q17-0<a name=\"cs-qn-home-Q17-0\"> </a></td><td>มี</td></tr><tr><td style=\"white-space:nowrap\">Q17-1<a name=\"cs-qn-home-Q17-1\"> </a></td><td>ไม่มี</td></tr><tr><td style=\"white-space:nowrap\">Q17-9<a name=\"cs-qn-home-Q17-9\"> </a></td><td>ไม่ทราบ</td></tr><tr><td style=\"white-space:nowrap\">Q18-0<a name=\"cs-qn-home-Q18-0\"> </a></td><td>มี</td></tr><tr><td style=\"white-space:nowrap\">Q18-1<a name=\"cs-qn-home-Q18-1\"> </a></td><td>ไม่มี</td></tr><tr><td style=\"white-space:nowrap\">Q18-9<a name=\"cs-qn-home-Q18-9\"> </a></td><td>ไม่ทราบ</td></tr><tr><td style=\"white-space:nowrap\">Q19-0<a name=\"cs-qn-home-Q19-0\"> </a></td><td>สะอาด</td></tr><tr><td style=\"white-space:nowrap\">Q19-1<a name=\"cs-qn-home-Q19-1\"> </a></td><td>ไม่สะอาด</td></tr><tr><td style=\"white-space:nowrap\">Q19-9<a name=\"cs-qn-home-Q19-9\"> </a></td><td>ไม่ทราบ</td></tr><tr><td style=\"white-space:nowrap\">Q20.1-0<a name=\"cs-qn-home-Q20.461-0\"> </a></td><td>ถูกหลัก</td></tr><tr><td style=\"white-space:nowrap\">Q20.1-1<a name=\"cs-qn-home-Q20.461-1\"> </a></td><td>ไม่ถูกหลัก</td></tr><tr><td style=\"white-space:nowrap\">Q20.1-9<a name=\"cs-qn-home-Q20.461-9\"> </a></td><td>ไม่ทราบ</td></tr><tr><td style=\"white-space:nowrap\">Q20.2-0<a name=\"cs-qn-home-Q20.462-0\"> </a></td><td>ถูกหลัก</td></tr><tr><td style=\"white-space:nowrap\">Q20.2-1<a name=\"cs-qn-home-Q20.462-1\"> </a></td><td>ไม่ถูกหลัก</td></tr><tr><td style=\"white-space:nowrap\">Q20.2-9<a name=\"cs-qn-home-Q20.462-9\"> </a></td><td>ไม่ทราบ</td></tr><tr><td style=\"white-space:nowrap\">Q20.3-0<a name=\"cs-qn-home-Q20.463-0\"> </a></td><td>ถูกหลัก</td></tr><tr><td style=\"white-space:nowrap\">Q20.3-1<a name=\"cs-qn-home-Q20.463-1\"> </a></td><td>ไม่ถูกหลัก</td></tr><tr><td style=\"white-space:nowrap\">Q20.3-9<a name=\"cs-qn-home-Q20.463-9\"> </a></td><td>ไม่ทราบ</td></tr><tr><td style=\"white-space:nowrap\">Q20.4-0<a name=\"cs-qn-home-Q20.464-0\"> </a></td><td>มีถูกหลัก</td></tr><tr><td style=\"white-space:nowrap\">Q20.4-1<a name=\"cs-qn-home-Q20.464-1\"> </a></td><td>ไม่ถูกหลัก</td></tr><tr><td style=\"white-space:nowrap\">Q20.4-9<a name=\"cs-qn-home-Q20.464-9\"> </a></td><td>ไม่ทราบ</td></tr><tr><td style=\"white-space:nowrap\">Q20.5-0<a name=\"cs-qn-home-Q20.465-0\"> </a></td><td>ถูกหลัก</td></tr><tr><td style=\"white-space:nowrap\">Q20.5-1<a name=\"cs-qn-home-Q20.465-1\"> </a></td><td>ไม่ถูกหลัก</td></tr><tr><td style=\"white-space:nowrap\">Q20.5-9<a name=\"cs-qn-home-Q20.465-9\"> </a></td><td>ไม่ทราบ</td></tr><tr><td style=\"white-space:nowrap\">Q20.6-0<a name=\"cs-qn-home-Q20.466-0\"> </a></td><td>ถูกหลัก</td></tr><tr><td style=\"white-space:nowrap\">Q20.6-1<a name=\"cs-qn-home-Q20.466-1\"> </a></td><td>ไม่ถูกหลัก</td></tr><tr><td style=\"white-space:nowrap\">Q20.6-9<a name=\"cs-qn-home-Q20.466-9\"> </a></td><td>ไม่ทราบ</td></tr><tr><td style=\"white-space:nowrap\">Q20.7-0<a name=\"cs-qn-home-Q20.467-0\"> </a></td><td>มีถูกหลัก</td></tr><tr><td style=\"white-space:nowrap\">Q20.7-1<a name=\"cs-qn-home-Q20.467-1\"> </a></td><td>ไม่ถูกหลัก</td></tr><tr><td style=\"white-space:nowrap\">Q20.7-9<a name=\"cs-qn-home-Q20.467-9\"> </a></td><td>ไม่ทราบ</td></tr><tr><td style=\"white-space:nowrap\">Q20.8-0<a name=\"cs-qn-home-Q20.468-0\"> </a></td><td>มีถูกหลัก</td></tr><tr><td style=\"white-space:nowrap\">Q20.8-1<a name=\"cs-qn-home-Q20.468-1\"> </a></td><td>ไม่ถูกหลัก</td></tr><tr><td style=\"white-space:nowrap\">Q20.8-9<a name=\"cs-qn-home-Q20.468-9\"> </a></td><td>ไม่ทราบ</td></tr><tr><td style=\"white-space:nowrap\">Q20.9-0<a name=\"cs-qn-home-Q20.469-0\"> </a></td><td>ถูกหลัก</td></tr><tr><td style=\"white-space:nowrap\">Q20.9-1<a name=\"cs-qn-home-Q20.469-1\"> </a></td><td>ไม่ถูกหลัก</td></tr><tr><td style=\"white-space:nowrap\">Q20.9-9<a name=\"cs-qn-home-Q20.469-9\"> </a></td><td>ไม่ทราบ</td></tr><tr><td style=\"white-space:nowrap\">Q20.10-0<a name=\"cs-qn-home-Q20.4610-0\"> </a></td><td>ใช้</td></tr><tr><td style=\"white-space:nowrap\">Q20.10-1<a name=\"cs-qn-home-Q20.4610-1\"> </a></td><td>ไม่ใช้</td></tr><tr><td style=\"white-space:nowrap\">Q20.10-9<a name=\"cs-qn-home-Q20.4610-9\"> </a></td><td>ไม่ทราบ</td></tr><tr><td style=\"white-space:nowrap\">Q20.11-0<a name=\"cs-qn-home-Q20.4611-0\"> </a></td><td>ใช้</td></tr><tr><td style=\"white-space:nowrap\">Q20.11-1<a name=\"cs-qn-home-Q20.4611-1\"> </a></td><td>ไม่ใช้</td></tr><tr><td style=\"white-space:nowrap\">Q20.11-9<a name=\"cs-qn-home-Q20.4611-9\"> </a></td><td>ไม่ทราบ</td></tr><tr><td style=\"white-space:nowrap\">Q20.12-0<a name=\"cs-qn-home-Q20.4612-0\"> </a></td><td>ใช้</td></tr><tr><td style=\"white-space:nowrap\">Q20.12-1<a name=\"cs-qn-home-Q20.4612-1\"> </a></td><td>ไม่ใช้</td></tr><tr><td style=\"white-space:nowrap\">Q20.12-9<a name=\"cs-qn-home-Q20.4612-9\"> </a></td><td>ไม่ทราบ</td></tr><tr><td style=\"white-space:nowrap\">Q20.13-0<a name=\"cs-qn-home-Q20.4613-0\"> </a></td><td>ไม่มี</td></tr><tr><td style=\"white-space:nowrap\">Q20.13-1<a name=\"cs-qn-home-Q20.4613-1\"> </a></td><td>มี ไม่ใช้</td></tr><tr><td style=\"white-space:nowrap\">Q20.13-2<a name=\"cs-qn-home-Q20.4613-2\"> </a></td><td>มี และใช้</td></tr><tr><td style=\"white-space:nowrap\">Q20.13-3<a name=\"cs-qn-home-Q20.4613-3\"> </a></td><td>ไม่ทราบ</td></tr><tr><td style=\"white-space:nowrap\">Q20.14-0<a name=\"cs-qn-home-Q20.4614-0\"> </a></td><td>ไม่มี</td></tr><tr><td style=\"white-space:nowrap\">Q20.14-1<a name=\"cs-qn-home-Q20.4614-1\"> </a></td><td>มี ไม่ใช้</td></tr><tr><td style=\"white-space:nowrap\">Q20.14-2<a name=\"cs-qn-home-Q20.4614-2\"> </a></td><td>มี และใช้</td></tr><tr><td style=\"white-space:nowrap\">Q20.14-3<a name=\"cs-qn-home-Q20.4614-3\"> </a></td><td>ไม่ทราบ</td></tr><tr><td style=\"white-space:nowrap\">Q20.15-0<a name=\"cs-qn-home-Q20.4615-0\"> </a></td><td>ไม่มี</td></tr><tr><td style=\"white-space:nowrap\">Q20.15-1<a name=\"cs-qn-home-Q20.4615-1\"> </a></td><td>มี ไม่ใช้</td></tr><tr><td style=\"white-space:nowrap\">Q20.15-2<a name=\"cs-qn-home-Q20.4615-2\"> </a></td><td>มี และใช้</td></tr><tr><td style=\"white-space:nowrap\">Q20.15-3<a name=\"cs-qn-home-Q20.4615-3\"> </a></td><td>ไม่ทราบ</td></tr><tr><td style=\"white-space:nowrap\">Q20.16-0<a name=\"cs-qn-home-Q20.4616-0\"> </a></td><td>ไม่มี</td></tr><tr><td style=\"white-space:nowrap\">Q20.16-1<a name=\"cs-qn-home-Q20.4616-1\"> </a></td><td>มี ไม่ใช้</td></tr><tr><td style=\"white-space:nowrap\">Q20.16-2<a name=\"cs-qn-home-Q20.4616-2\"> </a></td><td>มี และใช้</td></tr><tr><td style=\"white-space:nowrap\">Q20.16-3<a name=\"cs-qn-home-Q20.4616-3\"> </a></td><td>ไม่ทราบ</td></tr><tr><td style=\"white-space:nowrap\">Q20.17-0<a name=\"cs-qn-home-Q20.4617-0\"> </a></td><td>ไม่มี</td></tr><tr><td style=\"white-space:nowrap\">Q20.17-1<a name=\"cs-qn-home-Q20.4617-1\"> </a></td><td>มี ไม่ใช้</td></tr><tr><td style=\"white-space:nowrap\">Q20.17-2<a name=\"cs-qn-home-Q20.4617-2\"> </a></td><td>มี และใช้</td></tr><tr><td style=\"white-space:nowrap\">Q20.17-3<a name=\"cs-qn-home-Q20.4617-3\"> </a></td><td>ไม่ทราบ</td></tr><tr><td style=\"white-space:nowrap\">Q20.18-1<a name=\"cs-qn-home-Q20.4618-1\"> </a></td><td>บ้านเดี่ยว</td></tr><tr><td style=\"white-space:nowrap\">Q20.18-2<a name=\"cs-qn-home-Q20.4618-2\"> </a></td><td>ทาวเฮ้าส์</td></tr><tr><td style=\"white-space:nowrap\">Q20.18-3<a name=\"cs-qn-home-Q20.4618-3\"> </a></td><td>ห้องแถว</td></tr><tr><td style=\"white-space:nowrap\">Q20.18-4<a name=\"cs-qn-home-Q20.4618-4\"> </a></td><td>คอนโด</td></tr><tr><td style=\"white-space:nowrap\">Q20.18-5<a name=\"cs-qn-home-Q20.4618-5\"> </a></td><td>เพิงพัก</td></tr><tr><td style=\"white-space:nowrap\">Q20.18-6<a name=\"cs-qn-home-Q20.4618-6\"> </a></td><td>ชุมชนแออัด</td></tr><tr><td style=\"white-space:nowrap\">Q20.18-7<a name=\"cs-qn-home-Q20.4618-7\"> </a></td><td>เรือนแพ</td></tr><tr><td style=\"white-space:nowrap\">Q20.18-9<a name=\"cs-qn-home-Q20.4618-9\"> </a></td><td>อื่นๆ</td></tr><tr><td style=\"white-space:nowrap\">Q20.18-x<a name=\"cs-qn-home-Q20.4618-x\"> </a></td><td>มีเลขที่บ้าน แต่ไม่มีบ้าน</td></tr><tr><td style=\"white-space:nowrap\">Q20.19-1<a name=\"cs-qn-home-Q20.4619-1\"> </a></td><td>บ้านบนพื้นที่ราบ</td></tr><tr><td style=\"white-space:nowrap\">Q20.19-2<a name=\"cs-qn-home-Q20.4619-2\"> </a></td><td>บ้านบนพื้นที่สูง ภูเขา</td></tr><tr><td style=\"white-space:nowrap\">Q20.19-3<a name=\"cs-qn-home-Q20.4619-3\"> </a></td><td>เรือนแพ</td></tr></table></div>"},"url":"http://terms.sil-th.org/CodeSystem/cs-qn-home","version":"0.1.0","name":"CS_QN_Home","title":"รหัสคำตอบสำหรับตอบแบบสำรวจบ้าน","status":"active","date":"2022-08-16T21:51:46+07:00","description":"รหัสคำตอบสำหรับตอบแบบสำรวจบ้าน ตามโครงสร้างข้อมูล 43 แฟ้ม","jurisdiction":[{"coding":[{"system":"urn:iso:std:iso:3166","code":"TH"}]}],"content":"complete","count":152,"concept":[{"code":"Q01-0","display":"ไม่มี"},{"code":"Q01-1","display":"มี ส้วมนั่งราบ บำบัดด้วยบ่อเกรอะ"},{"code":"Q01-2","display":"มี ส้วมนั่งยอง บำบัดด้วยบ่อเกรอะ"},{"code":"Q01-3","display":"มี ส้วมนั่งราบ บำบัดด้วยถังสำเร็จรูป"},{"code":"Q01-4","display":"มี ส้วมนั่งยอง บำบัดด้วยถังสำเร็จรูป"},{"code":"Q01-9","display":"ไม่ทราบ"},{"code":"Q02-0","display":"ไม่เพียงพอ"},{"code":"Q02-1","display":"เพียงพอ"},{"code":"Q02-9","display":"ไม่ทราบ"},{"code":"Q03.1-0","display":"ไม่เพียงพอ"},{"code":"Q03.1-1","display":"เพียงพอ"},{"code":"Q03.1-9","display":"ไม่ทราบ"},{"code":"Q04-1","display":"น้ำฝน"},{"code":"Q04-2","display":"น้ำประปา"},{"code":"Q04-3","display":"น้ำบาดาล"},{"code":"Q04-4","display":"บ่อน้ำตื้น"},{"code":"Q04-5","display":"สระน้ำ แม่น้ำ"},{"code":"Q04-6","display":"น้ำบรรจุเสร็จ"},{"code":"Q04-7","display":"น้ำตู้หยอดเหรียญ"},{"code":"Q04-9","display":"ไม่ทราบ"},{"code":"Q05-1","display":"กำจัดเองโดยการฝัง"},{"code":"Q05-2","display":"กำจัดเองโดยการเผา"},{"code":"Q05-3","display":"กำจัดเองโดยการหมักทำปุ๋ย"},{"code":"Q05-4","display":"กองทิ้ง"},{"code":"Q05-5","display":"ท้องถิ่นให้บริการ"},{"code":"Q05-9","display":"ไม่ทราบ"},{"code":"Q06-0","display":"ไม่ถูก"},{"code":"Q06-1","display":"ถูก"},{"code":"Q06-9","display":"ไม่ทราบ"},{"code":"Q07-0","display":"ไม่คงทน"},{"code":"Q07-1","display":"คงทน 1-4 ปี"},{"code":"Q07-2","display":"คงทน 5 ปี ขึ้นไป"},{"code":"Q07-9","display":"ไม่ทราบ"},{"code":"Q08-0","display":"ไม่สะอาด"},{"code":"Q08-1","display":"สะอาด"},{"code":"Q08-9","display":"ไม่ทราบ"},{"code":"Q09-0","display":"ไม่ระบาย"},{"code":"Q09-1","display":"ระบาย"},{"code":"Q09-9","display":"ไม่ทราบ"},{"code":"Q10-0","display":"ไม่เพียงพอ"},{"code":"Q10-1","display":"เพียงพอ"},{"code":"Q10-9","display":"ไม่ทราบ"},{"code":"Q11-0","display":"ไม่บำบัด/กำจัด"},{"code":"Q11-1","display":"ลงบ่อซึม"},{"code":"Q11-2","display":"ลงบ่อเกรอะ"},{"code":"Q11-3","display":"ลงระบบบำบัดน้ำเสียรวม"},{"code":"Q11-9","display":"ไม่ทราบ"},{"code":"Q12-0","display":"ไม่ใช้"},{"code":"Q12-1","display":"ใช้"},{"code":"Q12-9","display":"ไม่ทราบ"},{"code":"Q13-0","display":"ไม่ควบคุม"},{"code":"Q13-1","display":"ควบคุม"},{"code":"Q13-9","display":"ไม่ทราบ"},{"code":"Q14.1-0","display":"ไม่ควบคุม"},{"code":"Q14.1-1","display":"ควบคุม"},{"code":"Q14.1-9","display":"ไม่ทราบ"},{"code":"Q14.2-0","display":"ไม่มี"},{"code":"Q14.2-1","display":"มี"},{"code":"Q14.2-9","display":"ไม่ทราบ"},{"code":"Q14.3-0","display":"ไม่มี"},{"code":"Q14.3-1","display":"มี"},{"code":"Q14.3-9","display":"ไม่ทราบ"},{"code":"Q14.4-0","display":"ไม่มี"},{"code":"Q14.4-1","display":"มี"},{"code":"Q14.4-9","display":"ไม่ทราบ"},{"code":"Q14.5-0","display":"ไม่มี"},{"code":"Q14.5-1","display":"มี"},{"code":"Q14.5-9","display":"ไม่ทราบ"},{"code":"Q15-0","display":"ไม่มีการจัดเก็บ"},{"code":"Q15-1","display":"เก็บในตู้มิดชิด"},{"code":"Q15-2","display":"เก็บใส่ในภาชนะอื่นๆ"},{"code":"Q15-9","display":"ไม่ทราบ"},{"code":"Q16-0","display":"เลี้ยง"},{"code":"Q16-1","display":"ไม่เลี้ยง"},{"code":"Q16-9","display":"ไม่ทราบ"},{"code":"Q17-0","display":"มี"},{"code":"Q17-1","display":"ไม่มี"},{"code":"Q17-9","display":"ไม่ทราบ"},{"code":"Q18-0","display":"มี"},{"code":"Q18-1","display":"ไม่มี"},{"code":"Q18-9","display":"ไม่ทราบ"},{"code":"Q19-0","display":"สะอาด"},{"code":"Q19-1","display":"ไม่สะอาด"},{"code":"Q19-9","display":"ไม่ทราบ"},{"code":"Q20.1-0","display":"ถูกหลัก"},{"code":"Q20.1-1","display":"ไม่ถูกหลัก"},{"code":"Q20.1-9","display":"ไม่ทราบ"},{"code":"Q20.2-0","display":"ถูกหลัก"},{"code":"Q20.2-1","display":"ไม่ถูกหลัก"},{"code":"Q20.2-9","display":"ไม่ทราบ"},{"code":"Q20.3-0","display":"ถูกหลัก"},{"code":"Q20.3-1","display":"ไม่ถูกหลัก"},{"code":"Q20.3-9","display":"ไม่ทราบ"},{"code":"Q20.4-0","display":"มีถูกหลัก"},{"code":"Q20.4-1","display":"ไม่ถูกหลัก"},{"code":"Q20.4-9","display":"ไม่ทราบ"},{"code":"Q20.5-0","display":"ถูกหลัก"},{"code":"Q20.5-1","display":"ไม่ถูกหลัก"},{"code":"Q20.5-9","display":"ไม่ทราบ"},{"code":"Q20.6-0","display":"ถูกหลัก"},{"code":"Q20.6-1","display":"ไม่ถูกหลัก"},{"code":"Q20.6-9","display":"ไม่ทราบ"},{"code":"Q20.7-0","display":"มีถูกหลัก"},{"code":"Q20.7-1","display":"ไม่ถูกหลัก"},{"code":"Q20.7-9","display":"ไม่ทราบ"},{"code":"Q20.8-0","display":"มีถูกหลัก"},{"code":"Q20.8-1","display":"ไม่ถูกหลัก"},{"code":"Q20.8-9","display":"ไม่ทราบ"},{"code":"Q20.9-0","display":"ถูกหลัก"},{"code":"Q20.9-1","display":"ไม่ถูกหลัก"},{"code":"Q20.9-9","display":"ไม่ทราบ"},{"code":"Q20.10-0","display":"ใช้"},{"code":"Q20.10-1","display":"ไม่ใช้"},{"code":"Q20.10-9","display":"ไม่ทราบ"},{"code":"Q20.11-0","display":"ใช้"},{"code":"Q20.11-1","display":"ไม่ใช้"},{"code":"Q20.11-9","display":"ไม่ทราบ"},{"code":"Q20.12-0","display":"ใช้"},{"code":"Q20.12-1","display":"ไม่ใช้"},{"code":"Q20.12-9","display":"ไม่ทราบ"},{"code":"Q20.13-0","display":"ไม่มี"},{"code":"Q20.13-1","display":"มี ไม่ใช้"},{"code":"Q20.13-2","display":"มี และใช้"},{"code":"Q20.13-3","display":"ไม่ทราบ"},{"code":"Q20.14-0","display":"ไม่มี"},{"code":"Q20.14-1","display":"มี ไม่ใช้"},{"code":"Q20.14-2","display":"มี และใช้"},{"code":"Q20.14-3","display":"ไม่ทราบ"},{"code":"Q20.15-0","display":"ไม่มี"},{"code":"Q20.15-1","display":"มี ไม่ใช้"},{"code":"Q20.15-2","display":"มี และใช้"},{"code":"Q20.15-3","display":"ไม่ทราบ"},{"code":"Q20.16-0","display":"ไม่มี"},{"code":"Q20.16-1","display":"มี ไม่ใช้"},{"code":"Q20.16-2","display":"มี และใช้"},{"code":"Q20.16-3","display":"ไม่ทราบ"},{"code":"Q20.17-0","display":"ไม่มี"},{"code":"Q20.17-1","display":"มี ไม่ใช้"},{"code":"Q20.17-2","display":"มี และใช้"},{"code":"Q20.17-3","display":"ไม่ทราบ"},{"code":"Q20.18-1","display":"บ้านเดี่ยว"},{"code":"Q20.18-2","display":"ทาวเฮ้าส์"},{"code":"Q20.18-3","display":"ห้องแถว"},{"code":"Q20.18-4","display":"คอนโด"},{"code":"Q20.18-5","display":"เพิงพัก"},{"code":"Q20.18-6","display":"ชุมชนแออัด"},{"code":"Q20.18-7","display":"เรือนแพ"},{"code":"Q20.18-9","display":"อื่นๆ"},{"code":"Q20.18-x","display":"มีเลขที่บ้าน แต่ไม่มีบ้าน"},{"code":"Q20.19-1","display":"บ้านบนพื้นที่ราบ"},{"code":"Q20.19-2","display":"บ้านบนพื้นที่สูง ภูเขา"},{"code":"Q20.19-3","display":"เรือนแพ"}]}