{"resourceType":"CodeSystem","id":"cs-thcc-status-in-village","text":{"status":"generated","div":"<div xmlns=\"http://www.w3.org/1999/xhtml\"><p>This code system https://terms.sil-th.org/CodeSystem/cs-thcc-status-in-village defines the following codes:</p><table class=\"codes\"><tr><td style=\"white-space:nowrap\"><b>Code</b></td><td><b>Display</b></td></tr><tr><td style=\"white-space:nowrap\">1<a name=\"cs-thcc-status-in-village-1\"> </a></td><td>กำนัน ผู้ใหญ่บ้าน</td></tr><tr><td style=\"white-space:nowrap\">2<a name=\"cs-thcc-status-in-village-2\"> </a></td><td>อสม.</td></tr><tr><td style=\"white-space:nowrap\">3<a name=\"cs-thcc-status-in-village-3\"> </a></td><td>แพทย์ประจำตำบล</td></tr><tr><td style=\"white-space:nowrap\">4<a name=\"cs-thcc-status-in-village-4\"> </a></td><td>สมาชิกอบต. / เทศบาล</td></tr><tr><td style=\"white-space:nowrap\">5<a name=\"cs-thcc-status-in-village-5\"> </a></td><td>อื่นๆ</td></tr></table></div>"},"url":"https://terms.sil-th.org/CodeSystem/cs-thcc-status-in-village","version":"0.1.0","name":"CS_THCC_StatusInVillage","title":"สถานะในชุมชน","status":"active","date":"2022-08-14T01:41:38+07:00","description":"ใช้ระบุสถานะในชุมชน ซึ่งใช้ในโครงสร้างข้อมูล 43 แฟ้ม","jurisdiction":[{"coding":[{"system":"urn:iso:std:iso:3166","code":"TH"}]}],"content":"complete","count":5,"concept":[{"code":"1","display":"กำนัน ผู้ใหญ่บ้าน"},{"code":"2","display":"อสม."},{"code":"3","display":"แพทย์ประจำตำบล"},{"code":"4","display":"สมาชิกอบต. / เทศบาล"},{"code":"5","display":"อื่นๆ"}]}