{"resourceType":"CodeSystem","id":"cs-thcc-service-hour","text":{"status":"generated","div":"<div xmlns=\"http://www.w3.org/1999/xhtml\"><p>This code system http://terms.sil-th.org/CodeSystem/cs-thcc-service-hour defines the following codes:</p><table class=\"codes\"><tr><td style=\"white-space:nowrap\"><b>Code</b></td><td><b>Display</b></td></tr><tr><td style=\"white-space:nowrap\">1<a name=\"cs-thcc-service-hour-1\"> </a></td><td>ในเวลาราชการ</td></tr><tr><td style=\"white-space:nowrap\">2<a name=\"cs-thcc-service-hour-2\"> </a></td><td>นอกเวลาราชการ</td></tr></table></div>"},"url":"http://terms.sil-th.org/CodeSystem/cs-thcc-service-hour","version":"0.1.0","name":"CS_THCC_ServiceHour","title":"รหัสเวลามารับบริการ","status":"active","date":"2022-08-17T01:34:31+07:00","description":"รหัสเวลามารับบริการ ตามโครงสร้างข้อมูล 43 แฟ้ม","jurisdiction":[{"coding":[{"system":"urn:iso:std:iso:3166","code":"TH"}]}],"content":"complete","count":2,"concept":[{"code":"1","display":"ในเวลาราชการ"},{"code":"2","display":"นอกเวลาราชการ"}]}