{"resourceType":"CodeSystem","id":"cs-thcc-in-municipality","text":{"status":"generated","div":"<div xmlns=\"http://www.w3.org/1999/xhtml\"><p>This code system https://terms.sil-th.org/CodeSystem/cs-thcc-in-municipality defines the following codes:</p><table class=\"codes\"><tr><td style=\"white-space:nowrap\"><b>Code</b></td><td><b>Display</b></td></tr><tr><td style=\"white-space:nowrap\">1<a name=\"cs-thcc-in-municipality-1\"> </a></td><td>ในเขตเทศบาล</td></tr><tr><td style=\"white-space:nowrap\">2<a name=\"cs-thcc-in-municipality-2\"> </a></td><td>นอกเขตเทศบาล</td></tr></table></div>"},"url":"https://terms.sil-th.org/CodeSystem/cs-thcc-in-municipality","version":"0.1.0","name":"CS_THCC_InMunicipality","title":"รหัสที่ตั้ง","status":"active","date":"2022-08-16T23:36:06+07:00","description":"รหัสที่ตั้ง ใน/นอกเขตเทศบาล จาก THCC ซึ่งใช้ในโครงสร้างข้อมูล 43 แฟ้ม","jurisdiction":[{"coding":[{"system":"urn:iso:std:iso:3166","code":"TH"}]}],"content":"complete","count":2,"concept":[{"code":"1","display":"ในเขตเทศบาล"},{"code":"2","display":"นอกเขตเทศบาล"}]}