{"resourceType":"CodeSystem","id":"cs-thcc-misc-pregnancy-obs","text":{"status":"generated","div":"<div xmlns=\"http://www.w3.org/1999/xhtml\"><p>This code system http://terms.sil-th.org/CodeSystem/cs-thcc-misc-pregnancy-obs defines the following codes:</p><table class=\"codes\"><tr><td style=\"white-space:nowrap\"><b>Code</b></td><td><b>Display</b></td></tr><tr><td style=\"white-space:nowrap\">thalassaemia<a name=\"cs-thcc-misc-pregnancy-obs-thalassaemia\"> </a></td><td>การตรวนคัดกรองโรคทาลัสซีเมีย</td></tr></table></div>"},"url":"http://terms.sil-th.org/CodeSystem/cs-thcc-misc-pregnancy-obs","version":"0.1.0","name":"CS_THCC_MiscPregnancyObs","title":"รหัสการตรวจอื่น ๆ เกี่ยวกับอนามัยแม่และเด็ก","status":"active","date":"2022-08-14T22:14:52+07:00","description":"รหัสการตรวจอื่น ๆ เกี่ยวกับอนามัยแม่และเด็กที่ไม่มี LOINC code เพื่อใช้ประกอบโครงสร้างข้อมูล 43 แฟ้ม","jurisdiction":[{"coding":[{"system":"urn:iso:std:iso:3166","code":"TH"}]}],"content":"complete","count":1,"concept":[{"code":"thalassaemia","display":"การตรวนคัดกรองโรคทาลัสซีเมีย"}]}