{"resourceType":"CodeSystem","id":"cs-thcc-appoint-service-type","text":{"status":"generated","div":"<div xmlns=\"http://www.w3.org/1999/xhtml\"><p>This code system http://terms.sil-th.org/CodeSystem/cs-thcc-appoint-service-type defines the following codes:</p><table class=\"codes\"><tr><td style=\"white-space:nowrap\"><b>Code</b></td><td><b>Display</b></td><td><b>Definition</b></td></tr><tr><td style=\"white-space:nowrap\">010<a name=\"cs-thcc-appoint-service-type-010\"> </a></td><td>BCG</td><td>บีซีจี</td></tr><tr><td style=\"white-space:nowrap\">011<a name=\"cs-thcc-appoint-service-type-011\"> </a></td><td>BCGs</td><td>บีซีจีเอส</td></tr><tr><td style=\"white-space:nowrap\">021<a name=\"cs-thcc-appoint-service-type-021\"> </a></td><td>dTs1</td><td>ดีทีเอส 1</td></tr><tr><td style=\"white-space:nowrap\">022<a name=\"cs-thcc-appoint-service-type-022\"> </a></td><td>dTs2</td><td>ดีทีเอส 2</td></tr><tr><td style=\"white-space:nowrap\">023<a name=\"cs-thcc-appoint-service-type-023\"> </a></td><td>dTs3</td><td>ดีทีเอส 3</td></tr><tr><td style=\"white-space:nowrap\">024<a name=\"cs-thcc-appoint-service-type-024\"> </a></td><td>dTs4</td><td>ดีทีเอส 4</td></tr><tr><td style=\"white-space:nowrap\">031<a name=\"cs-thcc-appoint-service-type-031\"> </a></td><td>DTP1</td><td>ดีทีพี1</td></tr><tr><td style=\"white-space:nowrap\">032<a name=\"cs-thcc-appoint-service-type-032\"> </a></td><td>DTP2</td><td>ดีทีพี2</td></tr><tr><td style=\"white-space:nowrap\">033<a name=\"cs-thcc-appoint-service-type-033\"> </a></td><td>DTP3</td><td>ดีทีพี3</td></tr><tr><td style=\"white-space:nowrap\">034<a name=\"cs-thcc-appoint-service-type-034\"> </a></td><td>DTP4</td><td>ดีทีพี กระตุ้น 1</td></tr><tr><td style=\"white-space:nowrap\">035<a name=\"cs-thcc-appoint-service-type-035\"> </a></td><td>DTP5</td><td>ดีทีพี กระตุ้น 2</td></tr><tr><td style=\"white-space:nowrap\">041<a name=\"cs-thcc-appoint-service-type-041\"> </a></td><td>HBV1</td><td>ตับอักเสบบี 1</td></tr><tr><td style=\"white-space:nowrap\">042<a name=\"cs-thcc-appoint-service-type-042\"> </a></td><td>HBV2</td><td>ตับอักเสบบี 2</td></tr><tr><td style=\"white-space:nowrap\">043<a name=\"cs-thcc-appoint-service-type-043\"> </a></td><td>HBV3</td><td>ตับบอักเสบบี 3</td></tr><tr><td style=\"white-space:nowrap\">051<a name=\"cs-thcc-appoint-service-type-051\"> </a></td><td>JE1</td><td>ไข้สมองอักเสบเจอี 1</td></tr><tr><td style=\"white-space:nowrap\">052<a name=\"cs-thcc-appoint-service-type-052\"> </a></td><td>JE2</td><td>ไข้สมองอักเสบเจอี 2</td></tr><tr><td style=\"white-space:nowrap\">053<a name=\"cs-thcc-appoint-service-type-053\"> </a></td><td>JE3</td><td>ไข้สมองอักเสบเจอี 3</td></tr><tr><td style=\"white-space:nowrap\">061<a name=\"cs-thcc-appoint-service-type-061\"> </a></td><td>MEASLES/MMR</td><td>หัด คางทูม หัดเยอรมัน</td></tr><tr><td style=\"white-space:nowrap\">072<a name=\"cs-thcc-appoint-service-type-072\"> </a></td><td>MMRs</td><td>หัด คางทูม หัดเยอรมัน</td></tr><tr><td style=\"white-space:nowrap\">081<a name=\"cs-thcc-appoint-service-type-081\"> </a></td><td>OPV1</td><td>โอพีวี 1</td></tr><tr><td style=\"white-space:nowrap\">082<a name=\"cs-thcc-appoint-service-type-082\"> </a></td><td>OPV2</td><td>โอพีวี 2</td></tr><tr><td style=\"white-space:nowrap\">083<a name=\"cs-thcc-appoint-service-type-083\"> </a></td><td>OPV3</td><td>โอพีวี 3</td></tr><tr><td style=\"white-space:nowrap\">084<a name=\"cs-thcc-appoint-service-type-084\"> </a></td><td>OPV4</td><td>โอพีวี กระตุ้น 1</td></tr><tr><td style=\"white-space:nowrap\">085<a name=\"cs-thcc-appoint-service-type-085\"> </a></td><td>OPV5</td><td>โอพีวี กระตุ้น 2</td></tr><tr><td style=\"white-space:nowrap\">086<a name=\"cs-thcc-appoint-service-type-086\"> </a></td><td>OPVs1</td><td>โอพีวีเอส 1</td></tr><tr><td style=\"white-space:nowrap\">087<a name=\"cs-thcc-appoint-service-type-087\"> </a></td><td>OPVs2</td><td>โอพีวีเอส2</td></tr><tr><td style=\"white-space:nowrap\">088<a name=\"cs-thcc-appoint-service-type-088\"> </a></td><td>OPVs3</td><td>โอพีวีเอส 3</td></tr><tr><td style=\"white-space:nowrap\">089<a name=\"cs-thcc-appoint-service-type-089\"> </a></td><td>OPVC</td><td>โอพีวีซี</td></tr><tr><td style=\"white-space:nowrap\">201<a name=\"cs-thcc-appoint-service-type-201\"> </a></td><td>dTANC 1</td><td>ดีทีเอเอ็นซี เข็ม 1</td></tr><tr><td style=\"white-space:nowrap\">202<a name=\"cs-thcc-appoint-service-type-202\"> </a></td><td>dTANC 2</td><td>ดีทีเอเอ็นซี เข็ม 2</td></tr><tr><td style=\"white-space:nowrap\">203<a name=\"cs-thcc-appoint-service-type-203\"> </a></td><td>dTANC 3</td><td>ดีทีเอเอ็นซี เข็ม 3</td></tr><tr><td style=\"white-space:nowrap\">204<a name=\"cs-thcc-appoint-service-type-204\"> </a></td><td>dTANC 4</td><td>ดีทีเอเอ็นซีเข็ม 4 กระตุ้น</td></tr><tr><td style=\"white-space:nowrap\">205<a name=\"cs-thcc-appoint-service-type-205\"> </a></td><td>dTANC 5</td><td>ดีทีเอเอ็นซีเข็ม 5 กระตุ้น</td></tr><tr><td style=\"white-space:nowrap\">101<a name=\"cs-thcc-appoint-service-type-101\"> </a></td><td>TT1</td><td>ทีที เข็ม 1</td></tr><tr><td style=\"white-space:nowrap\">102<a name=\"cs-thcc-appoint-service-type-102\"> </a></td><td>TT2</td><td>ทีที เข็ม 2</td></tr><tr><td style=\"white-space:nowrap\">103<a name=\"cs-thcc-appoint-service-type-103\"> </a></td><td>TT3</td><td>ทีที เข็ม 3</td></tr><tr><td style=\"white-space:nowrap\">104<a name=\"cs-thcc-appoint-service-type-104\"> </a></td><td>TT4</td><td>ทีที กระตุ้น</td></tr><tr><td style=\"white-space:nowrap\">105<a name=\"cs-thcc-appoint-service-type-105\"> </a></td><td>TT5</td><td>ทีที กระตุ้น</td></tr><tr><td style=\"white-space:nowrap\">106<a name=\"cs-thcc-appoint-service-type-106\"> </a></td><td>dT1</td><td>ดีที เข็ม 1</td></tr><tr><td style=\"white-space:nowrap\">107<a name=\"cs-thcc-appoint-service-type-107\"> </a></td><td>dT2</td><td>ดีที เข็ม 2</td></tr><tr><td style=\"white-space:nowrap\">108<a name=\"cs-thcc-appoint-service-type-108\"> </a></td><td>dT3</td><td>ดีที เข็ม 3</td></tr><tr><td style=\"white-space:nowrap\">109<a name=\"cs-thcc-appoint-service-type-109\"> </a></td><td>dT4</td><td>ดีที กระตุ้น</td></tr><tr><td style=\"white-space:nowrap\">110<a name=\"cs-thcc-appoint-service-type-110\"> </a></td><td>dT5</td><td>ดีที กระตุ้น</td></tr><tr><td style=\"white-space:nowrap\">091<a name=\"cs-thcc-appoint-service-type-091\"> </a></td><td>DTPHB 1</td><td>ดีทีพีตับเอกเสบบี 1</td></tr><tr><td style=\"white-space:nowrap\">092<a name=\"cs-thcc-appoint-service-type-092\"> </a></td><td>DTPHB 2</td><td>ดีทีพีตับเอกเสบบี 2</td></tr><tr><td style=\"white-space:nowrap\">093<a name=\"cs-thcc-appoint-service-type-093\"> </a></td><td>DTPHB 3</td><td>ดีทีพีตับเอกเสบบี 3</td></tr><tr><td style=\"white-space:nowrap\">111<a name=\"cs-thcc-appoint-service-type-111\"> </a></td><td>Rabies Vaccine 1</td><td>วัคซีนพิษสุนัขบ้า</td></tr><tr><td style=\"white-space:nowrap\">112<a name=\"cs-thcc-appoint-service-type-112\"> </a></td><td>Rabies Vaccine 2</td><td>วัคซีนพิษสุนัขบ้า</td></tr><tr><td style=\"white-space:nowrap\">113<a name=\"cs-thcc-appoint-service-type-113\"> </a></td><td>Rabies Vaccine 3</td><td>วัคซีนพิษสุนัขบ้า</td></tr><tr><td style=\"white-space:nowrap\">114<a name=\"cs-thcc-appoint-service-type-114\"> </a></td><td>Rabies Vaccine 4</td><td>วัคซีนพิษสุนัขบ้า</td></tr><tr><td style=\"white-space:nowrap\">115<a name=\"cs-thcc-appoint-service-type-115\"> </a></td><td>Rabies Vaccine 5</td><td>วัคซีนพิษสุนัขบ้า</td></tr><tr><td style=\"white-space:nowrap\">815<a name=\"cs-thcc-appoint-service-type-815\"> </a></td><td>Flu</td><td>ไข้หวัดใหญ่</td></tr><tr><td style=\"white-space:nowrap\">816<a name=\"cs-thcc-appoint-service-type-816\"> </a></td><td>Need for immunization agains influenza</td><td>ไข้หวัดใหญ่ 2009</td></tr><tr><td style=\"white-space:nowrap\">121<a name=\"cs-thcc-appoint-service-type-121\"> </a></td><td>วางแผนครอบครัว</td><td/></tr><tr><td style=\"white-space:nowrap\">131<a name=\"cs-thcc-appoint-service-type-131\"> </a></td><td>ตรวจครรภ์</td><td/></tr><tr><td style=\"white-space:nowrap\">141<a name=\"cs-thcc-appoint-service-type-141\"> </a></td><td>ตรวจหลังคลอด</td><td/></tr><tr><td style=\"white-space:nowrap\">151<a name=\"cs-thcc-appoint-service-type-151\"> </a></td><td>รับยา</td><td/></tr><tr><td style=\"white-space:nowrap\">161<a name=\"cs-thcc-appoint-service-type-161\"> </a></td><td>ชั่งน้ำหนัก</td><td/></tr><tr><td style=\"white-space:nowrap\">171<a name=\"cs-thcc-appoint-service-type-171\"> </a></td><td>คลอด</td><td/></tr><tr><td style=\"white-space:nowrap\">181<a name=\"cs-thcc-appoint-service-type-181\"> </a></td><td>ฟังผลการรักษา</td><td/></tr></table></div>"},"url":"http://terms.sil-th.org/CodeSystem/cs-thcc-appoint-service-type","version":"0.1.0","name":"CS_THCC_AppointServiceType","title":"รหัสชื่อบริการที่นัดรับ","status":"active","date":"2022-08-17T01:34:31+07:00","description":"รหัสชื่อบริการที่นัดรับ ตามโครงสร้างข้อมูล 43 แฟ้ม","jurisdiction":[{"coding":[{"system":"urn:iso:std:iso:3166","code":"TH"}]}],"content":"complete","count":60,"concept":[{"code":"010","display":"BCG","definition":"บีซีจี"},{"code":"011","display":"BCGs","definition":"บีซีจีเอส"},{"code":"021","display":"dTs1","definition":"ดีทีเอส 1"},{"code":"022","display":"dTs2","definition":"ดีทีเอส 2"},{"code":"023","display":"dTs3","definition":"ดีทีเอส 3"},{"code":"024","display":"dTs4","definition":"ดีทีเอส 4"},{"code":"031","display":"DTP1","definition":"ดีทีพี1"},{"code":"032","display":"DTP2","definition":"ดีทีพี2"},{"code":"033","display":"DTP3","definition":"ดีทีพี3"},{"code":"034","display":"DTP4","definition":"ดีทีพี กระตุ้น 1"},{"code":"035","display":"DTP5","definition":"ดีทีพี กระตุ้น 2"},{"code":"041","display":"HBV1","definition":"ตับอักเสบบี 1"},{"code":"042","display":"HBV2","definition":"ตับอักเสบบี 2"},{"code":"043","display":"HBV3","definition":"ตับบอักเสบบี 3"},{"code":"051","display":"JE1","definition":"ไข้สมองอักเสบเจอี 1"},{"code":"052","display":"JE2","definition":"ไข้สมองอักเสบเจอี 2"},{"code":"053","display":"JE3","definition":"ไข้สมองอักเสบเจอี 3"},{"code":"061","display":"MEASLES/MMR","definition":"หัด คางทูม หัดเยอรมัน"},{"code":"072","display":"MMRs","definition":"หัด คางทูม หัดเยอรมัน"},{"code":"081","display":"OPV1","definition":"โอพีวี 1"},{"code":"082","display":"OPV2","definition":"โอพีวี 2"},{"code":"083","display":"OPV3","definition":"โอพีวี 3"},{"code":"084","display":"OPV4","definition":"โอพีวี กระตุ้น 1"},{"code":"085","display":"OPV5","definition":"โอพีวี กระตุ้น 2"},{"code":"086","display":"OPVs1","definition":"โอพีวีเอส 1"},{"code":"087","display":"OPVs2","definition":"โอพีวีเอส2"},{"code":"088","display":"OPVs3","definition":"โอพีวีเอส 3"},{"code":"089","display":"OPVC","definition":"โอพีวีซี"},{"code":"201","display":"dTANC 1","definition":"ดีทีเอเอ็นซี เข็ม 1"},{"code":"202","display":"dTANC 2","definition":"ดีทีเอเอ็นซี เข็ม 2"},{"code":"203","display":"dTANC 3","definition":"ดีทีเอเอ็นซี เข็ม 3"},{"code":"204","display":"dTANC 4","definition":"ดีทีเอเอ็นซีเข็ม 4 กระตุ้น"},{"code":"205","display":"dTANC 5","definition":"ดีทีเอเอ็นซีเข็ม 5 กระตุ้น"},{"code":"101","display":"TT1","definition":"ทีที เข็ม 1"},{"code":"102","display":"TT2","definition":"ทีที เข็ม 2"},{"code":"103","display":"TT3","definition":"ทีที เข็ม 3"},{"code":"104","display":"TT4","definition":"ทีที กระตุ้น"},{"code":"105","display":"TT5","definition":"ทีที กระตุ้น"},{"code":"106","display":"dT1","definition":"ดีที เข็ม 1"},{"code":"107","display":"dT2","definition":"ดีที เข็ม 2"},{"code":"108","display":"dT3","definition":"ดีที เข็ม 3"},{"code":"109","display":"dT4","definition":"ดีที กระตุ้น"},{"code":"110","display":"dT5","definition":"ดีที กระตุ้น"},{"code":"091","display":"DTPHB 1","definition":"ดีทีพีตับเอกเสบบี 1"},{"code":"092","display":"DTPHB 2","definition":"ดีทีพีตับเอกเสบบี 2"},{"code":"093","display":"DTPHB 3","definition":"ดีทีพีตับเอกเสบบี 3"},{"code":"111","display":"Rabies Vaccine 1","definition":"วัคซีนพิษสุนัขบ้า"},{"code":"112","display":"Rabies Vaccine 2","definition":"วัคซีนพิษสุนัขบ้า"},{"code":"113","display":"Rabies Vaccine 3","definition":"วัคซีนพิษสุนัขบ้า"},{"code":"114","display":"Rabies Vaccine 4","definition":"วัคซีนพิษสุนัขบ้า"},{"code":"115","display":"Rabies Vaccine 5","definition":"วัคซีนพิษสุนัขบ้า"},{"code":"815","display":"Flu","definition":"ไข้หวัดใหญ่"},{"code":"816","display":"Need for immunization agains influenza","definition":"ไข้หวัดใหญ่ 2009"},{"code":"121","display":"วางแผนครอบครัว"},{"code":"131","display":"ตรวจครรภ์"},{"code":"141","display":"ตรวจหลังคลอด"},{"code":"151","display":"รับยา"},{"code":"161","display":"ชั่งน้ำหนัก"},{"code":"171","display":"คลอด"},{"code":"181","display":"ฟังผลการรักษา"}]}