{"resourceType":"CodeSystem","id":"cs-thcc-allergy-severity","text":{"status":"generated","div":"<div xmlns=\"http://www.w3.org/1999/xhtml\"><p>This code system http://terms.sil-th.org/CodeSystem/cs-thcc-allergy-severity defines the following codes:</p><table class=\"codes\"><tr><td style=\"white-space:nowrap\"><b>Code</b></td><td><b>Display</b></td></tr><tr><td style=\"white-space:nowrap\">1<a name=\"cs-thcc-allergy-severity-1\"> </a></td><td>ไม่ร้ายแรง (Non-serious)</td></tr><tr><td style=\"white-space:nowrap\">2<a name=\"cs-thcc-allergy-severity-2\"> </a></td><td>ร้ายแรง - เสียชีวิต (Death)</td></tr><tr><td style=\"white-space:nowrap\">3<a name=\"cs-thcc-allergy-severity-3\"> </a></td><td>ร้ายแรง - อัตรายถึงชีวิต (Life-threatening)</td></tr><tr><td style=\"white-space:nowrap\">4<a name=\"cs-thcc-allergy-severity-4\"> </a></td><td>ร้ายแรง - ต้องเข้ารับการรักษาในโรงพยาบาล (Hospitalization-initial)</td></tr><tr><td style=\"white-space:nowrap\">5<a name=\"cs-thcc-allergy-severity-5\"> </a></td><td>ร้ายแรง - ทำให้เพิ่มระยะเวลาในการรักษานานขึ้น (Hospitalization-prolonged)</td></tr><tr><td style=\"white-space:nowrap\">6<a name=\"cs-thcc-allergy-severity-6\"> </a></td><td>ร้ายแรง - พิการ (Disability)</td></tr><tr><td style=\"white-space:nowrap\">7<a name=\"cs-thcc-allergy-severity-7\"> </a></td><td>ร้ายแรง - เป็นเหตุให้เกิดความผิดปกติแต่กำเนิด (Congenital anomaly)</td></tr><tr><td style=\"white-space:nowrap\">8<a name=\"cs-thcc-allergy-severity-8\"> </a></td><td>ร้ายแรง - อื่นๆ</td></tr></table></div>"},"url":"http://terms.sil-th.org/CodeSystem/cs-thcc-allergy-severity","version":"0.1.0","name":"CS_THCC_AllergySeverity","title":"รหัสระดับความรุนแรงของการแพ้ยา","status":"active","date":"2022-08-16T00:23:13+07:00","description":"รหัสระดับความรุนแรงของการแพ้ยา ซึ่งใช้ในโครงสร้างข้อมูล 43 แฟ้ม","jurisdiction":[{"coding":[{"system":"urn:iso:std:iso:3166","code":"TH"}]}],"content":"complete","count":8,"concept":[{"code":"1","display":"ไม่ร้ายแรง (Non-serious)"},{"code":"2","display":"ร้ายแรง - เสียชีวิต (Death)"},{"code":"3","display":"ร้ายแรง - อัตรายถึงชีวิต (Life-threatening)"},{"code":"4","display":"ร้ายแรง - ต้องเข้ารับการรักษาในโรงพยาบาล (Hospitalization-initial)"},{"code":"5","display":"ร้ายแรง - ทำให้เพิ่มระยะเวลาในการรักษานานขึ้น (Hospitalization-prolonged)"},{"code":"6","display":"ร้ายแรง - พิการ (Disability)"},{"code":"7","display":"ร้ายแรง - เป็นเหตุให้เกิดความผิดปกติแต่กำเนิด (Congenital anomaly)"},{"code":"8","display":"ร้ายแรง - อื่นๆ"}]}