{"resourceType":"CodeSystem","id":"cs-thcc-ncd-retina-exam","text":{"status":"generated","div":"<div xmlns=\"http://www.w3.org/1999/xhtml\"><p>This code system http://terms.sil-th.org/CodeSystem/cs-thcc-ncd-retina-exam defines the following codes:</p><table class=\"codes\"><tr><td style=\"white-space:nowrap\"><b>Code</b></td><td><b>Display</b></td></tr><tr><td style=\"white-space:nowrap\">1<a name=\"cs-thcc-ncd-retina-exam-1\"> </a></td><td>ตรวจ opthalmoscope ผลปกติ</td></tr><tr><td style=\"white-space:nowrap\">2<a name=\"cs-thcc-ncd-retina-exam-2\"> </a></td><td>ตรวจด้วย fundus camera ผลปกติ</td></tr><tr><td style=\"white-space:nowrap\">3<a name=\"cs-thcc-ncd-retina-exam-3\"> </a></td><td>ตรวจ opthalmoscope ผลไม่ปกติ</td></tr><tr><td style=\"white-space:nowrap\">4<a name=\"cs-thcc-ncd-retina-exam-4\"> </a></td><td>ตรวจด้วย fundus camera ผลไม่ปกติ</td></tr><tr><td style=\"white-space:nowrap\">8<a name=\"cs-thcc-ncd-retina-exam-8\"> </a></td><td>ไม่ตรวจ</td></tr><tr><td style=\"white-space:nowrap\">9<a name=\"cs-thcc-ncd-retina-exam-9\"> </a></td><td>ไม่ทราบ</td></tr></table></div>"},"url":"http://terms.sil-th.org/CodeSystem/cs-thcc-ncd-retina-exam","version":"0.1.0","name":"CS_THCC_NcdRetinaExam","title":"รหัสตรวจจอประสาทตา","status":"active","date":"2022-08-17T01:34:31+07:00","description":"รหัสตรวจจอประสาทตา ตามโครงสร้างข้อมูล 43 แฟ้ม","jurisdiction":[{"coding":[{"system":"urn:iso:std:iso:3166","code":"TH"}]}],"content":"complete","count":6,"concept":[{"code":"1","display":"ตรวจ opthalmoscope ผลปกติ"},{"code":"2","display":"ตรวจด้วย fundus camera ผลปกติ"},{"code":"3","display":"ตรวจ opthalmoscope ผลไม่ปกติ"},{"code":"4","display":"ตรวจด้วย fundus camera ผลไม่ปกติ"},{"code":"8","display":"ไม่ตรวจ"},{"code":"9","display":"ไม่ทราบ"}]}