{"resourceType":"CodeSystem","id":"cs-thcc-death-pregnancy","text":{"status":"generated","div":"<div xmlns=\"http://www.w3.org/1999/xhtml\"><p>This code system https://terms.sil-th.org/CodeSystem/cs-thcc-death-pregnancy defines the following codes:</p><table class=\"codes\"><tr><td style=\"white-space:nowrap\"><b>Code</b></td><td><b>Display</b></td></tr><tr><td style=\"white-space:nowrap\">1<a name=\"cs-thcc-death-pregnancy-1\"> </a></td><td>เสียชีวิตระหว่างตั้งครรภ์</td></tr><tr><td style=\"white-space:nowrap\">2<a name=\"cs-thcc-death-pregnancy-2\"> </a></td><td>เสียชีวิตระหว่างคลอดหรือหลังคลอดภายใน 42 วัน</td></tr><tr><td style=\"white-space:nowrap\">3<a name=\"cs-thcc-death-pregnancy-3\"> </a></td><td>ไม่ตั้งครรภ์</td></tr><tr><td style=\"white-space:nowrap\">4<a name=\"cs-thcc-death-pregnancy-4\"> </a></td><td>ผู้ชาย</td></tr><tr><td style=\"white-space:nowrap\">9<a name=\"cs-thcc-death-pregnancy-9\"> </a></td><td>ไม่ทราบ (ตัด 3 4 9 ออก)</td></tr></table></div>"},"url":"https://terms.sil-th.org/CodeSystem/cs-thcc-death-pregnancy","version":"0.1.0","name":"CS_THCC_DeathPregnancy","title":"การเสียชีวิตที่เกี่ยวข้องกับตั้งครรภ์และการคลอด","status":"active","date":"2022-08-15T02:16:31+07:00","description":"การเสียชีวิตที่เกี่ยวข้องกับตั้งครรภ์และการคลอด จาก THCC ซึ่งใช้ในโครงสร้างข้อมูล 43 แฟ้ม","jurisdiction":[{"coding":[{"system":"urn:iso:std:iso:3166","code":"TH"}]}],"content":"complete","count":5,"concept":[{"code":"1","display":"เสียชีวิตระหว่างตั้งครรภ์"},{"code":"2","display":"เสียชีวิตระหว่างคลอดหรือหลังคลอดภายใน 42 วัน"},{"code":"3","display":"ไม่ตั้งครรภ์"},{"code":"4","display":"ผู้ชาย"},{"code":"9","display":"ไม่ทราบ (ตัด 3 4 9 ออก)"}]}