{"resourceType":"CodeSystem","id":"cs-thcc-refer-outcome","text":{"status":"generated","div":"<div xmlns=\"http://www.w3.org/1999/xhtml\"><p>This code system http://terms.sil-th.org/CodeSystem/cs-thcc-refer-outcome defines the following codes:</p><table class=\"codes\"><tr><td style=\"white-space:nowrap\"><b>Code</b></td><td><b>Display</b></td></tr><tr><td style=\"white-space:nowrap\">1<a name=\"cs-thcc-refer-outcome-1\"> </a></td><td>สถานบริการปลายทางรับการส่งต่อผู้ป่วย</td></tr><tr><td style=\"white-space:nowrap\">2<a name=\"cs-thcc-refer-outcome-2\"> </a></td><td>สถานบริการปลายทางไม่รับการส่งต่อผู้ป่วย</td></tr><tr><td style=\"white-space:nowrap\">3<a name=\"cs-thcc-refer-outcome-3\"> </a></td><td>ผู้ป่วยไม่ไปรับบริการที่สถานพยาบาลปลายทาง</td></tr><tr><td style=\"white-space:nowrap\">9<a name=\"cs-thcc-refer-outcome-9\"> </a></td><td>ไม่ทราบ</td></tr></table></div>"},"url":"http://terms.sil-th.org/CodeSystem/cs-thcc-refer-outcome","version":"0.1.0","name":"CS_THCC_ReferOutcome","title":"รหัสผลการส่งต่อไปรับบริการในสถานพยาบาลอื่น","status":"active","date":"2022-08-15T02:16:31+07:00","description":"รหัสผลการส่งต่อไปรับบริการในสถานพยาบาลอื่น ตามโครงสร้างข้อมูล 43 แฟ้ม","jurisdiction":[{"coding":[{"system":"urn:iso:std:iso:3166","code":"TH"}]}],"content":"complete","count":4,"concept":[{"code":"1","display":"สถานบริการปลายทางรับการส่งต่อผู้ป่วย"},{"code":"2","display":"สถานบริการปลายทางไม่รับการส่งต่อผู้ป่วย"},{"code":"3","display":"ผู้ป่วยไม่ไปรับบริการที่สถานพยาบาลปลายทาง"},{"code":"9","display":"ไม่ทราบ"}]}