{"resourceType":"CodeSystem","id":"cs-thcc-labor-presentation","text":{"status":"generated","div":"<div xmlns=\"http://www.w3.org/1999/xhtml\"><p>This code system http://terms.sil-th.org/CodeSystem/cs-thcc-labor-presentation defines the following codes:</p><table class=\"codes\"><tr><td style=\"white-space:nowrap\"><b>Code</b></td><td><b>Display</b></td></tr><tr><td style=\"white-space:nowrap\">1<a name=\"cs-thcc-labor-presentation-1\"> </a></td><td>ปกติ</td></tr><tr><td style=\"white-space:nowrap\">2<a name=\"cs-thcc-labor-presentation-2\"> </a></td><td>ท่าก้น</td></tr><tr><td style=\"white-space:nowrap\">3<a name=\"cs-thcc-labor-presentation-3\"> </a></td><td>ท่าขวาง</td></tr></table></div>"},"url":"http://terms.sil-th.org/CodeSystem/cs-thcc-labor-presentation","version":"0.1.0","name":"CS_THCC_LaborPresentation","title":"รหัสท่าเด็กตอนคลอด","status":"active","date":"2022-08-16T23:36:06+07:00","description":"รหัสท่าเด็กตอนคลอด เพื่อใช้ประกอบโครงสร้างข้อมูล 43 แฟ้ม","jurisdiction":[{"coding":[{"system":"urn:iso:std:iso:3166","code":"TH"}]}],"content":"complete","count":3,"concept":[{"code":"1","display":"ปกติ"},{"code":"2","display":"ท่าก้น"},{"code":"3","display":"ท่าขวาง"}]}