{"resourceType":"CodeSystem","id":"cs-thcc-ncd-status","text":{"status":"generated","div":"<div xmlns=\"http://www.w3.org/1999/xhtml\"><p>This code system http://terms.sil-th.org/CodeSystem/cs-thcc-ncd-status defines the following codes:</p><table class=\"codes\"><tr><td style=\"white-space:nowrap\"><b>Code</b></td><td><b>Display</b></td></tr><tr><td style=\"white-space:nowrap\">1<a name=\"cs-thcc-ncd-status-1\"> </a></td><td>เป็น</td></tr><tr><td style=\"white-space:nowrap\">2<a name=\"cs-thcc-ncd-status-2\"> </a></td><td>ไม่เป็น</td></tr></table></div>"},"url":"http://terms.sil-th.org/CodeSystem/cs-thcc-ncd-status","version":"0.1.0","name":"CS_THCC_NcdStatus","title":"สถานะการเป็นผู้ป่วยโรคเรื้อรัง","status":"active","date":"2022-08-14T01:41:38+07:00","description":"สถานะการเป็นผู้ป่วยโรคเรื้อรัง ตามโครงสร้างข้อมูล 43 แฟ้ม","jurisdiction":[{"coding":[{"system":"urn:iso:std:iso:3166","code":"TH"}]}],"content":"complete","count":2,"concept":[{"code":"1","display":"เป็น"},{"code":"2","display":"ไม่เป็น"}]}