{"resourceType":"CodeSystem","id":"cs-thcc-allergy-certainty","text":{"status":"generated","div":"<div xmlns=\"http://www.w3.org/1999/xhtml\"><p>This code system http://terms.sil-th.org/CodeSystem/cs-thcc-allergy-certainty defines the following codes:</p><table class=\"codes\"><tr><td style=\"white-space:nowrap\"><b>Code</b></td><td><b>Display</b></td></tr><tr><td style=\"white-space:nowrap\">1<a name=\"cs-thcc-allergy-certainty-1\"> </a></td><td>certain</td></tr><tr><td style=\"white-space:nowrap\">2<a name=\"cs-thcc-allergy-certainty-2\"> </a></td><td>probable</td></tr><tr><td style=\"white-space:nowrap\">3<a name=\"cs-thcc-allergy-certainty-3\"> </a></td><td>possible</td></tr><tr><td style=\"white-space:nowrap\">4<a name=\"cs-thcc-allergy-certainty-4\"> </a></td><td>unlikely</td></tr><tr><td style=\"white-space:nowrap\">5<a name=\"cs-thcc-allergy-certainty-5\"> </a></td><td>unclassified</td></tr></table></div>"},"url":"http://terms.sil-th.org/CodeSystem/cs-thcc-allergy-certainty","version":"0.1.0","name":"CS_THCC_AllergyCertainy","title":"รหัสประเภทการวินิจฉัยการแพ้ยา","status":"active","date":"2022-08-07T12:07:42+07:00","description":"รหัสประเภทการวินิจฉัยการแพ้ยา ซึ่งใช้ในโครงสร้างข้อมูล 43 แฟ้ม","jurisdiction":[{"coding":[{"system":"urn:iso:std:iso:3166","code":"TH"}]}],"content":"complete","count":5,"concept":[{"code":"1","display":"certain"},{"code":"2","display":"probable"},{"code":"3","display":"possible"},{"code":"4","display":"unlikely"},{"code":"5","display":"unclassified"}]}