{"resourceType":"CodeSystem","id":"cs-thcc-admit-source","text":{"status":"generated","div":"<div xmlns=\"http://www.w3.org/1999/xhtml\"><p>This code system http://terms.sil-th.org/CodeSystem/cs-thcc-admit-source defines the following codes:</p><table class=\"codes\"><tr><td style=\"white-space:nowrap\"><b>Code</b></td><td><b>Display</b></td></tr><tr><td style=\"white-space:nowrap\">1<a name=\"cs-thcc-admit-source-1\"> </a></td><td>มารับบริการเอง</td></tr><tr><td style=\"white-space:nowrap\">2<a name=\"cs-thcc-admit-source-2\"> </a></td><td>มารับบริการตามนัดหมาย</td></tr><tr><td style=\"white-space:nowrap\">3<a name=\"cs-thcc-admit-source-3\"> </a></td><td>ได้รับการส่งต่อจากสถานพยาบาลอื่น</td></tr><tr><td style=\"white-space:nowrap\">4<a name=\"cs-thcc-admit-source-4\"> </a></td><td>ได้รับการส่งตัวจากบริการ EMS</td></tr><tr><td style=\"white-space:nowrap\">5<a name=\"cs-thcc-admit-source-5\"> </a></td><td>รับบริการสาธารณสุขทางไกล (Telehealth / Telemedicine)</td></tr></table></div>"},"url":"http://terms.sil-th.org/CodeSystem/cs-thcc-admit-source","version":"0.1.0","name":"CS_THCC_AdmitSource","title":"รหัสประเภทการมารับบริการ","status":"active","date":"2022-08-14T22:14:52+07:00","description":"รหัสประเภทการมารับบริการ ตามโครงสร้างข้อมูล 43 แฟ้ม","jurisdiction":[{"coding":[{"system":"urn:iso:std:iso:3166","code":"TH"}]}],"content":"complete","count":5,"concept":[{"code":"1","display":"มารับบริการเอง"},{"code":"2","display":"มารับบริการตามนัดหมาย"},{"code":"3","display":"ได้รับการส่งต่อจากสถานพยาบาลอื่น"},{"code":"4","display":"ได้รับการส่งตัวจากบริการ EMS"},{"code":"5","display":"รับบริการสาธารณสุขทางไกล (Telehealth / Telemedicine)"}]}