{"resourceType":"CodeSystem","id":"cs-thcc-provider-type-coverage","text":{"status":"generated","div":"<div xmlns=\"http://www.w3.org/1999/xhtml\"><p>This code system https://terms.sil-th.org/CodeSystem/cs-thcc-provider-type-coverage defines the following codes:</p><table class=\"codes\"><tr><td style=\"white-space:nowrap\"><b>Code</b></td><td><b>Display</b></td></tr><tr><td style=\"white-space:nowrap\">primary<a name=\"cs-thcc-provider-type-coverage-primary\"> </a></td><td>สถานบริการหลัก</td></tr><tr><td style=\"white-space:nowrap\">secondary<a name=\"cs-thcc-provider-type-coverage-secondary\"> </a></td><td>สถานบริการรอง</td></tr><tr><td style=\"white-space:nowrap\">primary-care<a name=\"cs-thcc-provider-type-coverage-primary-care\"> </a></td><td>สถานบริการปฐมภูมิ</td></tr></table></div>"},"url":"https://terms.sil-th.org/CodeSystem/cs-thcc-provider-type-coverage","version":"0.1.0","name":"CS_THCC_ProviderTypeCoverage","title":"ประเภทสถานพยาบาล ตามสิทธิการรักษา","status":"active","date":"2022-08-16T23:36:06+07:00","description":"ใช้ประกอบการบันทึกข้อมูลเรื่องสิทธิการรักษา ตามโครงสร้างข้อมูล 43 แฟ้ม","jurisdiction":[{"coding":[{"system":"urn:iso:std:iso:3166","code":"TH"}]}],"content":"complete","count":3,"concept":[{"code":"primary","display":"สถานบริการหลัก"},{"code":"secondary","display":"สถานบริการรอง"},{"code":"primary-care","display":"สถานบริการปฐมภูมิ"}]}