{"resourceType":"CodeSystem","id":"cs-thcc-provider-type","text":{"status":"generated","div":"<div xmlns=\"http://www.w3.org/1999/xhtml\"><p>This code system http://terms.sil-th.org/CodeSystem/cs-thcc-provider-type defines the following codes:</p><table class=\"codes\"><tr><td style=\"white-space:nowrap\"><b>Code</b></td><td><b>Display</b></td></tr><tr><td style=\"white-space:nowrap\">1<a name=\"cs-thcc-provider-type-1\"> </a></td><td>Main Contractor</td></tr><tr><td style=\"white-space:nowrap\">2<a name=\"cs-thcc-provider-type-2\"> </a></td><td>Sub Contractor</td></tr><tr><td style=\"white-space:nowrap\">3<a name=\"cs-thcc-provider-type-3\"> </a></td><td>Supra Contractor</td></tr><tr><td style=\"white-space:nowrap\">4<a name=\"cs-thcc-provider-type-4\"> </a></td><td>Excellent</td></tr><tr><td style=\"white-space:nowrap\">5<a name=\"cs-thcc-provider-type-5\"> </a></td><td>Super tertiary</td></tr></table></div>"},"url":"http://terms.sil-th.org/CodeSystem/cs-thcc-provider-type","version":"0.1.0","name":"CS_THCC_ProviderType","title":"รหัสประเภทสถานพยาบาลที่รักษา","status":"active","date":"2022-08-17T01:34:31+07:00","description":"รหัสประเภทสถานพยาบาลที่รักษา ตามโครงสร้างข้อมูล 43 แฟ้ม","jurisdiction":[{"coding":[{"system":"urn:iso:std:iso:3166","code":"TH"}]}],"content":"complete","count":5,"concept":[{"code":"1","display":"Main Contractor"},{"code":"2","display":"Sub Contractor"},{"code":"3","display":"Supra Contractor"},{"code":"4","display":"Excellent"},{"code":"5","display":"Super tertiary"}]}