{"resourceType":"CodeSystem","id":"cs-thcc-social-obs-type","text":{"status":"generated","div":"<div xmlns=\"http://www.w3.org/1999/xhtml\"><p>This code system https://terms.sil-th.org/CodeSystem/cs-thcc-soical-obs-type defines the following codes:</p><table class=\"codes\"><tr><td style=\"white-space:nowrap\"><b>Code</b></td><td><b>Display</b></td></tr><tr><td style=\"white-space:nowrap\">fstatus<a name=\"cs-thcc-social-obs-type-fstatus\"> </a></td><td>สถานะในครอบครัว</td></tr><tr><td style=\"white-space:nowrap\">vstatus<a name=\"cs-thcc-social-obs-type-vstatus\"> </a></td><td>สถานะในชุมชน</td></tr><tr><td style=\"white-space:nowrap\">annual-income<a name=\"cs-thcc-social-obs-type-annual-income\"> </a></td><td>รายได้เฉลี่ยต่อปี</td></tr><tr><td style=\"white-space:nowrap\">risk-behavior<a name=\"cs-thcc-social-obs-type-risk-behavior\"> </a></td><td>พฤติกรรมเสี่ยง</td></tr></table></div>"},"url":"https://terms.sil-th.org/CodeSystem/cs-thcc-soical-obs-type","version":"0.1.0","name":"CS_THCC_SocialObsType","title":"ชนิดประวัติทางสังคม","status":"active","date":"2022-08-14T22:14:52+07:00","description":"ใช้ระบุชนิดประวัติทางสังคมต่าง ๆ ซึ่งใช้ในโครงสร้างข้อมูล 43 แฟ้ม","jurisdiction":[{"coding":[{"system":"urn:iso:std:iso:3166","code":"TH"}]}],"content":"complete","count":4,"concept":[{"code":"fstatus","display":"สถานะในครอบครัว"},{"code":"vstatus","display":"สถานะในชุมชน"},{"code":"annual-income","display":"รายได้เฉลี่ยต่อปี"},{"code":"risk-behavior","display":"พฤติกรรมเสี่ยง"}]}