{"resourceType":"CodeSystem","id":"cs-thcc-accident-splint","text":{"status":"generated","div":"<div xmlns=\"http://www.w3.org/1999/xhtml\"><p>This code system http://terms.sil-th.org/CodeSystem/cs-thcc-accident-splint defines the following codes:</p><table class=\"codes\"><tr><td style=\"white-space:nowrap\"><b>Code</b></td><td><b>Display</b></td></tr><tr><td style=\"white-space:nowrap\">1<a name=\"cs-thcc-accident-splint-1\"> </a></td><td>มีการใส่ splint/slab ก่อนมาถึงเหมาะสม</td></tr><tr><td style=\"white-space:nowrap\">2<a name=\"cs-thcc-accident-splint-2\"> </a></td><td>ไม่มีการใส่ splint/slab ก่อนมาถึง</td></tr><tr><td style=\"white-space:nowrap\">3<a name=\"cs-thcc-accident-splint-3\"> </a></td><td>ไม่จำเป็น</td></tr><tr><td style=\"white-space:nowrap\">4<a name=\"cs-thcc-accident-splint-4\"> </a></td><td>มีการใส่ splint/slab ก่อนมาถึงไม่เหมาะสม</td></tr></table></div>"},"url":"http://terms.sil-th.org/CodeSystem/cs-thcc-accident-splint","version":"0.1.0","name":"CS_THCC_AccidentSplint","title":"ชนิดการใส่ splint/ slab","status":"active","date":"2022-08-15T02:16:31+07:00","description":"ใช้ระบุชนิดการใส่ splint/ slab ซึ่งใช้ในโครงสร้างข้อมูล 43 แฟ้ม","jurisdiction":[{"coding":[{"system":"urn:iso:std:iso:3166","code":"TH"}]}],"content":"complete","count":4,"concept":[{"code":"1","display":"มีการใส่ splint/slab ก่อนมาถึงเหมาะสม"},{"code":"2","display":"ไม่มีการใส่ splint/slab ก่อนมาถึง"},{"code":"3","display":"ไม่จำเป็น"},{"code":"4","display":"มีการใส่ splint/slab ก่อนมาถึงไม่เหมาะสม"}]}