{"resourceType":"CodeSystem","id":"cs-thcc-person-status","text":{"status":"generated","div":"<div xmlns=\"http://www.w3.org/1999/xhtml\"><p>This code system https://terms.sil-th.org/CodeSystem/cs-thcc-person-status defines the following codes:</p><table class=\"codes\"><tr><td style=\"white-space:nowrap\"><b>Code</b></td><td><b>Display</b></td></tr><tr><td style=\"white-space:nowrap\">1<a name=\"cs-thcc-person-status-1\"> </a></td><td>มีชื่ออยู่ตามทะเบียนบ้านในเขตรับผิดชอบและอยู่จริง</td></tr><tr><td style=\"white-space:nowrap\">2<a name=\"cs-thcc-person-status-2\"> </a></td><td>มีชื่ออยู่ตามทะเบีบนบ้านในเขตรับผิดชอบแต่ตัวไม่อยู่จริง</td></tr><tr><td style=\"white-space:nowrap\">3<a name=\"cs-thcc-person-status-3\"> </a></td><td>มาอาศัยอยู่ในเขตรับผิดชอบ(ตามทะเบียนบ้านในเขตรับผิดชอบ)แต่ทะเบียนบ้านอยู่นอกเขตรับผิดชอบ</td></tr><tr><td style=\"white-space:nowrap\">4<a name=\"cs-thcc-person-status-4\"> </a></td><td>ที่อาศัยอยู่นอกเขตรับผิดชอบและทะเบียนบ้านไม่อยู่ในเขตรับผิดชอบ เข้ามารับบริการหรือเคยอยู่ในเขตรับผิดชอบ</td></tr><tr><td style=\"white-space:nowrap\">5<a name=\"cs-thcc-person-status-5\"> </a></td><td>มาอาศัยในเขตรับผิดชอบแต่ไม่ได้อยู่ตามทะเบียนบ้านในเขตรับผิดชอบ เช่น คนเร่ร่อน ไม่มีที่พักอาศัย เป็นต้น</td></tr></table></div>"},"url":"https://terms.sil-th.org/CodeSystem/cs-thcc-person-status","version":"0.1.0","name":"CS_THCC_PersonStatus","title":"สถานะบุคคล","status":"active","date":"2022-08-11T00:50:32+07:00","description":"สถานะบุคคล จาก THCC ซึ่งใช้ในโครงสร้างข้อมูล 43 แฟ้ม","jurisdiction":[{"coding":[{"system":"urn:iso:std:iso:3166","code":"TH"}]}],"content":"complete","count":5,"concept":[{"code":"1","display":"มีชื่ออยู่ตามทะเบียนบ้านในเขตรับผิดชอบและอยู่จริง"},{"code":"2","display":"มีชื่ออยู่ตามทะเบีบนบ้านในเขตรับผิดชอบแต่ตัวไม่อยู่จริง"},{"code":"3","display":"มาอาศัยอยู่ในเขตรับผิดชอบ(ตามทะเบียนบ้านในเขตรับผิดชอบ)แต่ทะเบียนบ้านอยู่นอกเขตรับผิดชอบ"},{"code":"4","display":"ที่อาศัยอยู่นอกเขตรับผิดชอบและทะเบียนบ้านไม่อยู่ในเขตรับผิดชอบ เข้ามารับบริการหรือเคยอยู่ในเขตรับผิดชอบ"},{"code":"5","display":"มาอาศัยในเขตรับผิดชอบแต่ไม่ได้อยู่ตามทะเบียนบ้านในเขตรับผิดชอบ เช่น คนเร่ร่อน ไม่มีที่พักอาศัย เป็นต้น"}]}