{"resourceType":"CodeSystem","id":"cs-thcc-qn-type","text":{"status":"generated","div":"<div xmlns=\"http://www.w3.org/1999/xhtml\"><p>This code system https://terms.sil-th.org/CodeSystem/cs-thcc-qn-type defines the following codes:</p><table class=\"codes\"><tr><td style=\"white-space:nowrap\"><b>Code</b></td><td><b>Display</b></td></tr><tr><td style=\"white-space:nowrap\">HOME<a name=\"cs-thcc-qn-type-HOME\"> </a></td><td>ข้อมูลสุขาภิบาลของหลังคาเรือน ในแฟ้ม HOME</td></tr><tr><td style=\"white-space:nowrap\">VILLAGE<a name=\"cs-thcc-qn-type-VILLAGE\"> </a></td><td>ข้อมูลทั่วไปและข้อมูลที่เกี่ยวข้องกับสุขภาพของชุมชน ในแฟ้ม VILLAGE</td></tr><tr><td style=\"white-space:nowrap\">DENTAL<a name=\"cs-thcc-qn-type-DENTAL\"> </a></td><td>แบบสำรวจการตรวจสภาวะทันตสุขภาพของฟัน ในแฟ้ม DENTAL</td></tr></table></div>"},"url":"https://terms.sil-th.org/CodeSystem/cs-thcc-qn-type","version":"0.1.0","name":"CS_THCC_QnType","title":"ชนิดแบบสอบถาม 43 แฟ้ม plus","status":"active","date":"2022-08-16T00:23:13+07:00","description":"ชนิดแบบสอบถามที่ใช้ประกอบการเก็บข้อมูลตามโครงสร้างข้อมูล 43 แฟ้มเดิมและโครงสร้างอื่น ๆ","jurisdiction":[{"coding":[{"system":"urn:iso:std:iso:3166","code":"TH"}]}],"content":"complete","count":3,"concept":[{"code":"HOME","display":"ข้อมูลสุขาภิบาลของหลังคาเรือน ในแฟ้ม HOME"},{"code":"VILLAGE","display":"ข้อมูลทั่วไปและข้อมูลที่เกี่ยวข้องกับสุขภาพของชุมชน ในแฟ้ม VILLAGE"},{"code":"DENTAL","display":"แบบสำรวจการตรวจสภาวะทันตสุขภาพของฟัน ในแฟ้ม DENTAL"}]}