{"resourceType":"CodeSystem","id":"cs-thcc-service-priority","text":{"status":"generated","div":"<div xmlns=\"http://www.w3.org/1999/xhtml\"><p>This code system http://terms.sil-th.org/CodeSystem/cs-thcc-service-priority defines the following codes:</p><table class=\"codes\"><tr><td style=\"white-space:nowrap\"><b>Code</b></td><td><b>Display</b></td></tr><tr><td style=\"white-space:nowrap\">1<a name=\"cs-thcc-service-priority-1\"> </a></td><td>ปกติ</td></tr><tr><td style=\"white-space:nowrap\">2<a name=\"cs-thcc-service-priority-2\"> </a></td><td>ฉุกเฉิน</td></tr></table></div>"},"url":"http://terms.sil-th.org/CodeSystem/cs-thcc-service-priority","version":"0.1.0","name":"CS_THCC_ServicePriority","title":"รหัสสถานะความฉุกเฉิน","status":"active","date":"2022-08-16T00:23:13+07:00","description":"รหัสสถานะความฉุกเฉิน ตามโครงสร้างข้อมูล 43 แฟ้ม","jurisdiction":[{"coding":[{"system":"urn:iso:std:iso:3166","code":"TH"}]}],"content":"complete","count":2,"concept":[{"code":"1","display":"ปกติ"},{"code":"2","display":"ฉุกเฉิน"}]}