{"resourceType":"CodeSystem","id":"cs-thcc-qualification-issuer","text":{"status":"generated","div":"<div xmlns=\"http://www.w3.org/1999/xhtml\"><p>This code system https://terms.sil-th.org/CodeSystem/cs-thcc-qualification-issuer defines the following codes:</p><table class=\"codes\"><tr><td style=\"white-space:nowrap\"><b>Code</b></td><td><b>Display</b></td></tr><tr><td style=\"white-space:nowrap\">01<a name=\"cs-thcc-qualification-issuer-01\"> </a></td><td>แพทยสภา</td></tr><tr><td style=\"white-space:nowrap\">02<a name=\"cs-thcc-qualification-issuer-02\"> </a></td><td>สภาการพยาบาล</td></tr><tr><td style=\"white-space:nowrap\">03<a name=\"cs-thcc-qualification-issuer-03\"> </a></td><td>สภาเภสัชกรรม</td></tr><tr><td style=\"white-space:nowrap\">04<a name=\"cs-thcc-qualification-issuer-04\"> </a></td><td>ทันตแพทยสภา</td></tr><tr><td style=\"white-space:nowrap\">05<a name=\"cs-thcc-qualification-issuer-05\"> </a></td><td>สภากายภาพบำบัด</td></tr><tr><td style=\"white-space:nowrap\">06<a name=\"cs-thcc-qualification-issuer-06\"> </a></td><td>สภาเทคนิคการแพทย์</td></tr><tr><td style=\"white-space:nowrap\">07<a name=\"cs-thcc-qualification-issuer-07\"> </a></td><td>สัตวแพทยสภา</td></tr></table></div>"},"url":"https://terms.sil-th.org/CodeSystem/cs-thcc-qualification-issuer","version":"0.1.0","name":"CS_THCC_QualificationIssuer","title":"รหัสสภาวิชาชีพ","status":"active","date":"2022-08-16T21:51:46+07:00","description":"รหัสสภาวิชาชีพ ตามโครงสร้างข้อมูล 43 แฟ้ม","jurisdiction":[{"coding":[{"system":"urn:iso:std:iso:3166","code":"TH"}]}],"content":"complete","count":7,"concept":[{"code":"01","display":"แพทยสภา"},{"code":"02","display":"สภาการพยาบาล"},{"code":"03","display":"สภาเภสัชกรรม"},{"code":"04","display":"ทันตแพทยสภา"},{"code":"05","display":"สภากายภาพบำบัด"},{"code":"06","display":"สภาเทคนิคการแพทย์"},{"code":"07","display":"สัตวแพทยสภา"}]}