{"resourceType":"CodeSystem","id":"cs-thcc-ncd-alchohol","text":{"status":"generated","div":"<div xmlns=\"http://www.w3.org/1999/xhtml\"><p>This code system http://terms.sil-th.org/CodeSystem/cs-thcc-ncd-alchohol defines the following codes:</p><table class=\"codes\"><tr><td style=\"white-space:nowrap\"><b>Code</b></td><td><b>Display</b></td></tr><tr><td style=\"white-space:nowrap\">1<a name=\"cs-thcc-ncd-alchohol-1\"> </a></td><td>ไม่ดื่ม (ไม่ดื่มในรอบ 12 เดือนที่ผ่านมา)</td></tr><tr><td style=\"white-space:nowrap\">2<a name=\"cs-thcc-ncd-alchohol-2\"> </a></td><td>ดื่มนานๆครั้ง (ดื่ม 1-3 วัน/เดือน หรือ ดื่ม 1-11 วัน/ปี)</td></tr><tr><td style=\"white-space:nowrap\">3<a name=\"cs-thcc-ncd-alchohol-3\"> </a></td><td>ดื่มเป็นครั้งคราว (ดื่ม 1-4 วัน/สัปดาห์)</td></tr><tr><td style=\"white-space:nowrap\">4<a name=\"cs-thcc-ncd-alchohol-4\"> </a></td><td>ดื่มเป็นประจำ (ดื่ม 5-7 วัน/สัปดาห์)</td></tr><tr><td style=\"white-space:nowrap\">9<a name=\"cs-thcc-ncd-alchohol-9\"> </a></td><td>ไม่ทราบ</td></tr></table></div>"},"url":"http://terms.sil-th.org/CodeSystem/cs-thcc-ncd-alchohol","version":"0.1.0","name":"CS_THCC_NcdAlcohol","title":"รหัสประวัติดื่มเครื่องดื่มแอลกอฮอลล์","status":"active","date":"2022-08-17T01:34:31+07:00","description":"รหัสประวัติดื่มเครื่องดื่มแอลกอฮอลล์ ตามโครงสร้างข้อมูล 43 แฟ้ม","jurisdiction":[{"coding":[{"system":"urn:iso:std:iso:3166","code":"TH"}]}],"content":"complete","count":5,"concept":[{"code":"1","display":"ไม่ดื่ม (ไม่ดื่มในรอบ 12 เดือนที่ผ่านมา)"},{"code":"2","display":"ดื่มนานๆครั้ง (ดื่ม 1-3 วัน/เดือน หรือ ดื่ม 1-11 วัน/ปี)"},{"code":"3","display":"ดื่มเป็นครั้งคราว (ดื่ม 1-4 วัน/สัปดาห์)"},{"code":"4","display":"ดื่มเป็นประจำ (ดื่ม 5-7 วัน/สัปดาห์)"},{"code":"9","display":"ไม่ทราบ"}]}