{"resourceType":"CodeSystem","id":"cs-thcc-contraceptive-method","text":{"status":"generated","div":"<div xmlns=\"http://www.w3.org/1999/xhtml\"><p>This code system http://terms.sil-th.org/CodeSystem/cs-thcc-contraceptive-method defines the following codes:</p><table class=\"codes\"><tr><td style=\"white-space:nowrap\"><b>Code</b></td><td><b>Display</b></td></tr><tr><td style=\"white-space:nowrap\">1<a name=\"cs-thcc-contraceptive-method-1\"> </a></td><td>ยาเม็ดคุมกำเนิด</td></tr><tr><td style=\"white-space:nowrap\">2<a name=\"cs-thcc-contraceptive-method-2\"> </a></td><td>ยาฉีดคุมกำเนิด</td></tr><tr><td style=\"white-space:nowrap\">3<a name=\"cs-thcc-contraceptive-method-3\"> </a></td><td>ห่วงอนามัย</td></tr><tr><td style=\"white-space:nowrap\">4<a name=\"cs-thcc-contraceptive-method-4\"> </a></td><td>ยาฝังคุมกำเนิด</td></tr><tr><td style=\"white-space:nowrap\">5<a name=\"cs-thcc-contraceptive-method-5\"> </a></td><td>ถุงยางอนามัย</td></tr><tr><td style=\"white-space:nowrap\">6<a name=\"cs-thcc-contraceptive-method-6\"> </a></td><td>หมันชาย</td></tr><tr><td style=\"white-space:nowrap\">7<a name=\"cs-thcc-contraceptive-method-7\"> </a></td><td>หมันหญิง</td></tr><tr><td style=\"white-space:nowrap\">8<a name=\"cs-thcc-contraceptive-method-8\"> </a></td><td>นับระยะปลอดภัย</td></tr><tr><td style=\"white-space:nowrap\">9<a name=\"cs-thcc-contraceptive-method-9\"> </a></td><td>ไม่คุมกำเนิด</td></tr></table></div>"},"url":"http://terms.sil-th.org/CodeSystem/cs-thcc-contraceptive-method","version":"0.1.0","name":"CS_THCC_ContraceptiveMethod","title":"รหัสวิธีการคุมกำเนิด","status":"active","date":"2022-08-15T02:16:31+07:00","description":"รหัสวิธีการคุมกำเนิด ตามโครงสร้างข้อมูล 43 แฟ้ม","jurisdiction":[{"coding":[{"system":"urn:iso:std:iso:3166","code":"TH"}]}],"content":"complete","count":9,"concept":[{"code":"1","display":"ยาเม็ดคุมกำเนิด"},{"code":"2","display":"ยาฉีดคุมกำเนิด"},{"code":"3","display":"ห่วงอนามัย"},{"code":"4","display":"ยาฝังคุมกำเนิด"},{"code":"5","display":"ถุงยางอนามัย"},{"code":"6","display":"หมันชาย"},{"code":"7","display":"หมันหญิง"},{"code":"8","display":"นับระยะปลอดภัย"},{"code":"9","display":"ไม่คุมกำเนิด"}]}