{"resourceType":"CodeSystem","id":"cs-thcc-allergy-assert-type","text":{"status":"generated","div":"<div xmlns=\"http://www.w3.org/1999/xhtml\"><p>This code system http://terms.sil-th.org/CodeSystem/cs-thcc-allergy-assert-type defines the following codes:</p><table class=\"codes\"><tr><td style=\"white-space:nowrap\"><b>Code</b></td><td><b>Display</b></td></tr><tr><td style=\"white-space:nowrap\">1<a name=\"cs-thcc-allergy-assert-type-1\"> </a></td><td>ผู้ป่วยให้ประวัติเอง</td></tr><tr><td style=\"white-space:nowrap\">2<a name=\"cs-thcc-allergy-assert-type-2\"> </a></td><td>ผู้ป่วยให้ประวัติจากการให้ข้อมูลของสถานพยาบาลอื่น</td></tr><tr><td style=\"white-space:nowrap\">3<a name=\"cs-thcc-allergy-assert-type-3\"> </a></td><td>สถานพยาบาลอื่นเป็นผู้ให้ข้อมูล</td></tr><tr><td style=\"white-space:nowrap\">4<a name=\"cs-thcc-allergy-assert-type-4\"> </a></td><td>สถานพยาบาลแห่งนี้เป็นผู้พบการแพ้ยาเอง</td></tr></table></div>"},"url":"http://terms.sil-th.org/CodeSystem/cs-thcc-allergy-assert-type","version":"0.1.0","name":"CS_THCC_AllergyAssertType","title":"รหัสผู้ให้ประวัติการแพ้ยา","status":"active","date":"2022-08-14T01:41:38+07:00","description":"รหัสผู้ให้ประวัติการแพ้ยา ซึ่งใช้ในโครงสร้างข้อมูล 43 แฟ้ม","jurisdiction":[{"coding":[{"system":"urn:iso:std:iso:3166","code":"TH"}]}],"content":"complete","count":4,"concept":[{"code":"1","display":"ผู้ป่วยให้ประวัติเอง"},{"code":"2","display":"ผู้ป่วยให้ประวัติจากการให้ข้อมูลของสถานพยาบาลอื่น"},{"code":"3","display":"สถานพยาบาลอื่นเป็นผู้ให้ข้อมูล"},{"code":"4","display":"สถานพยาบาลแห่งนี้เป็นผู้พบการแพ้ยาเอง"}]}