{"resourceType":"CodeSystem","id":"cs-thcc-participant-type","text":{"status":"generated","div":"<div xmlns=\"http://www.w3.org/1999/xhtml\"><p>This code system http://terms.sil-th.org/CodeSystem/cs-thcc-participant-type defines the following codes:</p><table class=\"codes\"><tr><td style=\"white-space:nowrap\"><b>Code</b></td><td><b>Display</b></td></tr><tr><td style=\"white-space:nowrap\">PPRF<a name=\"cs-thcc-participant-type-PPRF\"> </a></td><td>แพทย์เจ้าของคนไข้</td></tr><tr><td style=\"white-space:nowrap\">CON<a name=\"cs-thcc-participant-type-CON\"> </a></td><td>แพทย์ผู้ให้คำปรึกษา</td></tr><tr><td style=\"white-space:nowrap\">REF<a name=\"cs-thcc-participant-type-REF\"> </a></td><td>แพทย์ผู้ที่ทำการส่งต่อ</td></tr><tr><td style=\"white-space:nowrap\">CAN<a name=\"cs-thcc-participant-type-CAN\"> </a></td><td>แพทย์/เจ้าหน้าที่ทำยกเลิกการให้บริการ (ถ้ามี)</td></tr></table></div>"},"url":"http://terms.sil-th.org/CodeSystem/cs-thcc-participant-type","version":"0.1.0","name":"CS_THCC_ParticipantType","title":"ประเภทแพทย์เพิ่มเติม","status":"active","date":"2022-08-17T01:34:31+07:00","description":"ประเภทแพทย์เพิ่มเติม ตามโครงสร้างข้อมูล 43 แฟ้ม","jurisdiction":[{"coding":[{"system":"urn:iso:std:iso:3166","code":"TH"}]}],"content":"complete","count":4,"concept":[{"code":"PPRF","display":"แพทย์เจ้าของคนไข้"},{"code":"CON","display":"แพทย์ผู้ให้คำปรึกษา"},{"code":"REF","display":"แพทย์ผู้ที่ทำการส่งต่อ"},{"code":"CAN","display":"แพทย์/เจ้าหน้าที่ทำยกเลิกการให้บริการ (ถ้ามี)"}]}