{"resourceType":"CodeSystem","id":"cs-thcc-allergy-verify","text":{"status":"generated","div":"<div xmlns=\"http://www.w3.org/1999/xhtml\"><p>This code system http://terms.sil-th.org/CodeSystem/cs-thcc-allergy-verify defines the following codes:</p><table class=\"codes\"><tr><td style=\"white-space:nowrap\"><b>Code</b></td><td><b>Display</b></td></tr><tr><td style=\"white-space:nowrap\">1<a name=\"cs-thcc-allergy-verify-1\"> </a></td><td>แพ้</td></tr><tr><td style=\"white-space:nowrap\">2<a name=\"cs-thcc-allergy-verify-2\"> </a></td><td>ไม่แพ้</td></tr><tr><td style=\"white-space:nowrap\">3<a name=\"cs-thcc-allergy-verify-3\"> </a></td><td>ไม่ทราบ</td></tr></table></div>"},"url":"http://terms.sil-th.org/CodeSystem/cs-thcc-allergy-verify","version":"0.1.0","name":"CS_THCC_AllergyVerify","title":"รหัสสถานะการแพ้ยา","status":"active","date":"2022-08-17T01:34:31+07:00","description":"รหัสสถานะการแพ้ยา ซึ่งใช้ในโครงสร้างข้อมูล 43 แฟ้ม","jurisdiction":[{"coding":[{"system":"urn:iso:std:iso:3166","code":"TH"}]}],"content":"complete","count":3,"concept":[{"code":"1","display":"แพ้"},{"code":"2","display":"ไม่แพ้"},{"code":"3","display":"ไม่ทราบ"}]}