{"resourceType":"CodeSystem","id":"cs-thcc-accident-coverage","text":{"status":"generated","div":"<div xmlns=\"http://www.w3.org/1999/xhtml\"><p>This code system http://terms.sil-th.org/CodeSystem/cs-thcc-accident-coverage defines the following codes:</p><table class=\"codes\"><tr><td style=\"white-space:nowrap\"><b>Code</b></td><td><b>Display</b></td></tr><tr><td style=\"white-space:nowrap\">V<a name=\"cs-thcc-accident-coverage-V\"> </a></td><td>ใช้ พรบ. ผู้ประสบภัยจากรถ</td></tr><tr><td style=\"white-space:nowrap\">O<a name=\"cs-thcc-accident-coverage-O\"> </a></td><td>ใช้ พรบ. กองทุนเงินทดแทน</td></tr><tr><td style=\"white-space:nowrap\">B<a name=\"cs-thcc-accident-coverage-B\"> </a></td><td>ใช้ทั้ง พรบ. ผู้ประสบภัย และ พรบ. กองทุนเงินทดแทน</td></tr></table></div>"},"url":"http://terms.sil-th.org/CodeSystem/cs-thcc-accident-coverage","version":"0.1.0","name":"CS_THCC_AccidentCoverage","title":"รหัสสิทธิการรักษาอื่นกรณีอุบัติเหตุ","status":"active","date":"2022-08-16T00:23:13+07:00","description":"ใช้ระบุรหัสสิทธิการรักษาอื่นกรณีอุบัติเหตุ ตามโครงสร้างข้อมูล 43 แฟ้ม","jurisdiction":[{"coding":[{"system":"urn:iso:std:iso:3166","code":"TH"}]}],"content":"complete","count":3,"concept":[{"code":"V","display":"ใช้ พรบ. ผู้ประสบภัยจากรถ"},{"code":"O","display":"ใช้ พรบ. กองทุนเงินทดแทน"},{"code":"B","display":"ใช้ทั้ง พรบ. ผู้ประสบภัย และ พรบ. กองทุนเงินทดแทน"}]}