{"resourceType":"CodeSystem","id":"cs-thcc-materal-appointment-type","text":{"status":"generated","div":"<div xmlns=\"http://www.w3.org/1999/xhtml\"><p>This code system http://terms.sil-th.org/CodeSystem/cs-thcc-materal-appointment-type defines the following codes:</p><table class=\"codes\"><tr><td style=\"white-space:nowrap\"><b>Code</b></td><td><b>Display</b></td></tr><tr><td style=\"white-space:nowrap\">fp<a name=\"cs-thcc-materal-appointment-type-fp\"> </a></td><td>นัดรับบริการวางแผนครอบครัว</td></tr><tr><td style=\"white-space:nowrap\">anc<a name=\"cs-thcc-materal-appointment-type-anc\"> </a></td><td>นัดรับบริการ ANC</td></tr><tr><td style=\"white-space:nowrap\">labor<a name=\"cs-thcc-materal-appointment-type-labor\"> </a></td><td>นัดตรวจหลังคลอด</td></tr><tr><td style=\"white-space:nowrap\">postlabor<a name=\"cs-thcc-materal-appointment-type-postlabor\"> </a></td><td>นัดตรวจหลังคลอดครั้งที่ 2</td></tr></table></div>"},"url":"http://terms.sil-th.org/CodeSystem/cs-thcc-materal-appointment-type","version":"0.1.0","name":"CS_THCC_MeternalAppointmentType","title":"ประเภทการนัดด้านการอนามัยแม่และเด็ก","status":"active","date":"2022-08-16T00:23:13+07:00","description":"ประเภทการนัดด้านการอนามัยแม่และเด็ก ใช้ในโครงสร้างข้อมูล 43 แฟ้ม","jurisdiction":[{"coding":[{"system":"urn:iso:std:iso:3166","code":"TH"}]}],"content":"complete","count":4,"concept":[{"code":"fp","display":"นัดรับบริการวางแผนครอบครัว"},{"code":"anc","display":"นัดรับบริการ ANC"},{"code":"labor","display":"นัดตรวจหลังคลอด"},{"code":"postlabor","display":"นัดตรวจหลังคลอดครั้งที่ 2"}]}