{"resourceType":"CodeSystem","id":"isced-1997-education","text":{"status":"generated","div":"<div xmlns=\"http://www.w3.org/1999/xhtml\"><p>This code system http://terms.sil-th.org/Codesystem/isced-97 defines the following codes:</p><table class=\"codes\"><tr><td><b>Lvl</b></td><td style=\"white-space:nowrap\"><b>Code</b></td><td><b>Display</b></td></tr><tr><td>1</td><td style=\"white-space:nowrap\">1<a name=\"isced-1997-education-1\"> </a></td><td>ระดับก่อนประถมศึกษา</td></tr><tr><td>2</td><td style=\"white-space:nowrap\">  11<a name=\"isced-1997-education-11\"> </a></td><td>สามัญศึกษา</td></tr><tr><td>1</td><td style=\"white-space:nowrap\">2<a name=\"isced-1997-education-2\"> </a></td><td>ระดับประถมศึกษา</td></tr><tr><td>2</td><td style=\"white-space:nowrap\">  21<a name=\"isced-1997-education-21\"> </a></td><td>สามัญศึกษา</td></tr><tr><td>2</td><td style=\"white-space:nowrap\">  24<a name=\"isced-1997-education-24\"> </a></td><td>การศึกษาทางศาสนา : พุทธศึกษา พระปริยัติธรรม แผนกธรรม</td></tr><tr><td>2</td><td style=\"white-space:nowrap\">  25<a name=\"isced-1997-education-25\"> </a></td><td>การศึกษาทางศาสนา :อิสลามศึกษาแผนกสามัญศึกษา</td></tr><tr><td>1</td><td style=\"white-space:nowrap\">3<a name=\"isced-1997-education-3\"> </a></td><td>ระดับมัธยมศึกษาตอนต้น</td></tr><tr><td>2</td><td style=\"white-space:nowrap\">  31<a name=\"isced-1997-education-31\"> </a></td><td>สามัญศึกษา</td></tr><tr><td>2</td><td style=\"white-space:nowrap\">  32<a name=\"isced-1997-education-32\"> </a></td><td>อาชีวศึกษา</td></tr><tr><td>2</td><td style=\"white-space:nowrap\">  33<a name=\"isced-1997-education-33\"> </a></td><td>การศึกษาทางศาสนา : พุทธศึกษา พระปริยัติธรรม แผนกสามัญศึกษา</td></tr><tr><td>2</td><td style=\"white-space:nowrap\">  34<a name=\"isced-1997-education-34\"> </a></td><td>การศึกษาทางศาสนา : พุทธศึกษา พระปริยัติธรรม แผนกบาลี</td></tr><tr><td>2</td><td style=\"white-space:nowrap\">  35<a name=\"isced-1997-education-35\"> </a></td><td>การศึกษาทางศาสนา : อิสลามศึกษาแผนกสามัญศึกษา</td></tr><tr><td>1</td><td style=\"white-space:nowrap\">4<a name=\"isced-1997-education-4\"> </a></td><td>ระดับมัธยมศึกษาตอนปลาย</td></tr><tr><td>2</td><td style=\"white-space:nowrap\">  41<a name=\"isced-1997-education-41\"> </a></td><td>สามัญศึกษา</td></tr><tr><td>2</td><td style=\"white-space:nowrap\">  42<a name=\"isced-1997-education-42\"> </a></td><td>อาชีวศึกษา</td></tr><tr><td>2</td><td style=\"white-space:nowrap\">  43<a name=\"isced-1997-education-43\"> </a></td><td>การศึกษาทางศาสนา : พุทธศึกษา พระปริยัติธรรม แผนกสามัญศึกษา</td></tr><tr><td>2</td><td style=\"white-space:nowrap\">  44<a name=\"isced-1997-education-44\"> </a></td><td>การศึกษาทางศาสนา : พุทธศึกษา พระปริยัติธรรม แผนกบาลี</td></tr><tr><td>2</td><td style=\"white-space:nowrap\">  45<a name=\"isced-1997-education-45\"> </a></td><td>การศึกษาทางศาสนา : อิสลามศึกษาแผนกสามัญศึกษา</td></tr><tr><td>2</td><td style=\"white-space:nowrap\">  46<a name=\"isced-1997-education-46\"> </a></td><td>ประกาศนียบัตรระดับสูงกว่ามัธยมศึกษาตอนปลายแต่ต่ำกว่าอนุปริญญา (ประกาศนียบัตรวิชาชีพพิเศษ : รับผู้จบ ม.6 หรือ ปวช. เรียนต่อสายวิชาชีพ 1-1.5 ปี)</td></tr><tr><td>1</td><td style=\"white-space:nowrap\">5<a name=\"isced-1997-education-5\"> </a></td><td>ระดับสูงกว่ามัธยมศึกษาตอนปลาย (อนุปริญญา)</td></tr><tr><td>2</td><td style=\"white-space:nowrap\">  51<a name=\"isced-1997-education-51\"> </a></td><td>สามัญศึกษา</td></tr><tr><td>2</td><td style=\"white-space:nowrap\">  52<a name=\"isced-1997-education-52\"> </a></td><td>อาชีวศึกษา</td></tr><tr><td>1</td><td style=\"white-space:nowrap\">6<a name=\"isced-1997-education-6\"> </a></td><td>ระดับปริญญาตรี</td></tr><tr><td>2</td><td style=\"white-space:nowrap\">  61<a name=\"isced-1997-education-61\"> </a></td><td>ปริญญาตรี</td></tr><tr><td>2</td><td style=\"white-space:nowrap\">  63<a name=\"isced-1997-education-63\"> </a></td><td>การศึกษาทางศาสนา : พุทธศึกษา</td></tr><tr><td>2</td><td style=\"white-space:nowrap\">  64<a name=\"isced-1997-education-64\"> </a></td><td>การศึกษาทางศาสนา : พุทธศึกษา พระปริยัติธรรม แผนกบาลี</td></tr><tr><td>2</td><td style=\"white-space:nowrap\">  65<a name=\"isced-1997-education-65\"> </a></td><td>การศึกษาทางศาสนา : อิสลามศึกษา</td></tr><tr><td>2</td><td style=\"white-space:nowrap\">  66<a name=\"isced-1997-education-66\"> </a></td><td>ประกาศนียบัตรระดับสูงกว่าปริญญาตรี (ประกาศนียบัตรบัณฑิต)</td></tr><tr><td>1</td><td style=\"white-space:nowrap\">7<a name=\"isced-1997-education-7\"> </a></td><td>ระดับปริญญาตรี</td></tr><tr><td>2</td><td style=\"white-space:nowrap\">  71<a name=\"isced-1997-education-71\"> </a></td><td>ปริญญาโท</td></tr><tr><td>2</td><td style=\"white-space:nowrap\">  73<a name=\"isced-1997-education-73\"> </a></td><td>การศึกษาทางศาสนา : พุทธศึกษา</td></tr><tr><td>2</td><td style=\"white-space:nowrap\">  75<a name=\"isced-1997-education-75\"> </a></td><td>การศึกษาทางศาสนา : อิสลามศึกษา</td></tr><tr><td>2</td><td style=\"white-space:nowrap\">  76<a name=\"isced-1997-education-76\"> </a></td><td>ประกาศนียบัตรระดับสูงกว่าปริญญาโท (ประกาศนียบัตรบัณฑิตชั้นสูง)</td></tr><tr><td>1</td><td style=\"white-space:nowrap\">8<a name=\"isced-1997-education-8\"> </a></td><td>ระดับปริญญาเอก</td></tr><tr><td>2</td><td style=\"white-space:nowrap\">  81<a name=\"isced-1997-education-81\"> </a></td><td>ปริญญาเอก</td></tr><tr><td>2</td><td style=\"white-space:nowrap\">  83<a name=\"isced-1997-education-83\"> </a></td><td>การศึกษาทางศาสนา : พุทธศึกษา</td></tr><tr><td>2</td><td style=\"white-space:nowrap\">  85<a name=\"isced-1997-education-85\"> </a></td><td>การศึกษาทางศาสนา : อิสลามศึกษา</td></tr><tr><td>2</td><td style=\"white-space:nowrap\">  86<a name=\"isced-1997-education-86\"> </a></td><td>ประกาศนียบัตรระดับสูงกว่าปริญญาเอก</td></tr><tr><td>2</td><td style=\"white-space:nowrap\">  87<a name=\"isced-1997-education-87\"> </a></td><td>ประกาศนียบัตรแพทย์เฉพาะทาง</td></tr><tr><td>1</td><td style=\"white-space:nowrap\">9<a name=\"isced-1997-education-9\"> </a></td><td>การศึกษาอื่นๆ</td></tr><tr><td>2</td><td style=\"white-space:nowrap\">  91<a name=\"isced-1997-education-91\"> </a></td><td>หลักสูตรที่ไม่ได้วุฒิการศึกษา</td></tr><tr><td>2</td><td style=\"white-space:nowrap\">  92<a name=\"isced-1997-education-92\"> </a></td><td>การศึกษาที่เทียบระดับไม่ได้</td></tr><tr><td>2</td><td style=\"white-space:nowrap\">  98<a name=\"isced-1997-education-98\"> </a></td><td>เรียนแต่ไม่ทราบระดับการศึกษา</td></tr></table></div>"},"url":"http://terms.sil-th.org/Codesystem/isced-97","version":"0.1.0","name":"ISCED1997Education","title":"ชุดรหัสการศึกษา ISCED 1997","status":"active","date":"2022-07-30T17:25:25+07:00","description":"รหัสมาตรฐานระดับการศึกษา พัฒนาโดยสำนักงานสถิติแห่งชาติ (สสช) โดยอ้างอิงมาตรฐานจำแนกการศึกษาสากล (International Standard Classification of Education: ISCED 1997) ของ UNESCO และนำมาประยุกต์เพิ่มรายละเอียดให้เหมาะสมกับระบบการศึกษาของประเทศไทย","jurisdiction":[{"coding":[{"system":"urn:iso:std:iso:3166","code":"TH"}]}],"content":"complete","count":43,"concept":[{"code":"1","display":"ระดับก่อนประถมศึกษา","concept":[{"code":"11","display":"สามัญศึกษา"}]},{"code":"2","display":"ระดับประถมศึกษา","concept":[{"code":"21","display":"สามัญศึกษา"},{"code":"24","display":"การศึกษาทางศาสนา : พุทธศึกษา พระปริยัติธรรม แผนกธรรม"},{"code":"25","display":"การศึกษาทางศาสนา :อิสลามศึกษาแผนกสามัญศึกษา"}]},{"code":"3","display":"ระดับมัธยมศึกษาตอนต้น","concept":[{"code":"31","display":"สามัญศึกษา"},{"code":"32","display":"อาชีวศึกษา"},{"code":"33","display":"การศึกษาทางศาสนา : พุทธศึกษา พระปริยัติธรรม แผนกสามัญศึกษา"},{"code":"34","display":"การศึกษาทางศาสนา : พุทธศึกษา พระปริยัติธรรม แผนกบาลี"},{"code":"35","display":"การศึกษาทางศาสนา : อิสลามศึกษาแผนกสามัญศึกษา"}]},{"code":"4","display":"ระดับมัธยมศึกษาตอนปลาย","concept":[{"code":"41","display":"สามัญศึกษา"},{"code":"42","display":"อาชีวศึกษา"},{"code":"43","display":"การศึกษาทางศาสนา : พุทธศึกษา พระปริยัติธรรม แผนกสามัญศึกษา"},{"code":"44","display":"การศึกษาทางศาสนา : พุทธศึกษา พระปริยัติธรรม แผนกบาลี"},{"code":"45","display":"การศึกษาทางศาสนา : อิสลามศึกษาแผนกสามัญศึกษา"},{"code":"46","display":"ประกาศนียบัตรระดับสูงกว่ามัธยมศึกษาตอนปลายแต่ต่ำกว่าอนุปริญญา (ประกาศนียบัตรวิชาชีพพิเศษ : รับผู้จบ ม.6 หรือ ปวช. เรียนต่อสายวิชาชีพ 1-1.5 ปี)"}]},{"code":"5","display":"ระดับสูงกว่ามัธยมศึกษาตอนปลาย (อนุปริญญา)","concept":[{"code":"51","display":"สามัญศึกษา"},{"code":"52","display":"อาชีวศึกษา"}]},{"code":"6","display":"ระดับปริญญาตรี","concept":[{"code":"61","display":"ปริญญาตรี"},{"code":"63","display":"การศึกษาทางศาสนา : พุทธศึกษา"},{"code":"64","display":"การศึกษาทางศาสนา : พุทธศึกษา พระปริยัติธรรม แผนกบาลี"},{"code":"65","display":"การศึกษาทางศาสนา : อิสลามศึกษา"},{"code":"66","display":"ประกาศนียบัตรระดับสูงกว่าปริญญาตรี (ประกาศนียบัตรบัณฑิต)"}]},{"code":"7","display":"ระดับปริญญาตรี","concept":[{"code":"71","display":"ปริญญาโท"},{"code":"73","display":"การศึกษาทางศาสนา : พุทธศึกษา"},{"code":"75","display":"การศึกษาทางศาสนา : อิสลามศึกษา"},{"code":"76","display":"ประกาศนียบัตรระดับสูงกว่าปริญญาโท (ประกาศนียบัตรบัณฑิตชั้นสูง)"}]},{"code":"8","display":"ระดับปริญญาเอก","concept":[{"code":"81","display":"ปริญญาเอก"},{"code":"83","display":"การศึกษาทางศาสนา : พุทธศึกษา"},{"code":"85","display":"การศึกษาทางศาสนา : อิสลามศึกษา"},{"code":"86","display":"ประกาศนียบัตรระดับสูงกว่าปริญญาเอก"},{"code":"87","display":"ประกาศนียบัตรแพทย์เฉพาะทาง"}]},{"code":"9","display":"การศึกษาอื่นๆ","concept":[{"code":"91","display":"หลักสูตรที่ไม่ได้วุฒิการศึกษา"},{"code":"92","display":"การศึกษาที่เทียบระดับไม่ได้"},{"code":"98","display":"เรียนแต่ไม่ทราบระดับการศึกษา"}]}]}