{"resourceType":"CodeSystem","id":"cs-thcc-labor-performer-role","text":{"status":"generated","div":"<div xmlns=\"http://www.w3.org/1999/xhtml\"><p>This code system http://terms.sil-th.org/CodeSystem/cs-thcc-labor-performer-role defines the following codes:</p><table class=\"codes\"><tr><td style=\"white-space:nowrap\"><b>Code</b></td><td><b>Display</b></td></tr><tr><td style=\"white-space:nowrap\">1<a name=\"cs-thcc-labor-performer-role-1\"> </a></td><td>แพทย์</td></tr><tr><td style=\"white-space:nowrap\">2<a name=\"cs-thcc-labor-performer-role-2\"> </a></td><td>พยาบาล</td></tr><tr><td style=\"white-space:nowrap\">3<a name=\"cs-thcc-labor-performer-role-3\"> </a></td><td>เจ้าหน้าที่สาธารณสุข(ที่ไม่ใช่แพทย์ พยาบาล)</td></tr><tr><td style=\"white-space:nowrap\">4<a name=\"cs-thcc-labor-performer-role-4\"> </a></td><td>ผดุงครรภ์โบราณ</td></tr><tr><td style=\"white-space:nowrap\">5<a name=\"cs-thcc-labor-performer-role-5\"> </a></td><td>คลอดเอง</td></tr><tr><td style=\"white-space:nowrap\">6<a name=\"cs-thcc-labor-performer-role-6\"> </a></td><td>อื่นๆ</td></tr></table></div>"},"url":"http://terms.sil-th.org/CodeSystem/cs-thcc-labor-performer-role","version":"0.1.0","name":"CS_THCC_LaborPerformerRole","title":"รหัสประเภทของผู้ทำคลอด","status":"active","date":"2022-08-16T21:51:46+07:00","description":"รหัสประเภทของผู้ทำคลอด ตามโครงสร้างข้อมูล 43 แฟ้ม","jurisdiction":[{"coding":[{"system":"urn:iso:std:iso:3166","code":"TH"}]}],"content":"complete","count":6,"concept":[{"code":"1","display":"แพทย์"},{"code":"2","display":"พยาบาล"},{"code":"3","display":"เจ้าหน้าที่สาธารณสุข(ที่ไม่ใช่แพทย์ พยาบาล)"},{"code":"4","display":"ผดุงครรภ์โบราณ"},{"code":"5","display":"คลอดเอง"},{"code":"6","display":"อื่นๆ"}]}