{"resourceType":"CodeSystem","id":"cs-thcc-functional-conclusion","text":{"status":"generated","div":"<div xmlns=\"http://www.w3.org/1999/xhtml\"><p>This code system http://terms.sil-th.org/CodeSystem/cs-thcc-functional-conclusion defines the following codes:</p><table class=\"codes\"><tr><td style=\"white-space:nowrap\"><b>Code</b></td><td><b>Display</b></td></tr><tr><td style=\"white-space:nowrap\">1<a name=\"cs-thcc-functional-conclusion-1\"> </a></td><td>ไม่พึ่งพิง</td></tr><tr><td style=\"white-space:nowrap\">2<a name=\"cs-thcc-functional-conclusion-2\"> </a></td><td>พึ่งพิงน้อย</td></tr><tr><td style=\"white-space:nowrap\">3<a name=\"cs-thcc-functional-conclusion-3\"> </a></td><td>พึ่งพิงมาก</td></tr></table></div>"},"url":"http://terms.sil-th.org/CodeSystem/cs-thcc-functional-conclusion","version":"0.1.0","name":"CS_THCC_FunctionalConclusion","title":"รหัสภาวะพึ่งพิงของผู้สูงอายุ","status":"active","date":"2022-08-16T23:36:06+07:00","description":"รหัสภาวะพึ่งพิงของผู้สูงอายุ จาก THCC ซึ่งใช้ในโครงสร้างข้อมูล 43 แฟ้ม","jurisdiction":[{"coding":[{"system":"urn:iso:std:iso:3166","code":"TH"}]}],"content":"complete","count":3,"concept":[{"code":"1","display":"ไม่พึ่งพิง"},{"code":"2","display":"พึ่งพิงน้อย"},{"code":"3","display":"พึ่งพิงมาก"}]}