{"resourceType":"CodeSystem","id":"cs-thcc-house-type","text":{"status":"generated","div":"<div xmlns=\"http://www.w3.org/1999/xhtml\"><p>This code system https://terms.sil-th.org/CodeSystem/cs-thcc-house-type defines the following codes:</p><table class=\"codes\"><tr><td style=\"white-space:nowrap\"><b>Code</b></td><td><b>Display</b></td></tr><tr><td style=\"white-space:nowrap\">1<a name=\"cs-thcc-house-type-1\"> </a></td><td>บ้านเดี่ยว บ้านแฝด</td></tr><tr><td style=\"white-space:nowrap\">2<a name=\"cs-thcc-house-type-2\"> </a></td><td>ทาวน์เฮาส์ ทาวน์โฮม</td></tr><tr><td style=\"white-space:nowrap\">3<a name=\"cs-thcc-house-type-3\"> </a></td><td>คอนโดมิเนียม</td></tr><tr><td style=\"white-space:nowrap\">4<a name=\"cs-thcc-house-type-4\"> </a></td><td>อพาร์ทเมนท์ หอพัก</td></tr><tr><td style=\"white-space:nowrap\">5<a name=\"cs-thcc-house-type-5\"> </a></td><td>บ้านพักคนงาน</td></tr><tr><td style=\"white-space:nowrap\">6<a name=\"cs-thcc-house-type-6\"> </a></td><td>ศาสนสถาน</td></tr><tr><td style=\"white-space:nowrap\">8<a name=\"cs-thcc-house-type-8\"> </a></td><td>อื่นๆ</td></tr><tr><td style=\"white-space:nowrap\">9<a name=\"cs-thcc-house-type-9\"> </a></td><td>ไม่ทราบ</td></tr></table></div>"},"url":"https://terms.sil-th.org/CodeSystem/cs-thcc-house-type","version":"0.1.0","name":"CS_THCC_HouseType","title":"รหัสลักษณะที่อยู่","status":"active","date":"2022-08-17T01:34:31+07:00","description":"รหัสลักษณะที่อยู่ จาก THCC ซึ่งใช้ในโครงสร้างข้อมูล 43 แฟ้ม","jurisdiction":[{"coding":[{"system":"urn:iso:std:iso:3166","code":"TH"}]}],"content":"complete","count":8,"concept":[{"code":"1","display":"บ้านเดี่ยว บ้านแฝด"},{"code":"2","display":"ทาวน์เฮาส์ ทาวน์โฮม"},{"code":"3","display":"คอนโดมิเนียม"},{"code":"4","display":"อพาร์ทเมนท์ หอพัก"},{"code":"5","display":"บ้านพักคนงาน"},{"code":"6","display":"ศาสนสถาน"},{"code":"8","display":"อื่นๆ"},{"code":"9","display":"ไม่ทราบ"}]}