{"resourceType":"CodeSystem","id":"cs-thcc-discharge-status","text":{"status":"generated","div":"<div xmlns=\"http://www.w3.org/1999/xhtml\"><p>This code system http://terms.sil-th.org/CodeSystem/cs-thcc-discharge-status defines the following codes:</p><table class=\"codes\"><tr><td style=\"white-space:nowrap\"><b>Code</b></td><td><b>Display</b></td></tr><tr><td style=\"white-space:nowrap\">1<a name=\"cs-thcc-discharge-status-1\"> </a></td><td>จำหน่ายกลับบ้าน</td></tr><tr><td style=\"white-space:nowrap\">2<a name=\"cs-thcc-discharge-status-2\"> </a></td><td>รับไว้รักษาต่อในแผนกผู้ป่วยใน</td></tr><tr><td style=\"white-space:nowrap\">3<a name=\"cs-thcc-discharge-status-3\"> </a></td><td>ส่งต่อไปยังสถานพยาบาลอื่น</td></tr><tr><td style=\"white-space:nowrap\">4<a name=\"cs-thcc-discharge-status-4\"> </a></td><td>เสียชีวิต</td></tr><tr><td style=\"white-space:nowrap\">5<a name=\"cs-thcc-discharge-status-5\"> </a></td><td>เสียชีวิตก่อนมาถึงสถานพยาบาล</td></tr><tr><td style=\"white-space:nowrap\">6<a name=\"cs-thcc-discharge-status-6\"> </a></td><td>เสียชีวิตระหว่างส่งต่อไปยังสถานพยาบาลอื่น</td></tr><tr><td style=\"white-space:nowrap\">7<a name=\"cs-thcc-discharge-status-7\"> </a></td><td>ปฏิเสธการรักษา</td></tr><tr><td style=\"white-space:nowrap\">8<a name=\"cs-thcc-discharge-status-8\"> </a></td><td>หนีกลับ</td></tr></table></div>"},"url":"http://terms.sil-th.org/CodeSystem/cs-thcc-discharge-status","version":"0.1.0","name":"CS_THCC_DischargeStatus","title":"รหัสสถานที่รับบริการ","status":"active","date":"2022-08-10T01:32:39+07:00","description":"รหัสสถานที่รับบริการ ตามโครงสร้างข้อมูล 43 แฟ้ม","jurisdiction":[{"coding":[{"system":"urn:iso:std:iso:3166","code":"TH"}]}],"content":"complete","count":8,"concept":[{"code":"1","display":"จำหน่ายกลับบ้าน"},{"code":"2","display":"รับไว้รักษาต่อในแผนกผู้ป่วยใน"},{"code":"3","display":"ส่งต่อไปยังสถานพยาบาลอื่น"},{"code":"4","display":"เสียชีวิต"},{"code":"5","display":"เสียชีวิตก่อนมาถึงสถานพยาบาล"},{"code":"6","display":"เสียชีวิตระหว่างส่งต่อไปยังสถานพยาบาลอื่น"},{"code":"7","display":"ปฏิเสธการรักษา"},{"code":"8","display":"หนีกลับ"}]}