{"resourceType":"CodeSystem","id":"cs-thcc-educationlevel","text":{"status":"generated","div":"<div xmlns=\"http://www.w3.org/1999/xhtml\"><p>This code system https://terms.sil-th.org/Codesystem/cs-thcc-educationlevel defines the following codes:</p><table class=\"codes\"><tr><td style=\"white-space:nowrap\"><b>Code</b></td><td><b>Display</b></td><td><b>Definition</b></td></tr><tr><td style=\"white-space:nowrap\">00<a name=\"cs-thcc-educationlevel-00\"> </a></td><td>ไม่ได้ศึกษา/ไม่มีวุฒิการศึกษา</td><td/></tr><tr><td style=\"white-space:nowrap\">01<a name=\"cs-thcc-educationlevel-01\"> </a></td><td>ก่อนประถมศึกษา</td><td>ระดับการศึกษา เตรียมอนุบาล,อนุบาล,เด็กเล็ก,ต่ำกว่าประถมศึกษา</td></tr><tr><td style=\"white-space:nowrap\">02<a name=\"cs-thcc-educationlevel-02\"> </a></td><td>ประถมศึกษา</td><td>ระดับการศึกษา ประถมศึกษาปีที่ 1-7</td></tr><tr><td style=\"white-space:nowrap\">03<a name=\"cs-thcc-educationlevel-03\"> </a></td><td>มัธยมศึกษา</td><td>ระดับการศึกษา มัธยมศึกษาตอนต้น (ม.1-3) / มัธยมศึกษาตอนปลาย (ม.4- 6) มัธยมศึกษาตอนต้นสายสามัญ (ม.ศ.1-3) / มัธยมศึกษาตอนปลาย สายสามัญ (ม.ศ.4-5) / มัธยมศึกษา(ม.1-8) / ประกาศนียบัตรวิชาชีพ (ปวช.) </td></tr><tr><td style=\"white-space:nowrap\">04<a name=\"cs-thcc-educationlevel-04\"> </a></td><td>อนุปริญญา</td><td>ระดับการศึกษา ประกาศนียบัตรวิชาชีพ เทคนิค (ปวท.) ประกาศนียบัตรวิชาชีพชั้นสูง(ปวส.), อนุปริญญา, นาฎศิลป์ชั้นสูง</td></tr><tr><td style=\"white-space:nowrap\">05<a name=\"cs-thcc-educationlevel-05\"> </a></td><td>ปริญญาตรี</td><td>ระดับการศึกษา ปริญญาตรี,ประกาศนียบัตรวิชาชีพเทคนิคครูชั้นสูง ประกาศนียบัตรบัณฑิต</td></tr><tr><td style=\"white-space:nowrap\">06<a name=\"cs-thcc-educationlevel-06\"> </a></td><td>สูงกว่าปริญญาตรี</td><td>ระดับการศึกษา ปริญญาโท,ประกาศนียบัตรบัณฑิตชั้นสูง ปริญญาเอก/เทียบเท่า</td></tr><tr><td style=\"white-space:nowrap\">09<a name=\"cs-thcc-educationlevel-09\"> </a></td><td>ไม่ระบุ/ไม่ทราบ</td><td>ไม่ได้ระบุไว้ตามที่กำหนด</td></tr></table></div>"},"url":"https://terms.sil-th.org/Codesystem/cs-thcc-educationlevel","version":"0.1.0","name":"CS_THCC_EducationLevel","title":"ชุดรหัสการศึกษา","status":"active","date":"2022-07-30T17:25:25+07:00","description":"ชุดรหัสการศึกษา จาก THCC ซึ่งใช้ในโครงสร้างข้อมูล 43 แฟ้ม","jurisdiction":[{"coding":[{"system":"urn:iso:std:iso:3166","code":"TH"}]}],"content":"complete","count":8,"concept":[{"code":"00","display":"ไม่ได้ศึกษา/ไม่มีวุฒิการศึกษา"},{"code":"01","display":"ก่อนประถมศึกษา","definition":"ระดับการศึกษา เตรียมอนุบาล,อนุบาล,เด็กเล็ก,ต่ำกว่าประถมศึกษา"},{"code":"02","display":"ประถมศึกษา","definition":"ระดับการศึกษา ประถมศึกษาปีที่ 1-7"},{"code":"03","display":"มัธยมศึกษา","definition":"ระดับการศึกษา มัธยมศึกษาตอนต้น (ม.1-3) / มัธยมศึกษาตอนปลาย (ม.4- 6) มัธยมศึกษาตอนต้นสายสามัญ (ม.ศ.1-3) / มัธยมศึกษาตอนปลาย สายสามัญ (ม.ศ.4-5) / มัธยมศึกษา(ม.1-8) / ประกาศนียบัตรวิชาชีพ (ปวช.) "},{"code":"04","display":"อนุปริญญา","definition":"ระดับการศึกษา ประกาศนียบัตรวิชาชีพ เทคนิค (ปวท.) ประกาศนียบัตรวิชาชีพชั้นสูง(ปวส.), อนุปริญญา, นาฎศิลป์ชั้นสูง"},{"code":"05","display":"ปริญญาตรี","definition":"ระดับการศึกษา ปริญญาตรี,ประกาศนียบัตรวิชาชีพเทคนิคครูชั้นสูง ประกาศนียบัตรบัณฑิต"},{"code":"06","display":"สูงกว่าปริญญาตรี","definition":"ระดับการศึกษา ปริญญาโท,ประกาศนียบัตรบัณฑิตชั้นสูง ปริญญาเอก/เทียบเท่า"},{"code":"09","display":"ไม่ระบุ/ไม่ทราบ","definition":"ไม่ได้ระบุไว้ตามที่กำหนด"}]}