{"resourceType":"ImplementationGuide","id":"sil-th-terminology","text":{"status":"extensions","div":"<div xmlns=\"http://www.w3.org/1999/xhtml\"><h2>SilTHTerminology</h2><p>The official URL for this implementation guide is: </p><pre>https://terms.sil-th.org/ImplementationGuide/sil-th-terminology</pre><div><p>A terminology registry which an be cited by FHIR artifacts</p>\n</div></div>"},"url":"https://terms.sil-th.org/ImplementationGuide/sil-th-terminology","version":"0.1.0","name":"SilTHTerminology","title":"(Draft) SIL-TH Terminology","status":"draft","date":"2022-08-02T11:14:26+07:00","description":"A terminology registry which an be cited by FHIR artifacts","jurisdiction":[{"coding":[{"system":"urn:iso:std:iso:3166","code":"TH"}]}],"packageId":"sil-th-terminology","license":"CC0-1.0","fhirVersion":["4.3.0"],"dependsOn":[{"id":"hl7tx","uri":"http://terminology.hl7.org/ImplementationGuide/hl7.terminology","packageId":"hl7.terminology.r4","version":"3.1.0"}],"definition":{"grouping":[{"id":"-term-codesystem","name":"Terminology: Code Systems","description":"These define new code systems used by systems conforming to this implementation guide"},{"id":"-term-namingsystem","name":"Terminology: Naming Systems","description":"These define identifier and/or code system identities used by systems conforming to this implementation guide"}],"resource":[{"extension":[{"url":"http://hl7.org/fhir/StructureDefinition/implementationguide-page","valueUri":"CodeSystem-cs-dopa-location.html"}],"reference":{"reference":"CodeSystem/cs-dopa-location"},"name":"รหัสสถานที่","description":"รหัสสถานที่ อ้างอิงตามรหัสกรมการปกครอง","exampleBoolean":false,"groupingId":"-term-codesystem"},{"extension":[{"url":"http://hl7.org/fhir/StructureDefinition/implementationguide-page","valueUri":"CodeSystem-cs-dopa-nameprefix.html"}],"reference":{"reference":"CodeSystem/cs-dopa-nameprefix"},"name":"รหัสคำนำหน้าชื่อ","description":"รหัสคำนำหน้าชื่อ จาก THCC ซึ่งใช้ในโครงสร้างข้อมูล 43 แฟ้ม อ้างอิงตามรหัสกรมการปกครอง","exampleBoolean":false,"groupingId":"-term-codesystem"},{"extension":[{"url":"http://hl7.org/fhir/StructureDefinition/implementationguide-page","valueUri":"CodeSystem-cs-int-isco-08.html"}],"reference":{"reference":"CodeSystem/cs-int-isco-08"},"name":"ชุดรหัสอาชีพ ISCO-08","description":"ชุดรหัสอาชีพ ตามระบบ ISCO-08 The International Standard Classification of Occupations 2008 (ISCO-08) is a four-level hierarchically structured classification that covers all jobs in the world. Developed with the benefit of accumulated national and international experience as well as the help of experts from many countries and agencies, ISCO-08 is fully supported by the international community as an accepted standard for international labour statistics.","exampleBoolean":false,"groupingId":"-term-codesystem"},{"extension":[{"url":"http://hl7.org/fhir/StructureDefinition/implementationguide-page","valueUri":"CodeSystem-cs-thcc-43filetype.html"}],"reference":{"reference":"CodeSystem/cs-thcc-43filetype"},"name":"รายการโครงสร้างข้อมูล 43 แฟ้ม plus","description":"เกิดจากการบูรณาการของโครงสร้างข้อมูล 43 แฟ้มเดิมและโครงสร้างอื่น ๆ","exampleBoolean":false,"groupingId":"-term-codesystem"},{"extension":[{"url":"http://hl7.org/fhir/StructureDefinition/implementationguide-page","valueUri":"CodeSystem-cs-thcc-death-location-type.html"}],"reference":{"reference":"CodeSystem/cs-thcc-death-location-type"},"name":"รหัสสถานที่ตาย","description":"รหัสสถานที่ตาย จาก THCC ซึ่งใช้ในโครงสร้างข้อมูล 43 แฟ้ม","exampleBoolean":false,"groupingId":"-term-codesystem"},{"extension":[{"url":"http://hl7.org/fhir/StructureDefinition/implementationguide-page","valueUri":"CodeSystem-cs-thcc-death-pregnancy.html"}],"reference":{"reference":"CodeSystem/cs-thcc-death-pregnancy"},"name":"การเสียชีวิตที่เกี่ยวข้องกับตั้งครรภ์และการคลอด","description":"การเสียชีวิตที่เกี่ยวข้องกับตั้งครรภ์และการคลอด จาก THCC ซึ่งใช้ในโครงสร้างข้อมูล 43 แฟ้ม","exampleBoolean":false,"groupingId":"-term-codesystem"},{"extension":[{"url":"http://hl7.org/fhir/StructureDefinition/implementationguide-page","valueUri":"CodeSystem-cs-thcc-educationlevel.html"}],"reference":{"reference":"CodeSystem/cs-thcc-educationlevel"},"name":"ชุดรหัสการศึกษา","description":"ชุดรหัสการศึกษา จาก THCC ซึ่งใช้ในโครงสร้างข้อมูล 43 แฟ้ม","exampleBoolean":false,"groupingId":"-term-codesystem"},{"extension":[{"url":"http://hl7.org/fhir/StructureDefinition/implementationguide-page","valueUri":"CodeSystem-cs-thcc-house-type.html"}],"reference":{"reference":"CodeSystem/cs-thcc-house-type"},"name":"รหัสลักษณะที่อยู่ ","description":"รหัสลักษณะที่อยู่  จาก THCC ซึ่งใช้ในโครงสร้างข้อมูล 43 แฟ้ม","exampleBoolean":false,"groupingId":"-term-codesystem"},{"extension":[{"url":"http://hl7.org/fhir/StructureDefinition/implementationguide-page","valueUri":"CodeSystem-cs-thcc-marital.html"}],"reference":{"reference":"CodeSystem/cs-thcc-marital"},"name":"สถานะการสมรส","description":"สถานะการสมรส จาก THCC ซึ่งใช้ในโครงสร้างข้อมูล 43 แฟ้ม","exampleBoolean":false,"groupingId":"-term-codesystem"},{"extension":[{"url":"http://hl7.org/fhir/StructureDefinition/implementationguide-page","valueUri":"CodeSystem-cs-thcc-nationality.html"}],"reference":{"reference":"CodeSystem/cs-thcc-nationality"},"name":"ชุดรหัสเชื้อชาติ-สัญชาติ","description":"ชุดรหัสเชื้อชาติ-สัญชาติ จาก THCC ซึ่งใช้ในโครงสร้างข้อมูล 43 แฟ้ม","exampleBoolean":false,"groupingId":"-term-codesystem"},{"extension":[{"url":"http://hl7.org/fhir/StructureDefinition/implementationguide-page","valueUri":"CodeSystem-cs-thcc-occupation.html"}],"reference":{"reference":"CodeSystem/cs-thcc-occupation"},"name":"ชุดรหัสอาชีพ","description":"ชุดรหัสอาชีพ จาก THCC ซึ่งใช้ในโครงสร้างข้อมูล 43 แฟ้ม","exampleBoolean":false,"groupingId":"-term-codesystem"},{"extension":[{"url":"http://hl7.org/fhir/StructureDefinition/implementationguide-page","valueUri":"CodeSystem-cs-thcc-person-status.html"}],"reference":{"reference":"CodeSystem/cs-thcc-person-status"},"name":"สถานะบุคคล","description":"สถานะบุคคล จาก THCC ซึ่งใช้ในโครงสร้างข้อมูล 43 แฟ้ม","exampleBoolean":false,"groupingId":"-term-codesystem"},{"extension":[{"url":"http://hl7.org/fhir/StructureDefinition/implementationguide-page","valueUri":"CodeSystem-cs-thcc-pid-remove-reason.html"}],"reference":{"reference":"CodeSystem/cs-thcc-pid-remove-reason"},"name":"สถานะ/สาเหตุการจำหน่าย","description":"สถานะ/สาเหตุการจำหน่าย จาก THCC ซึ่งใช้ในโครงสร้างข้อมูล 43 แฟ้ม","exampleBoolean":false,"groupingId":"-term-codesystem"},{"extension":[{"url":"http://hl7.org/fhir/StructureDefinition/implementationguide-page","valueUri":"CodeSystem-cs-thcc-religion.html"}],"reference":{"reference":"CodeSystem/cs-thcc-religion"},"name":"ชุดรหัสศาสนา","description":"ชุดรหัสศาสนา จาก THCC ซึ่งใช้ในโครงสร้างข้อมูล 43 แฟ้ม","exampleBoolean":false,"groupingId":"-term-codesystem"},{"extension":[{"url":"http://hl7.org/fhir/StructureDefinition/implementationguide-page","valueUri":"CodeSystem-cs-thcc-social-obs-type.html"}],"reference":{"reference":"CodeSystem/cs-thcc-social-obs-type"},"name":"ชนิดประวัติทางสังคม","description":"ใช้ระบุชนิดประวัติทางสังคมต่าง ๆ ซึ่งใช้ในโครงสร้างข้อมูล 43 แฟ้ม","exampleBoolean":false,"groupingId":"-term-codesystem"},{"extension":[{"url":"http://hl7.org/fhir/StructureDefinition/implementationguide-page","valueUri":"CodeSystem-cs-thcc-status-in-family.html"}],"reference":{"reference":"CodeSystem/cs-thcc-status-in-family"},"name":"สถานะในครอบครัว","description":"ใช้ระบุสถานะในครอบครัว ซึ่งใช้ในโครงสร้างข้อมูล 43 แฟ้ม","exampleBoolean":false,"groupingId":"-term-codesystem"},{"extension":[{"url":"http://hl7.org/fhir/StructureDefinition/implementationguide-page","valueUri":"CodeSystem-cs-thcc-status-in-village.html"}],"reference":{"reference":"CodeSystem/cs-thcc-status-in-village"},"name":"สถานะในชุมชน","description":"ใช้ระบุสถานะในชุมชน ซึ่งใช้ในโครงสร้างข้อมูล 43 แฟ้ม","exampleBoolean":false,"groupingId":"-term-codesystem"},{"extension":[{"url":"http://hl7.org/fhir/StructureDefinition/implementationguide-page","valueUri":"CodeSystem-cs-thcc-43file-type.html"}],"reference":{"reference":"CodeSystem/cs-thcc-43file-type"},"name":"ชุดรหัสการศึกษา ISCED 1997","description":"รหัสมาตรฐานระดับการศึกษา พัฒนาโดยสำนักงานสถิติแห่งชาติ (สสช) โดยอ้างอิงมาตรฐานจำแนกการศึกษาสากล (International Standard Classification of Education: ISCED 1997) ของ UNESCO และนำมาประยุกต์เพิ่มรายละเอียดให้เหมาะสมกับระบบการศึกษาของประเทศไทย","exampleBoolean":false,"groupingId":"-term-codesystem"},{"extension":[{"url":"http://hl7.org/fhir/StructureDefinition/implementationguide-page","valueUri":"NamingSystem-IDDopaHouseNo.html"}],"reference":{"reference":"NamingSystem/IDDopaHouseNo"},"name":"รหัสประจำบ้าน","description":"รหัสประจำบ้าน เลขรหัสที่อยู่ในสมุดทะเบียนบ้าน ออกโดยกรมการปกครอง","exampleBoolean":false,"groupingId":"-term-namingsystem"},{"extension":[{"url":"http://hl7.org/fhir/StructureDefinition/implementationguide-page","valueUri":"NamingSystem-IDHcode.html"}],"reference":{"reference":"NamingSystem/IDHcode"},"name":"เลขรหัสสถานพยาบาล","description":"เลขรหัสสถานพยาบาล 5 หลักและ 9 หลัก ออกโดยกองยุทธศาสตร์และแผนงาน สำนักงานปลัดกระทรวงสาธารณสุข","exampleBoolean":false,"groupingId":"-term-namingsystem"},{"extension":[{"url":"http://hl7.org/fhir/StructureDefinition/implementationguide-page","valueUri":"NamingSystem-IDThaiCid.html"}],"reference":{"reference":"NamingSystem/IDThaiCid"},"name":"เลขประจำตัวประชาชนไทย","description":"เลขประจำตัวประชาชน ออกโดย กรมการปกครอง กระทรวงมหาดไทย","exampleBoolean":false,"groupingId":"-term-namingsystem"},{"extension":[{"url":"http://hl7.org/fhir/StructureDefinition/implementationguide-page","valueUri":"NamingSystem-IDThaiDentist.html"}],"reference":{"reference":"NamingSystem/IDThaiDentist"},"name":"เลขประจำตัวทันตแพทย์","description":"เลขที่ใบประกอบวิชาชีพทันตกรรม (Thai Dental License Number)","exampleBoolean":false,"groupingId":"-term-namingsystem"},{"extension":[{"url":"http://hl7.org/fhir/StructureDefinition/implementationguide-page","valueUri":"NamingSystem-IDThaiDoctor.html"}],"reference":{"reference":"NamingSystem/IDThaiDoctor"},"name":"เลขประจำตัวแพทย์","description":"เลขที่ใบประกอบวิชาชีพเวชกรรม (Thai Medical License Number)","exampleBoolean":false,"groupingId":"-term-namingsystem"},{"extension":[{"url":"http://hl7.org/fhir/StructureDefinition/implementationguide-page","valueUri":"NamingSystem-IDThaiMedTech.html"}],"reference":{"reference":"NamingSystem/IDThaiMedTech"},"name":"เลขประจำตัวนักเทคนิคการแพทย์","description":"เลขที่ใบประกอบวิชาชีพเทคนิคการแพทย์ (Thai Medical Technologist License Number)","exampleBoolean":false,"groupingId":"-term-namingsystem"},{"extension":[{"url":"http://hl7.org/fhir/StructureDefinition/implementationguide-page","valueUri":"NamingSystem-IDThaiNurse.html"}],"reference":{"reference":"NamingSystem/IDThaiNurse"},"name":"เลขประจำตัวพยาบาล","description":"เลขที่ใบประกอบวิชาชีพพยาบาล (Thai Registered Nurse Number)","exampleBoolean":false,"groupingId":"-term-namingsystem"},{"extension":[{"url":"http://hl7.org/fhir/StructureDefinition/implementationguide-page","valueUri":"NamingSystem-IDThaiPharmacist.html"}],"reference":{"reference":"NamingSystem/IDThaiPharmacist"},"name":"เลขประจำตัวเภสัชกร","description":"เลขที่ใบประกอบวิชาชีพเภสัชกรรม (Thai Pharmacist License Number)","exampleBoolean":false,"groupingId":"-term-namingsystem"},{"extension":[{"url":"http://hl7.org/fhir/StructureDefinition/implementationguide-page","valueUri":"NamingSystem-IDThaiPhysio.html"}],"reference":{"reference":"NamingSystem/IDThaiPhysio"},"name":"เลขประจำตัวนักกายภาพบำบัด","description":"เลขที่ใบประกอบวิชาชีพนักกายภาพบำบัด (Thai Physical Therapist License Number)","exampleBoolean":false,"groupingId":"-term-namingsystem"},{"extension":[{"url":"http://hl7.org/fhir/StructureDefinition/implementationguide-page","valueUri":"NamingSystem-IDThaiVet.html"}],"reference":{"reference":"NamingSystem/IDThaiVet"},"name":"เลขประจำตัวสัตวแพทย์","description":"เลขที่ใบประกอบวิชาชีพการสัตวแพทย์ (Thai Veterinary License Number)","exampleBoolean":false,"groupingId":"-term-namingsystem"},{"extension":[{"url":"http://hl7.org/fhir/StructureDefinition/implementationguide-page","valueUri":"NamingSystem-IDThaiWorkPermit.html"}],"reference":{"reference":"NamingSystem/IDThaiWorkPermit"},"name":"เลขที่ใบอนุญาตทำงานคนต่างด้าว","description":"เลขที่ใบอนุญาตทำงานคนต่างด้าว ออกโดย กรมการจัดหางาน กระทรวงแรงงาน","exampleBoolean":false,"groupingId":"-term-namingsystem"}],"page":{"nameUrl":"toc.html","title":"Table of Contents","generation":"html","page":[{"nameUrl":"index.html","title":"Home","generation":"markdown"},{"nameUrl":"identifier-systems.html","title":"Identifier Systems","generation":"markdown"},{"nameUrl":"artifacts.html","title":"Artifacts Summary","generation":"html","page":[{"nameUrl":"CodeSystem-cs-dopa-location.html","title":"รหัสสถานที่","generation":"generated"},{"nameUrl":"CodeSystem-cs-dopa-nameprefix.html","title":"รหัสคำนำหน้าชื่อ","generation":"generated"},{"nameUrl":"CodeSystem-cs-int-isco-08.html","title":"ชุดรหัสอาชีพ ISCO-08","generation":"generated"},{"nameUrl":"CodeSystem-cs-thcc-43filetype.html","title":"รายการโครงสร้างข้อมูล 43 แฟ้ม plus","generation":"generated"},{"nameUrl":"CodeSystem-cs-thcc-death-location-type.html","title":"รหัสสถานที่ตาย","generation":"generated"},{"nameUrl":"CodeSystem-cs-thcc-death-pregnancy.html","title":"การเสียชีวิตที่เกี่ยวข้องกับตั้งครรภ์และการคลอด","generation":"generated"},{"nameUrl":"CodeSystem-cs-thcc-educationlevel.html","title":"ชุดรหัสการศึกษา","generation":"generated"},{"nameUrl":"CodeSystem-cs-thcc-house-type.html","title":"รหัสลักษณะที่อยู่ ","generation":"generated"},{"nameUrl":"CodeSystem-cs-thcc-marital.html","title":"สถานะการสมรส","generation":"generated"},{"nameUrl":"CodeSystem-cs-thcc-nationality.html","title":"ชุดรหัสเชื้อชาติ-สัญชาติ","generation":"generated"},{"nameUrl":"CodeSystem-cs-thcc-occupation.html","title":"ชุดรหัสอาชีพ","generation":"generated"},{"nameUrl":"CodeSystem-cs-thcc-person-status.html","title":"สถานะบุคคล","generation":"generated"},{"nameUrl":"CodeSystem-cs-thcc-pid-remove-reason.html","title":"สถานะ/สาเหตุการจำหน่าย","generation":"generated"},{"nameUrl":"CodeSystem-cs-thcc-religion.html","title":"ชุดรหัสศาสนา","generation":"generated"},{"nameUrl":"CodeSystem-cs-thcc-social-obs-type.html","title":"ชนิดประวัติทางสังคม","generation":"generated"},{"nameUrl":"CodeSystem-cs-thcc-status-in-family.html","title":"สถานะในครอบครัว","generation":"generated"},{"nameUrl":"CodeSystem-cs-thcc-status-in-village.html","title":"สถานะในชุมชน","generation":"generated"},{"nameUrl":"CodeSystem-cs-thcc-43file-type.html","title":"ชุดรหัสการศึกษา ISCED 1997","generation":"generated"},{"nameUrl":"NamingSystem-IDDopaHouseNo.html","title":"รหัสประจำบ้าน","generation":"generated"},{"nameUrl":"NamingSystem-IDHcode.html","title":"เลขรหัสสถานพยาบาล","generation":"generated"},{"nameUrl":"NamingSystem-IDThaiCid.html","title":"เลขประจำตัวประชาชนไทย","generation":"generated"},{"nameUrl":"NamingSystem-IDThaiDentist.html","title":"เลขประจำตัวทันตแพทย์","generation":"generated"},{"nameUrl":"NamingSystem-IDThaiDoctor.html","title":"เลขประจำตัวแพทย์","generation":"generated"},{"nameUrl":"NamingSystem-IDThaiMedTech.html","title":"เลขประจำตัวนักเทคนิคการแพทย์","generation":"generated"},{"nameUrl":"NamingSystem-IDThaiNurse.html","title":"เลขประจำตัวพยาบาล","generation":"generated"},{"nameUrl":"NamingSystem-IDThaiPharmacist.html","title":"เลขประจำตัวเภสัชกร","generation":"generated"},{"nameUrl":"NamingSystem-IDThaiPhysio.html","title":"เลขประจำตัวนักกายภาพบำบัด","generation":"generated"},{"nameUrl":"NamingSystem-IDThaiVet.html","title":"เลขประจำตัวสัตวแพทย์","generation":"generated"},{"nameUrl":"NamingSystem-IDThaiWorkPermit.html","title":"เลขที่ใบอนุญาตทำงานคนต่างด้าว","generation":"generated"}]}]},"parameter":[{"code":"copyrightyear","value":"2022+"},{"code":"releaselabel","value":"ci-build"},{"code":"apply-publisher","value":"true"},{"code":"apply-contact","value":"true"},{"code":"show-inherited-invariants","value":"false"},{"code":"autoload-resources","value":"true"},{"code":"path-resource","value":"input/capabilities"},{"code":"path-resource","value":"input/examples"},{"code":"path-resource","value":"input/extensions"},{"code":"path-resource","value":"input/models"},{"code":"path-resource","value":"input/operations"},{"code":"path-resource","value":"input/profiles"},{"code":"path-resource","value":"input/resources"},{"code":"path-resource","value":"input/vocabulary"},{"code":"path-resource","value":"input/maps"},{"code":"path-resource","value":"input/testing"},{"code":"path-resource","value":"input/history"},{"code":"path-resource","value":"fsh-generated/resources"},{"code":"path-pages","value":"template/config"},{"code":"path-pages","value":"input/images"},{"code":"path-liquid","value":"template/liquid"},{"code":"path-liquid","value":"input/liquid"},{"code":"path-qa","value":"temp/qa"},{"code":"path-temp","value":"temp/pages"},{"code":"path-output","value":"output"},{"code":"path-tx-cache","value":"input-cache/txcache"},{"code":"path-suppressed-warnings","value":"input/ignoreWarnings.txt"},{"code":"path-history","value":"https://terms.sil-th.org/history.html"},{"code":"template-html","value":"template-page.html"},{"code":"template-md","value":"template-page-md.html"},{"code":"apply-context","value":"true"},{"code":"apply-copyright","value":"true"},{"code":"apply-jurisdiction","value":"true"},{"code":"apply-license","value":"true"},{"code":"apply-version","value":"true"},{"code":"active-tables","value":"true"},{"code":"fmm-definition","value":"http://hl7.org/fhir/versions.html#maturity"},{"code":"propagate-status","value":"true"},{"code":"excludelogbinaryformat","value":"true"}]}}