{"resourceType":"ImplementationGuide","id":"sil-th-terminology","text":{"status":"extensions","div":"<div xmlns=\"http://www.w3.org/1999/xhtml\"><h2>SilTHTerminology</h2><p>The official URL for this implementation guide is: </p><pre>https://terms.sil-th.org/ImplementationGuide/sil-th-terminology</pre><div><p>A terminology registry which an be cited by FHIR artifacts</p>\n</div></div>"},"url":"https://terms.sil-th.org/ImplementationGuide/sil-th-terminology","version":"0.1.0","name":"SilTHTerminology","title":"SIL-TH Terminology","status":"draft","date":"2022-07-30T19:26:14+07:00","description":"A terminology registry which an be cited by FHIR artifacts","jurisdiction":[{"coding":[{"system":"urn:iso:std:iso:3166","code":"TH"}]}],"packageId":"sil-th-terminology","license":"CC0-1.0","fhirVersion":["4.3.0"],"dependsOn":[{"id":"hl7tx","uri":"http://terminology.hl7.org/ImplementationGuide/hl7.terminology","packageId":"hl7.terminology.r4","version":"3.1.0"}],"definition":{"grouping":[{"id":"-term-codesystem","name":"Terminology: Code Systems","description":"These define new code systems used by systems conforming to this implementation guide"}],"resource":[{"extension":[{"url":"http://hl7.org/fhir/StructureDefinition/implementationguide-page","valueUri":"CodeSystem-cs-dopa-location.html"}],"reference":{"reference":"CodeSystem/cs-dopa-location"},"name":"รหัสสถานที่","description":"รหัสสถานที่ อ้างอิงตามรหัสกรมการปกครอง","exampleBoolean":false,"groupingId":"-term-codesystem"},{"extension":[{"url":"http://hl7.org/fhir/StructureDefinition/implementationguide-page","valueUri":"CodeSystem-cs-dopa-nameprefix.html"}],"reference":{"reference":"CodeSystem/cs-dopa-nameprefix"},"name":"รหัสคำนำหน้าชื่อ","description":"รหัสคำนำหน้าชื่อ จาก THCC ซึ่งใช้ในโครงสร้างข้อมูล 43 แฟ้ม อ้างอิงตามรหัสกรมการปกครอง","exampleBoolean":false,"groupingId":"-term-codesystem"},{"extension":[{"url":"http://hl7.org/fhir/StructureDefinition/implementationguide-page","valueUri":"CodeSystem-cs-thcc-43filetype.html"}],"reference":{"reference":"CodeSystem/cs-thcc-43filetype"},"name":"รายการโครงสร้างข้อมูล 43 แฟ้ม plus","description":"เกิดจากการบูรณาการของโครงสร้างข้อมูล 43 แฟ้มเดิมและโครงสร้างอื่น ๆ","exampleBoolean":false,"groupingId":"-term-codesystem"},{"extension":[{"url":"http://hl7.org/fhir/StructureDefinition/implementationguide-page","valueUri":"CodeSystem-cs-thcc-educationlevel.html"}],"reference":{"reference":"CodeSystem/cs-thcc-educationlevel"},"name":"ชุดรหัสการศึกษา","description":"ชุดรหัสการศึกษา จาก THCC ซึ่งใช้ในโครงสร้างข้อมูล 43 แฟ้ม","exampleBoolean":false,"groupingId":"-term-codesystem"},{"extension":[{"url":"http://hl7.org/fhir/StructureDefinition/implementationguide-page","valueUri":"CodeSystem-cs-thcc-marital.html"}],"reference":{"reference":"CodeSystem/cs-thcc-marital"},"name":"สถานะการสมรส","description":"สถานะการสมรส จาก THCC ซึ่งใช้ในโครงสร้างข้อมูล 43 แฟ้ม","exampleBoolean":false,"groupingId":"-term-codesystem"},{"extension":[{"url":"http://hl7.org/fhir/StructureDefinition/implementationguide-page","valueUri":"CodeSystem-cs-thcc-nationality.html"}],"reference":{"reference":"CodeSystem/cs-thcc-nationality"},"name":"ชุดรหัสเชื้อชาติ-สัญชาติ","description":"ชุดรหัสเชื้อชาติ-สัญชาติ จาก THCC ซึ่งใช้ในโครงสร้างข้อมูล 43 แฟ้ม","exampleBoolean":false,"groupingId":"-term-codesystem"},{"extension":[{"url":"http://hl7.org/fhir/StructureDefinition/implementationguide-page","valueUri":"CodeSystem-cs-thcc-religion.html"}],"reference":{"reference":"CodeSystem/cs-thcc-religion"},"name":"ชุดรหัสศาสนา","description":"ชุดรหัสศาสนา จาก THCC ซึ่งใช้ในโครงสร้างข้อมูล 43 แฟ้ม","exampleBoolean":false,"groupingId":"-term-codesystem"},{"extension":[{"url":"http://hl7.org/fhir/StructureDefinition/implementationguide-page","valueUri":"CodeSystem-isced-1997-education.html"}],"reference":{"reference":"CodeSystem/isced-1997-education"},"name":"ชุดรหัสการศึกษา ISCED 1997","description":"รหัสมาตรฐานระดับการศึกษา พัฒนาโดยสำนักงานสถิติแห่งชาติ (สสช) โดยอ้างอิงมาตรฐานจำแนกการศึกษาสากล (International Standard Classification of Education: ISCED 1997) ของ UNESCO และนำมาประยุกต์เพิ่มรายละเอียดให้เหมาะสมกับระบบการศึกษาของประเทศไทย","exampleBoolean":false,"groupingId":"-term-codesystem"}],"page":{"nameUrl":"toc.html","title":"Table of Contents","generation":"html","page":[{"nameUrl":"index.html","title":"Home","generation":"markdown"},{"nameUrl":"artifacts.html","title":"Artifacts Summary","generation":"html","page":[{"nameUrl":"CodeSystem-cs-dopa-location.html","title":"รหัสสถานที่","generation":"generated"},{"nameUrl":"CodeSystem-cs-dopa-nameprefix.html","title":"รหัสคำนำหน้าชื่อ","generation":"generated"},{"nameUrl":"CodeSystem-cs-thcc-43filetype.html","title":"รายการโครงสร้างข้อมูล 43 แฟ้ม plus","generation":"generated"},{"nameUrl":"CodeSystem-cs-thcc-educationlevel.html","title":"ชุดรหัสการศึกษา","generation":"generated"},{"nameUrl":"CodeSystem-cs-thcc-marital.html","title":"สถานะการสมรส","generation":"generated"},{"nameUrl":"CodeSystem-cs-thcc-nationality.html","title":"ชุดรหัสเชื้อชาติ-สัญชาติ","generation":"generated"},{"nameUrl":"CodeSystem-cs-thcc-religion.html","title":"ชุดรหัสศาสนา","generation":"generated"},{"nameUrl":"CodeSystem-isced-1997-education.html","title":"ชุดรหัสการศึกษา ISCED 1997","generation":"generated"}]}]},"parameter":[{"code":"copyrightyear","value":"2022+"},{"code":"releaselabel","value":"ci-build"},{"code":"apply-publisher","value":"true"},{"code":"apply-contact","value":"true"},{"code":"show-inherited-invariants","value":"false"},{"code":"autoload-resources","value":"true"},{"code":"path-resource","value":"input/capabilities"},{"code":"path-resource","value":"input/examples"},{"code":"path-resource","value":"input/extensions"},{"code":"path-resource","value":"input/models"},{"code":"path-resource","value":"input/operations"},{"code":"path-resource","value":"input/profiles"},{"code":"path-resource","value":"input/resources"},{"code":"path-resource","value":"input/vocabulary"},{"code":"path-resource","value":"input/maps"},{"code":"path-resource","value":"input/testing"},{"code":"path-resource","value":"input/history"},{"code":"path-resource","value":"fsh-generated/resources"},{"code":"path-pages","value":"template/config"},{"code":"path-pages","value":"input/images"},{"code":"path-liquid","value":"template/liquid"},{"code":"path-liquid","value":"input/liquid"},{"code":"path-qa","value":"temp/qa"},{"code":"path-temp","value":"temp/pages"},{"code":"path-output","value":"output"},{"code":"path-tx-cache","value":"input-cache/txcache"},{"code":"path-suppressed-warnings","value":"input/ignoreWarnings.txt"},{"code":"path-history","value":"https://terms.sil-th.org/history.html"},{"code":"template-html","value":"template-page.html"},{"code":"template-md","value":"template-page-md.html"},{"code":"apply-context","value":"true"},{"code":"apply-copyright","value":"true"},{"code":"apply-jurisdiction","value":"true"},{"code":"apply-license","value":"true"},{"code":"apply-version","value":"true"},{"code":"active-tables","value":"true"},{"code":"fmm-definition","value":"http://hl7.org/fhir/versions.html#maturity"},{"code":"propagate-status","value":"true"},{"code":"excludelogbinaryformat","value":"true"}]}}