{"resourceType":"ImplementationGuide","id":"sil-th-terminology","text":{"status":"extensions","div":"<div xmlns=\"http://www.w3.org/1999/xhtml\"><h2>SilTHTerminology</h2><p>The official URL for this implementation guide is: </p><pre>https://terms.sil-th.org/ImplementationGuide/sil-th-terminology</pre><div><p>A terminology registry which an be cited by FHIR artifacts</p>\n</div></div>"},"url":"https://terms.sil-th.org/ImplementationGuide/sil-th-terminology","version":"0.1.0","name":"SilTHTerminology","title":"(Draft) SIL-TH Terminology","status":"draft","date":"2022-08-10T01:32:39+07:00","description":"A terminology registry which an be cited by FHIR artifacts","jurisdiction":[{"coding":[{"system":"urn:iso:std:iso:3166","code":"TH"}]}],"packageId":"sil-th-terminology","license":"CC0-1.0","fhirVersion":["4.3.0"],"dependsOn":[{"id":"hl7tx","uri":"http://terminology.hl7.org/ImplementationGuide/hl7.terminology","packageId":"hl7.terminology.r4","version":"3.1.0"}],"definition":{"grouping":[{"id":"-term-valueset","name":"Terminology: Value Sets","description":"These define sets of codes used by systems conforming to this implementation guide"},{"id":"-term-codesystem","name":"Terminology: Code Systems","description":"These define new code systems used by systems conforming to this implementation guide"},{"id":"-term-namingsystem","name":"Terminology: Naming Systems","description":"These define identifier and/or code system identities used by systems conforming to this implementation guide"}],"resource":[{"extension":[{"url":"http://hl7.org/fhir/StructureDefinition/implementationguide-page","valueUri":"ValueSet-vs-thcc-icf.html"}],"reference":{"reference":"ValueSet/vs-thcc-icf"},"name":"รหัสสภาวะสุขภาพตาม ICF","description":"รหัสสภาวะสุขภาพตาม ICF ซึ่งใช้ในโครงสร้างข้อมูล 43 แฟ้ม","exampleBoolean":false,"groupingId":"-term-valueset"},{"extension":[{"url":"http://hl7.org/fhir/StructureDefinition/implementationguide-page","valueUri":"CodeSystem-cs-dopa-location.html"}],"reference":{"reference":"CodeSystem/cs-dopa-location"},"name":"รหัสสถานที่","description":"รหัสสถานที่ อ้างอิงตามรหัสกรมการปกครอง","exampleBoolean":false,"groupingId":"-term-codesystem"},{"extension":[{"url":"http://hl7.org/fhir/StructureDefinition/implementationguide-page","valueUri":"CodeSystem-cs-dopa-nameprefix.html"}],"reference":{"reference":"CodeSystem/cs-dopa-nameprefix"},"name":"รหัสคำนำหน้าชื่อ","description":"รหัสคำนำหน้าชื่อ จาก THCC ซึ่งใช้ในโครงสร้างข้อมูล 43 แฟ้ม อ้างอิงตามรหัสกรมการปกครอง","exampleBoolean":false,"groupingId":"-term-codesystem"},{"extension":[{"url":"http://hl7.org/fhir/StructureDefinition/implementationguide-page","valueUri":"CodeSystem-cs-th-icd10tm-lab.html"}],"reference":{"reference":"CodeSystem/cs-th-icd10tm-lab"},"name":"รหัสการตรวจทางห้องปฎิบัติการ ICD-10-TM","description":"รหัสการตรวจทางห้องปฎิบัติการ ICD-10-TM 2016 ของ THCC ซึ่งใช้ในโครงสร้างข้อมูล 43 แฟ้ม","exampleBoolean":false,"groupingId":"-term-codesystem"},{"extension":[{"url":"http://hl7.org/fhir/StructureDefinition/implementationguide-page","valueUri":"CodeSystem-cs-int-isco-08.html"}],"reference":{"reference":"CodeSystem/cs-int-isco-08"},"name":"ชุดรหัสอาชีพ ISCO-08","description":"ชุดรหัสอาชีพ ตามระบบ ISCO-08 The International Standard Classification of Occupations 2008 (ISCO-08) is a four-level hierarchically structured classification that covers all jobs in the world. Developed with the benefit of accumulated national and international experience as well as the help of experts from many countries and agencies, ISCO-08 is fully supported by the international community as an accepted standard for international labour statistics.","exampleBoolean":false,"groupingId":"-term-codesystem"},{"extension":[{"url":"http://hl7.org/fhir/StructureDefinition/implementationguide-page","valueUri":"CodeSystem-cs-thcc-2digit-lab.html"}],"reference":{"reference":"CodeSystem/cs-thcc-2digit-lab"},"name":"รหัสการตรวจทางห้องปฎิบัติการ 2 หลัก","description":"รหัสการตรวจทางห้องปฎิบัติการ 2 หลัก ของ THCC ซึ่งใช้ในโครงสร้างข้อมูล 43 แฟ้ม","exampleBoolean":false,"groupingId":"-term-codesystem"},{"extension":[{"url":"http://hl7.org/fhir/StructureDefinition/implementationguide-page","valueUri":"CodeSystem-cs-thcc-43filetype.html"}],"reference":{"reference":"CodeSystem/cs-thcc-43filetype"},"name":"รายการโครงสร้างข้อมูล 43 แฟ้ม plus","description":"เกิดจากการบูรณาการของโครงสร้างข้อมูล 43 แฟ้มเดิมและโครงสร้างอื่น ๆ","exampleBoolean":false,"groupingId":"-term-codesystem"},{"extension":[{"url":"http://hl7.org/fhir/StructureDefinition/implementationguide-page","valueUri":"CodeSystem-cs-thcc-accident-admit-source.html"}],"reference":{"reference":"CodeSystem/cs-thcc-accident-admit-source"},"name":"ชนิด","description":"ใช้ระบุชนิด ซึ่งใช้ในโครงสร้างข้อมูล 43 แฟ้ม","exampleBoolean":false,"groupingId":"-term-codesystem"},{"extension":[{"url":"http://hl7.org/fhir/StructureDefinition/implementationguide-page","valueUri":"CodeSystem-cs-thcc-accident-bleeding.html"}],"reference":{"reference":"CodeSystem/cs-thcc-accident-bleeding"},"name":"ชนิดการห้ามเลือด","description":"ใช้ระบุชนิดการห้ามเลือด ซึ่งใช้ในโครงสร้างข้อมูล 43 แฟ้ม","exampleBoolean":false,"groupingId":"-term-codesystem"},{"extension":[{"url":"http://hl7.org/fhir/StructureDefinition/implementationguide-page","valueUri":"CodeSystem-cs-thcc-accident-breathing.html"}],"reference":{"reference":"CodeSystem/cs-thcc-accident-breathing"},"name":"ชนิดการดูแลการหายใจ","description":"ใช้ระบุชนิดการดูแลการหายใจ ซึ่งใช้ในโครงสร้างข้อมูล 43 แฟ้ม","exampleBoolean":false,"groupingId":"-term-codesystem"},{"extension":[{"url":"http://hl7.org/fhir/StructureDefinition/implementationguide-page","valueUri":"CodeSystem-cs-thcc-accident-cause-group.html"}],"reference":{"reference":"CodeSystem/cs-thcc-accident-cause-group"},"name":"รหัสประเภทผู้ป่วยอุบัติเหตุ 19 สาเหตุ","description":"ใช้ระบุรหัสประเภทผู้ป่วยอุบัติเหตุ 19 สาเหตุ ตามโครงสร้างข้อมูล 43 แฟ้ม","exampleBoolean":false,"groupingId":"-term-codesystem"},{"extension":[{"url":"http://hl7.org/fhir/StructureDefinition/implementationguide-page","valueUri":"CodeSystem-cs-thcc-accident-coverage.html"}],"reference":{"reference":"CodeSystem/cs-thcc-accident-coverage"},"name":"รหัสสิทธิการรักษาอื่นกรณีอุบัติเหตุ","description":"ใช้ระบุรหัสสิทธิการรักษาอื่นกรณีอุบัติเหตุ ตามโครงสร้างข้อมูล 43 แฟ้ม","exampleBoolean":false,"groupingId":"-term-codesystem"},{"extension":[{"url":"http://hl7.org/fhir/StructureDefinition/implementationguide-page","valueUri":"CodeSystem-cs-thcc-accident-iv-fluid.html"}],"reference":{"reference":"CodeSystem/cs-thcc-accident-iv-fluid"},"name":"ชนิดการให้น้ำเกลือ","description":"ใช้ระบุชนิดการให้น้ำเกลือ ซึ่งใช้ในโครงสร้างข้อมูล 43 แฟ้ม","exampleBoolean":false,"groupingId":"-term-codesystem"},{"extension":[{"url":"http://hl7.org/fhir/StructureDefinition/implementationguide-page","valueUri":"CodeSystem-cs-thcc-accident-location.html"}],"reference":{"reference":"CodeSystem/cs-thcc-accident-location"},"name":"รหัสสถานที่เกิดอุบัติเหตุฉุกเฉิน","description":"ใช้ระบุรหัสสถานที่เกิดอุบัติเหตุฉุกเฉิน ซึ่งใช้ในโครงสร้างข้อมูล 43 แฟ้ม","exampleBoolean":false,"groupingId":"-term-codesystem"},{"extension":[{"url":"http://hl7.org/fhir/StructureDefinition/implementationguide-page","valueUri":"CodeSystem-cs-thcc-accident-obs.html"}],"reference":{"reference":"CodeSystem/cs-thcc-accident-obs"},"name":"ชนิดประวัติการเกิดอุบัติเหตุ","description":"ใช้ระบุชนิดประวัติการเกิดอุบัติเหตุ ซึ่งใช้ในโครงสร้างข้อมูล 43 แฟ้ม","exampleBoolean":false,"groupingId":"-term-codesystem"},{"extension":[{"url":"http://hl7.org/fhir/StructureDefinition/implementationguide-page","valueUri":"CodeSystem-cs-thcc-accident-patient-type.html"}],"reference":{"reference":"CodeSystem/cs-thcc-accident-patient-type"},"name":"ประเภทผู้บาดเจ็บ","description":"ใช้ระบุประเภทผู้บาดเจ็บ ซึ่งใช้ในโครงสร้างข้อมูล 43 แฟ้ม","exampleBoolean":false,"groupingId":"-term-codesystem"},{"extension":[{"url":"http://hl7.org/fhir/StructureDefinition/implementationguide-page","valueUri":"CodeSystem-cs-thcc-accident-priority.html"}],"reference":{"reference":"CodeSystem/cs-thcc-accident-priority"},"name":"รหัสระดับความเร่งด่วน","description":"ใช้ระบุรหัสระดับความเร่งด่วน ตามโครงสร้างข้อมูล 43 แฟ้ม","exampleBoolean":false,"groupingId":"-term-codesystem"},{"extension":[{"url":"http://hl7.org/fhir/StructureDefinition/implementationguide-page","valueUri":"CodeSystem-cs-thcc-accident-splint.html"}],"reference":{"reference":"CodeSystem/cs-thcc-accident-splint"},"name":"ชนิดการใส่ splint/ slab","description":"ใช้ระบุชนิดการใส่ splint/ slab ซึ่งใช้ในโครงสร้างข้อมูล 43 แฟ้ม","exampleBoolean":false,"groupingId":"-term-codesystem"},{"extension":[{"url":"http://hl7.org/fhir/StructureDefinition/implementationguide-page","valueUri":"CodeSystem-cs-thcc-accident-vehicle.html"}],"reference":{"reference":"CodeSystem/cs-thcc-accident-vehicle"},"name":"ประเภทยานพาหนะที่เกิดเหตุ","description":"ใช้ระบุประเภทยานพาหนะที่เกิดเหตุ ซึ่งใช้ในโครงสร้างข้อมูล 43 แฟ้ม","exampleBoolean":false,"groupingId":"-term-codesystem"},{"extension":[{"url":"http://hl7.org/fhir/StructureDefinition/implementationguide-page","valueUri":"CodeSystem-cs-thcc-admit-source.html"}],"reference":{"reference":"CodeSystem/cs-thcc-admit-source"},"name":"รหัสประเภทการมารับบริการ","description":"รหัสประเภทการมารับบริการ ตามโครงสร้างข้อมูล 43 แฟ้ม","exampleBoolean":false,"groupingId":"-term-codesystem"},{"extension":[{"url":"http://hl7.org/fhir/StructureDefinition/implementationguide-page","valueUri":"CodeSystem-cs-thcc-allergy-assert-type.html"}],"reference":{"reference":"CodeSystem/cs-thcc-allergy-assert-type"},"name":"รหัสผู้ให้ประวัติการแพ้ยา","description":"รหัสผู้ให้ประวัติการแพ้ยา ซึ่งใช้ในโครงสร้างข้อมูล 43 แฟ้ม","exampleBoolean":false,"groupingId":"-term-codesystem"},{"extension":[{"url":"http://hl7.org/fhir/StructureDefinition/implementationguide-page","valueUri":"CodeSystem-cs-thcc-allergy-certainty.html"}],"reference":{"reference":"CodeSystem/cs-thcc-allergy-certainty"},"name":"รหัสประเภทการวินิจฉัยการแพ้ยา","description":"รหัสประเภทการวินิจฉัยการแพ้ยา ซึ่งใช้ในโครงสร้างข้อมูล 43 แฟ้ม","exampleBoolean":false,"groupingId":"-term-codesystem"},{"extension":[{"url":"http://hl7.org/fhir/StructureDefinition/implementationguide-page","valueUri":"CodeSystem-cs-thcc-allergy-manifest.html"}],"reference":{"reference":"CodeSystem/cs-thcc-allergy-manifest"},"name":"รหัสลักษณะอาการแก้ยาที่พบ","description":"รหัสลักษณะอาการแก้ยาที่พบ ซึ่งใช้ในโครงสร้างข้อมูล 43 แฟ้ม","exampleBoolean":false,"groupingId":"-term-codesystem"},{"extension":[{"url":"http://hl7.org/fhir/StructureDefinition/implementationguide-page","valueUri":"CodeSystem-cs-thcc-allergy-severity.html"}],"reference":{"reference":"CodeSystem/cs-thcc-allergy-severity"},"name":"รหัสระดับความรุนแรงของการแพ้ยา","description":"รหัสระดับความรุนแรงของการแพ้ยา ซึ่งใช้ในโครงสร้างข้อมูล 43 แฟ้ม","exampleBoolean":false,"groupingId":"-term-codesystem"},{"extension":[{"url":"http://hl7.org/fhir/StructureDefinition/implementationguide-page","valueUri":"CodeSystem-cs-thcc-allergy-verify.html"}],"reference":{"reference":"CodeSystem/cs-thcc-allergy-verify"},"name":"รหัสสถานะการแพ้ยา","description":"รหัสสถานะการแพ้ยา ซึ่งใช้ในโครงสร้างข้อมูล 43 แฟ้ม","exampleBoolean":false,"groupingId":"-term-codesystem"},{"extension":[{"url":"http://hl7.org/fhir/StructureDefinition/implementationguide-page","valueUri":"CodeSystem-cs-thcc-causative-agent.html"}],"reference":{"reference":"CodeSystem/cs-thcc-causative-agent"},"name":"รหัสชนิดของเชื้อโรค","description":"รหัสชนิดของเชื้อโรค ตามโครงสร้างข้อมูล 43 แฟ้ม","exampleBoolean":false,"groupingId":"-term-codesystem"},{"extension":[{"url":"http://hl7.org/fhir/StructureDefinition/implementationguide-page","valueUri":"CodeSystem-cs-thcc-chronic-discharge-reason.html"}],"reference":{"reference":"CodeSystem/cs-thcc-chronic-discharge-reason"},"name":"ประเภทการจำหน่าย Chronic","description":"ประเภทการจำหน่าย จาก THCC ซึ่งใช้ในโครงสร้างข้อมูล 43 แฟ้ม","exampleBoolean":false,"groupingId":"-term-codesystem"},{"extension":[{"url":"http://hl7.org/fhir/StructureDefinition/implementationguide-page","valueUri":"CodeSystem-cs-thcc-contraceptive.html"}],"reference":{"reference":"CodeSystem/cs-thcc-contraceptive"},"name":"รหัสวิธีการคุมกำเนิดปัจจุบัน","description":"รหัสวิธีการคุมกำเนิดปัจจุบัน ซึ่งใช้ในโครงสร้างข้อมูล 43 แฟ้ม","exampleBoolean":false,"groupingId":"-term-codesystem"},{"extension":[{"url":"http://hl7.org/fhir/StructureDefinition/implementationguide-page","valueUri":"CodeSystem-cs-thcc-coverage-type.html"}],"reference":{"reference":"CodeSystem/cs-thcc-coverage-type"},"name":"ชุดรหัสสิทธิการรักษาพยาบาล","description":"ชุดรหัสสิทธิการรักษาพยาบาล จาก THCC ซึ่งใช้ในโครงสร้างข้อมูล 43 แฟ้ม","exampleBoolean":false,"groupingId":"-term-codesystem"},{"extension":[{"url":"http://hl7.org/fhir/StructureDefinition/implementationguide-page","valueUri":"CodeSystem-cs-thcc-death-location-type.html"}],"reference":{"reference":"CodeSystem/cs-thcc-death-location-type"},"name":"รหัสสถานที่ตาย","description":"รหัสสถานที่ตาย จาก THCC ซึ่งใช้ในโครงสร้างข้อมูล 43 แฟ้ม","exampleBoolean":false,"groupingId":"-term-codesystem"},{"extension":[{"url":"http://hl7.org/fhir/StructureDefinition/implementationguide-page","valueUri":"CodeSystem-cs-thcc-death-pregnancy.html"}],"reference":{"reference":"CodeSystem/cs-thcc-death-pregnancy"},"name":"การเสียชีวิตที่เกี่ยวข้องกับตั้งครรภ์และการคลอด","description":"การเสียชีวิตที่เกี่ยวข้องกับตั้งครรภ์และการคลอด จาก THCC ซึ่งใช้ในโครงสร้างข้อมูล 43 แฟ้ม","exampleBoolean":false,"groupingId":"-term-codesystem"},{"extension":[{"url":"http://hl7.org/fhir/StructureDefinition/implementationguide-page","valueUri":"CodeSystem-cs-thcc-disability-reason.html"}],"reference":{"reference":"CodeSystem/cs-thcc-disability-reason"},"name":"รหัสสาเหตุความพิการ","description":"รหัสสาเหตุความพิการ จาก THCC ซึ่งใช้ในโครงสร้างข้อมูล 43 แฟ้ม","exampleBoolean":false,"groupingId":"-term-codesystem"},{"extension":[{"url":"http://hl7.org/fhir/StructureDefinition/implementationguide-page","valueUri":"CodeSystem-cs-thcc-disability-type.html"}],"reference":{"reference":"CodeSystem/cs-thcc-disability-type"},"name":"รหัสประเภทความพิการ","description":"รหัสประเภทความพิการ จาก THCC ซึ่งใช้ในโครงสร้างข้อมูล 43 แฟ้ม","exampleBoolean":false,"groupingId":"-term-codesystem"},{"extension":[{"url":"http://hl7.org/fhir/StructureDefinition/implementationguide-page","valueUri":"CodeSystem-cs-thcc-discharge-status.html"}],"reference":{"reference":"CodeSystem/cs-thcc-discharge-status"},"name":"รหัสสถานที่รับบริการ","description":"รหัสสถานที่รับบริการ ตามโครงสร้างข้อมูล 43 แฟ้ม","exampleBoolean":false,"groupingId":"-term-codesystem"},{"extension":[{"url":"http://hl7.org/fhir/StructureDefinition/implementationguide-page","valueUri":"CodeSystem-cs-thcc-disease-cause.html"}],"reference":{"reference":"CodeSystem/cs-thcc-disease-cause"},"name":"รหัสสาเหตุการป่วย","description":"รหัสสาเหตุการป่วย ตามโครงสร้างข้อมูล 43 แฟ้ม","exampleBoolean":false,"groupingId":"-term-codesystem"},{"extension":[{"url":"http://hl7.org/fhir/StructureDefinition/implementationguide-page","valueUri":"CodeSystem-cs-thcc-educationlevel.html"}],"reference":{"reference":"CodeSystem/cs-thcc-educationlevel"},"name":"ชุดรหัสการศึกษา","description":"ชุดรหัสการศึกษา จาก THCC ซึ่งใช้ในโครงสร้างข้อมูล 43 แฟ้ม","exampleBoolean":false,"groupingId":"-term-codesystem"},{"extension":[{"url":"http://hl7.org/fhir/StructureDefinition/implementationguide-page","valueUri":"CodeSystem-cs-thcc-functional-conclusion.html"}],"reference":{"reference":"CodeSystem/cs-thcc-functional-conclusion"},"name":"รหัสภาวะพึ่งพิงของผู้สูงอายุ","description":"รหัสภาวะพึ่งพิงของผู้สูงอายุ จาก THCC ซึ่งใช้ในโครงสร้างข้อมูล 43 แฟ้ม","exampleBoolean":false,"groupingId":"-term-codesystem"},{"extension":[{"url":"http://hl7.org/fhir/StructureDefinition/implementationguide-page","valueUri":"CodeSystem-cs-thcc-functional-test.html"}],"reference":{"reference":"CodeSystem/cs-thcc-functional-test"},"name":"วิธีประเมินความบกพร่อง","description":"วิธีประเมินความบกพร่อง จาก THCC ซึ่งใช้ในโครงสร้างข้อมูล 43 แฟ้ม","exampleBoolean":false,"groupingId":"-term-codesystem"},{"extension":[{"url":"http://hl7.org/fhir/StructureDefinition/implementationguide-page","valueUri":"CodeSystem-cs-thcc-house-type.html"}],"reference":{"reference":"CodeSystem/cs-thcc-house-type"},"name":"รหัสลักษณะที่อยู่","description":"รหัสลักษณะที่อยู่ จาก THCC ซึ่งใช้ในโครงสร้างข้อมูล 43 แฟ้ม","exampleBoolean":false,"groupingId":"-term-codesystem"},{"extension":[{"url":"http://hl7.org/fhir/StructureDefinition/implementationguide-page","valueUri":"CodeSystem-cs-thcc-in-municipality.html"}],"reference":{"reference":"CodeSystem/cs-thcc-in-municipality"},"name":"รหัสที่ตั้ง","description":"รหัสที่ตั้ง ใน/นอกเขตเทศบาล จาก THCC ซึ่งใช้ในโครงสร้างข้อมูล 43 แฟ้ม","exampleBoolean":false,"groupingId":"-term-codesystem"},{"extension":[{"url":"http://hl7.org/fhir/StructureDefinition/implementationguide-page","valueUri":"CodeSystem-cs-thcc-individual-provider-type.html"}],"reference":{"reference":"CodeSystem/cs-thcc-individual-provider-type"},"name":"รหัสประเภทบุคลากรทางการแพทย์และสาธารณสุข","description":"รหัสประเภทบุคลากรทางการแพทย์และสาธารณสุข ตามโครงสร้างข้อมูล 43 แฟ้ม","exampleBoolean":false,"groupingId":"-term-codesystem"},{"extension":[{"url":"http://hl7.org/fhir/StructureDefinition/implementationguide-page","valueUri":"CodeSystem-cs-thcc-marital.html"}],"reference":{"reference":"CodeSystem/cs-thcc-marital"},"name":"สถานะการสมรส","description":"สถานะการสมรส จาก THCC ซึ่งใช้ในโครงสร้างข้อมูล 43 แฟ้ม","exampleBoolean":false,"groupingId":"-term-codesystem"},{"extension":[{"url":"http://hl7.org/fhir/StructureDefinition/implementationguide-page","valueUri":"CodeSystem-cs-thcc-nationality.html"}],"reference":{"reference":"CodeSystem/cs-thcc-nationality"},"name":"ชุดรหัสเชื้อชาติ-สัญชาติ","description":"ชุดรหัสเชื้อชาติ-สัญชาติ จาก THCC ซึ่งใช้ในโครงสร้างข้อมูล 43 แฟ้ม","exampleBoolean":false,"groupingId":"-term-codesystem"},{"extension":[{"url":"http://hl7.org/fhir/StructureDefinition/implementationguide-page","valueUri":"CodeSystem-cs-thcc-no-contraceptive.html"}],"reference":{"reference":"CodeSystem/cs-thcc-no-contraceptive"},"name":"รหัสสาเหตุที่ไม่คุมกำเนิด","description":"รหัสสาเหตุที่ไม่คุมกำเนิด ซึ่งใช้ในโครงสร้างข้อมูล 43 แฟ้ม","exampleBoolean":false,"groupingId":"-term-codesystem"},{"extension":[{"url":"http://hl7.org/fhir/StructureDefinition/implementationguide-page","valueUri":"CodeSystem-cs-thcc-occupation.html"}],"reference":{"reference":"CodeSystem/cs-thcc-occupation"},"name":"ชุดรหัสอาชีพ","description":"ชุดรหัสอาชีพ จาก THCC ซึ่งใช้ในโครงสร้างข้อมูล 43 แฟ้ม","exampleBoolean":false,"groupingId":"-term-codesystem"},{"extension":[{"url":"http://hl7.org/fhir/StructureDefinition/implementationguide-page","valueUri":"CodeSystem-cs-thcc-participant-type.html"}],"reference":{"reference":"CodeSystem/cs-thcc-participant-type"},"name":"ประเภทแพทย์เพิ่มเติม","description":"ประเภทแพทย์เพิ่มเติม ตามโครงสร้างข้อมูล 43 แฟ้ม","exampleBoolean":false,"groupingId":"-term-codesystem"},{"extension":[{"url":"http://hl7.org/fhir/StructureDefinition/implementationguide-page","valueUri":"CodeSystem-cs-thcc-patient-location-type.html"}],"reference":{"reference":"CodeSystem/cs-thcc-patient-location-type"},"name":"รหัสที่ตั้งของที่อยู่ผู้รับบริการ","description":"รหัสที่ตั้งของที่อยู่ผู้รับบริการ ตามโครงสร้างข้อมูล 43 แฟ้ม","exampleBoolean":false,"groupingId":"-term-codesystem"},{"extension":[{"url":"http://hl7.org/fhir/StructureDefinition/implementationguide-page","valueUri":"CodeSystem-cs-thcc-person-status.html"}],"reference":{"reference":"CodeSystem/cs-thcc-person-status"},"name":"สถานะบุคคล","description":"สถานะบุคคล จาก THCC ซึ่งใช้ในโครงสร้างข้อมูล 43 แฟ้ม","exampleBoolean":false,"groupingId":"-term-codesystem"},{"extension":[{"url":"http://hl7.org/fhir/StructureDefinition/implementationguide-page","valueUri":"CodeSystem-cs-thcc-pid-remove-reason.html"}],"reference":{"reference":"CodeSystem/cs-thcc-pid-remove-reason"},"name":"สถานะ/สาเหตุการจำหน่าย","description":"สถานะ/สาเหตุการจำหน่าย จาก THCC ซึ่งใช้ในโครงสร้างข้อมูล 43 แฟ้ม","exampleBoolean":false,"groupingId":"-term-codesystem"},{"extension":[{"url":"http://hl7.org/fhir/StructureDefinition/implementationguide-page","valueUri":"CodeSystem-cs-thcc-provider-type.html"}],"reference":{"reference":"CodeSystem/cs-thcc-provider-type"},"name":"รหัสประเภทสถานพยาบาลที่รักษา","description":"รหัสประเภทสถานพยาบาลที่รักษา ตามโครงสร้างข้อมูล 43 แฟ้ม","exampleBoolean":false,"groupingId":"-term-codesystem"},{"extension":[{"url":"http://hl7.org/fhir/StructureDefinition/implementationguide-page","valueUri":"CodeSystem-cs-thcc-provider-type-coverage.html"}],"reference":{"reference":"CodeSystem/cs-thcc-provider-type-coverage"},"name":"ประเภทสถานพยาบาล ตามสิทธิการรักษา","description":"ใช้ประกอบการบันทึกข้อมูลเรื่องสิทธิการรักษา ตามโครงสร้างข้อมูล 43 แฟ้ม","exampleBoolean":false,"groupingId":"-term-codesystem"},{"extension":[{"url":"http://hl7.org/fhir/StructureDefinition/implementationguide-page","valueUri":"CodeSystem-cs-thcc-qn-type.html"}],"reference":{"reference":"CodeSystem/cs-thcc-qn-type"},"name":"ชนิดแบบสอบถาม 43 แฟ้ม plus","description":"ชนิดแบบสอบถามที่ใช้ประกอบการเก็บข้อมูลตามโครงสร้างข้อมูล 43 แฟ้มเดิมและโครงสร้างอื่น ๆ","exampleBoolean":false,"groupingId":"-term-codesystem"},{"extension":[{"url":"http://hl7.org/fhir/StructureDefinition/implementationguide-page","valueUri":"CodeSystem-cs-thcc-qualification-issuer.html"}],"reference":{"reference":"CodeSystem/cs-thcc-qualification-issuer"},"name":"รหัสสภาวิชาชีพ","description":"รหัสสภาวิชาชีพ ตามโครงสร้างข้อมูล 43 แฟ้ม","exampleBoolean":false,"groupingId":"-term-codesystem"},{"extension":[{"url":"http://hl7.org/fhir/StructureDefinition/implementationguide-page","valueUri":"CodeSystem-cs-thcc-refer-outcome.html"}],"reference":{"reference":"CodeSystem/cs-thcc-refer-outcome"},"name":"รหัสผลการส่งต่อไปรับบริการในสถานพยาบาลอื่น","description":"รหัสผลการส่งต่อไปรับบริการในสถานพยาบาลอื่น ตามโครงสร้างข้อมูล 43 แฟ้ม","exampleBoolean":false,"groupingId":"-term-codesystem"},{"extension":[{"url":"http://hl7.org/fhir/StructureDefinition/implementationguide-page","valueUri":"CodeSystem-cs-thcc-refer-in-reason.html"}],"reference":{"reference":"CodeSystem/cs-thcc-refer-in-reason"},"name":"รหัสสาเหตุการส่งผู้ป่วยมารับบริการ","description":"รหัสสาเหตุการส่งผู้ป่วยมารับบริการ ตามโครงสร้างข้อมูล 43 แฟ้ม","exampleBoolean":false,"groupingId":"-term-codesystem"},{"extension":[{"url":"http://hl7.org/fhir/StructureDefinition/implementationguide-page","valueUri":"CodeSystem-cs-thcc-religion.html"}],"reference":{"reference":"CodeSystem/cs-thcc-religion"},"name":"ชุดรหัสศาสนา","description":"ชุดรหัสศาสนา จาก THCC ซึ่งใช้ในโครงสร้างข้อมูล 43 แฟ้ม","exampleBoolean":false,"groupingId":"-term-codesystem"},{"extension":[{"url":"http://hl7.org/fhir/StructureDefinition/implementationguide-page","valueUri":"CodeSystem-cs-thcc-service-hour.html"}],"reference":{"reference":"CodeSystem/cs-thcc-service-hour"},"name":"รหัสเวลามารับบริการ","description":"รหัสเวลามารับบริการ ตามโครงสร้างข้อมูล 43 แฟ้ม","exampleBoolean":false,"groupingId":"-term-codesystem"},{"extension":[{"url":"http://hl7.org/fhir/StructureDefinition/implementationguide-page","valueUri":"CodeSystem-cs-thcc-service-location.html"}],"reference":{"reference":"CodeSystem/cs-thcc-service-location"},"name":"รหัสสถานที่รับบริการ","description":"รหัสสถานที่รับบริการ ตามโครงสร้างข้อมูล 43 แฟ้ม","exampleBoolean":false,"groupingId":"-term-codesystem"},{"extension":[{"url":"http://hl7.org/fhir/StructureDefinition/implementationguide-page","valueUri":"CodeSystem-cs-thcc-service-location-type.html"}],"reference":{"reference":"CodeSystem/cs-thcc-service-location-type"},"name":"รหัสสถานที่ที่ให้บริการ","description":"รหัสสถานที่ที่ให้บริการ ตามโครงสร้างข้อมูล 43 แฟ้ม","exampleBoolean":false,"groupingId":"-term-codesystem"},{"extension":[{"url":"http://hl7.org/fhir/StructureDefinition/implementationguide-page","valueUri":"CodeSystem-cs-thcc-service-priority.html"}],"reference":{"reference":"CodeSystem/cs-thcc-service-priority"},"name":"รหัสสถานะความฉุกเฉิน","description":"รหัสสถานะความฉุกเฉิน ตามโครงสร้างข้อมูล 43 แฟ้ม","exampleBoolean":false,"groupingId":"-term-codesystem"},{"extension":[{"url":"http://hl7.org/fhir/StructureDefinition/implementationguide-page","valueUri":"CodeSystem-cs-thcc-service-type-th.html"}],"reference":{"reference":"CodeSystem/cs-thcc-service-type-th"},"name":"รหัสประเภทการให้บริการ","description":"รหัสประเภทการให้บริการ ตามโครงสร้างข้อมูล 43 แฟ้ม","exampleBoolean":false,"groupingId":"-term-codesystem"},{"extension":[{"url":"http://hl7.org/fhir/StructureDefinition/implementationguide-page","valueUri":"CodeSystem-cs-thcc-social-obs-type.html"}],"reference":{"reference":"CodeSystem/cs-thcc-social-obs-type"},"name":"ชนิดประวัติทางสังคม","description":"ใช้ระบุชนิดประวัติทางสังคมต่าง ๆ ซึ่งใช้ในโครงสร้างข้อมูล 43 แฟ้ม","exampleBoolean":false,"groupingId":"-term-codesystem"},{"extension":[{"url":"http://hl7.org/fhir/StructureDefinition/implementationguide-page","valueUri":"CodeSystem-cs-thcc-status-in-family.html"}],"reference":{"reference":"CodeSystem/cs-thcc-status-in-family"},"name":"สถานะในครอบครัว","description":"ใช้ระบุสถานะในครอบครัว ซึ่งใช้ในโครงสร้างข้อมูล 43 แฟ้ม","exampleBoolean":false,"groupingId":"-term-codesystem"},{"extension":[{"url":"http://hl7.org/fhir/StructureDefinition/implementationguide-page","valueUri":"CodeSystem-cs-thcc-status-in-village.html"}],"reference":{"reference":"CodeSystem/cs-thcc-status-in-village"},"name":"สถานะในชุมชน","description":"ใช้ระบุสถานะในชุมชน ซึ่งใช้ในโครงสร้างข้อมูล 43 แฟ้ม","exampleBoolean":false,"groupingId":"-term-codesystem"},{"extension":[{"url":"http://hl7.org/fhir/StructureDefinition/implementationguide-page","valueUri":"CodeSystem-cs-thcc-surveillance-group.html"}],"reference":{"reference":"CodeSystem/cs-thcc-surveillance-group"},"name":"รหัสกลุ่มอาการที่เฝ้าระวัง","description":"รหัสกลุ่มอาการที่เฝ้าระวัง ตามโครงสร้างข้อมูล 43 แฟ้ม","exampleBoolean":false,"groupingId":"-term-codesystem"},{"extension":[{"url":"http://hl7.org/fhir/StructureDefinition/implementationguide-page","valueUri":"CodeSystem-cs-thcc-village-area.html"}],"reference":{"reference":"CodeSystem/cs-thcc-village-area"},"name":"เขตที่ตั้งของหมู่บ้าน","description":"เขตที่ตั้งของหมู่บ้าน จาก THCC ซึ่งใช้ในโครงสร้างข้อมูล 43 แฟ้ม","exampleBoolean":false,"groupingId":"-term-codesystem"},{"extension":[{"url":"http://hl7.org/fhir/StructureDefinition/implementationguide-page","valueUri":"CodeSystem-cs-thcc-43file-type.html"}],"reference":{"reference":"CodeSystem/cs-thcc-43file-type"},"name":"ชุดรหัสการศึกษา ISCED 1997","description":"รหัสมาตรฐานระดับการศึกษา พัฒนาโดยสำนักงานสถิติแห่งชาติ (สสช) โดยอ้างอิงมาตรฐานจำแนกการศึกษาสากล (International Standard Classification of Education: ISCED 1997) ของ UNESCO และนำมาประยุกต์เพิ่มรายละเอียดให้เหมาะสมกับระบบการศึกษาของประเทศไทย","exampleBoolean":false,"groupingId":"-term-codesystem"},{"extension":[{"url":"http://hl7.org/fhir/StructureDefinition/implementationguide-page","valueUri":"NamingSystem-IDDopaHouseNo.html"}],"reference":{"reference":"NamingSystem/IDDopaHouseNo"},"name":"รหัสประจำบ้าน","description":"รหัสประจำบ้าน เลขรหัสที่อยู่ในสมุดทะเบียนบ้าน ออกโดยกรมการปกครอง","exampleBoolean":false,"groupingId":"-term-namingsystem"},{"extension":[{"url":"http://hl7.org/fhir/StructureDefinition/implementationguide-page","valueUri":"NamingSystem-IDHcode.html"}],"reference":{"reference":"NamingSystem/IDHcode"},"name":"เลขรหัสสถานพยาบาล","description":"เลขรหัสสถานพยาบาล 5 หลักและ 9 หลัก ออกโดยกองยุทธศาสตร์และแผนงาน สำนักงานปลัดกระทรวงสาธารณสุข","exampleBoolean":false,"groupingId":"-term-namingsystem"},{"extension":[{"url":"http://hl7.org/fhir/StructureDefinition/implementationguide-page","valueUri":"NamingSystem-IDThaiCid.html"}],"reference":{"reference":"NamingSystem/IDThaiCid"},"name":"เลขประจำตัวประชาชนไทย","description":"เลขประจำตัวประชาชน ออกโดย กรมการปกครอง กระทรวงมหาดไทย","exampleBoolean":false,"groupingId":"-term-namingsystem"},{"extension":[{"url":"http://hl7.org/fhir/StructureDefinition/implementationguide-page","valueUri":"NamingSystem-IDThaiDentist.html"}],"reference":{"reference":"NamingSystem/IDThaiDentist"},"name":"เลขประจำตัวทันตแพทย์","description":"เลขที่ใบประกอบวิชาชีพทันตกรรม (Thai Dental License Number)","exampleBoolean":false,"groupingId":"-term-namingsystem"},{"extension":[{"url":"http://hl7.org/fhir/StructureDefinition/implementationguide-page","valueUri":"NamingSystem-IDThaiDoctor.html"}],"reference":{"reference":"NamingSystem/IDThaiDoctor"},"name":"เลขประจำตัวแพทย์","description":"เลขที่ใบประกอบวิชาชีพเวชกรรม (Thai Medical License Number)","exampleBoolean":false,"groupingId":"-term-namingsystem"},{"extension":[{"url":"http://hl7.org/fhir/StructureDefinition/implementationguide-page","valueUri":"NamingSystem-IDThaiMedTech.html"}],"reference":{"reference":"NamingSystem/IDThaiMedTech"},"name":"เลขประจำตัวนักเทคนิคการแพทย์","description":"เลขที่ใบประกอบวิชาชีพเทคนิคการแพทย์ (Thai Medical Technologist License Number)","exampleBoolean":false,"groupingId":"-term-namingsystem"},{"extension":[{"url":"http://hl7.org/fhir/StructureDefinition/implementationguide-page","valueUri":"NamingSystem-IDThaiNurse.html"}],"reference":{"reference":"NamingSystem/IDThaiNurse"},"name":"เลขประจำตัวพยาบาล","description":"เลขที่ใบประกอบวิชาชีพพยาบาล (Thai Registered Nurse Number)","exampleBoolean":false,"groupingId":"-term-namingsystem"},{"extension":[{"url":"http://hl7.org/fhir/StructureDefinition/implementationguide-page","valueUri":"NamingSystem-IDThaiPharmacist.html"}],"reference":{"reference":"NamingSystem/IDThaiPharmacist"},"name":"เลขประจำตัวเภสัชกร","description":"เลขที่ใบประกอบวิชาชีพเภสัชกรรม (Thai Pharmacist License Number)","exampleBoolean":false,"groupingId":"-term-namingsystem"},{"extension":[{"url":"http://hl7.org/fhir/StructureDefinition/implementationguide-page","valueUri":"NamingSystem-IDThaiPhysio.html"}],"reference":{"reference":"NamingSystem/IDThaiPhysio"},"name":"เลขประจำตัวนักกายภาพบำบัด","description":"เลขที่ใบประกอบวิชาชีพนักกายภาพบำบัด (Thai Physical Therapist License Number)","exampleBoolean":false,"groupingId":"-term-namingsystem"},{"extension":[{"url":"http://hl7.org/fhir/StructureDefinition/implementationguide-page","valueUri":"NamingSystem-IDThaiVet.html"}],"reference":{"reference":"NamingSystem/IDThaiVet"},"name":"เลขประจำตัวสัตวแพทย์","description":"เลขที่ใบประกอบวิชาชีพการสัตวแพทย์ (Thai Veterinary License Number)","exampleBoolean":false,"groupingId":"-term-namingsystem"},{"extension":[{"url":"http://hl7.org/fhir/StructureDefinition/implementationguide-page","valueUri":"NamingSystem-IDThaiWorkPermit.html"}],"reference":{"reference":"NamingSystem/IDThaiWorkPermit"},"name":"เลขที่ใบอนุญาตทำงานคนต่างด้าว","description":"เลขที่ใบอนุญาตทำงานคนต่างด้าว ออกโดย กรมการจัดหางาน กระทรวงแรงงาน","exampleBoolean":false,"groupingId":"-term-namingsystem"}],"page":{"nameUrl":"toc.html","title":"Table of Contents","generation":"html","page":[{"nameUrl":"index.html","title":"Home","generation":"markdown"},{"nameUrl":"identifier-systems.html","title":"Identifier Systems","generation":"markdown"},{"nameUrl":"artifacts.html","title":"Artifacts Summary","generation":"html","page":[{"nameUrl":"ValueSet-vs-thcc-icf.html","title":"รหัสสภาวะสุขภาพตาม ICF","generation":"generated"},{"nameUrl":"CodeSystem-cs-dopa-location.html","title":"รหัสสถานที่","generation":"generated"},{"nameUrl":"CodeSystem-cs-dopa-nameprefix.html","title":"รหัสคำนำหน้าชื่อ","generation":"generated"},{"nameUrl":"CodeSystem-cs-th-icd10tm-lab.html","title":"รหัสการตรวจทางห้องปฎิบัติการ ICD-10-TM","generation":"generated"},{"nameUrl":"CodeSystem-cs-int-isco-08.html","title":"ชุดรหัสอาชีพ ISCO-08","generation":"generated"},{"nameUrl":"CodeSystem-cs-thcc-2digit-lab.html","title":"รหัสการตรวจทางห้องปฎิบัติการ 2 หลัก","generation":"generated"},{"nameUrl":"CodeSystem-cs-thcc-43filetype.html","title":"รายการโครงสร้างข้อมูล 43 แฟ้ม plus","generation":"generated"},{"nameUrl":"CodeSystem-cs-thcc-accident-admit-source.html","title":"ชนิด","generation":"generated"},{"nameUrl":"CodeSystem-cs-thcc-accident-bleeding.html","title":"ชนิดการห้ามเลือด","generation":"generated"},{"nameUrl":"CodeSystem-cs-thcc-accident-breathing.html","title":"ชนิดการดูแลการหายใจ","generation":"generated"},{"nameUrl":"CodeSystem-cs-thcc-accident-cause-group.html","title":"รหัสประเภทผู้ป่วยอุบัติเหตุ 19 สาเหตุ","generation":"generated"},{"nameUrl":"CodeSystem-cs-thcc-accident-coverage.html","title":"รหัสสิทธิการรักษาอื่นกรณีอุบัติเหตุ","generation":"generated"},{"nameUrl":"CodeSystem-cs-thcc-accident-iv-fluid.html","title":"ชนิดการให้น้ำเกลือ","generation":"generated"},{"nameUrl":"CodeSystem-cs-thcc-accident-location.html","title":"รหัสสถานที่เกิดอุบัติเหตุฉุกเฉิน","generation":"generated"},{"nameUrl":"CodeSystem-cs-thcc-accident-obs.html","title":"ชนิดประวัติการเกิดอุบัติเหตุ","generation":"generated"},{"nameUrl":"CodeSystem-cs-thcc-accident-patient-type.html","title":"ประเภทผู้บาดเจ็บ","generation":"generated"},{"nameUrl":"CodeSystem-cs-thcc-accident-priority.html","title":"รหัสระดับความเร่งด่วน","generation":"generated"},{"nameUrl":"CodeSystem-cs-thcc-accident-splint.html","title":"ชนิดการใส่ splint/ slab","generation":"generated"},{"nameUrl":"CodeSystem-cs-thcc-accident-vehicle.html","title":"ประเภทยานพาหนะที่เกิดเหตุ","generation":"generated"},{"nameUrl":"CodeSystem-cs-thcc-admit-source.html","title":"รหัสประเภทการมารับบริการ","generation":"generated"},{"nameUrl":"CodeSystem-cs-thcc-allergy-assert-type.html","title":"รหัสผู้ให้ประวัติการแพ้ยา","generation":"generated"},{"nameUrl":"CodeSystem-cs-thcc-allergy-certainty.html","title":"รหัสประเภทการวินิจฉัยการแพ้ยา","generation":"generated"},{"nameUrl":"CodeSystem-cs-thcc-allergy-manifest.html","title":"รหัสลักษณะอาการแก้ยาที่พบ","generation":"generated"},{"nameUrl":"CodeSystem-cs-thcc-allergy-severity.html","title":"รหัสระดับความรุนแรงของการแพ้ยา","generation":"generated"},{"nameUrl":"CodeSystem-cs-thcc-allergy-verify.html","title":"รหัสสถานะการแพ้ยา","generation":"generated"},{"nameUrl":"CodeSystem-cs-thcc-causative-agent.html","title":"รหัสชนิดของเชื้อโรค","generation":"generated"},{"nameUrl":"CodeSystem-cs-thcc-chronic-discharge-reason.html","title":"ประเภทการจำหน่าย Chronic","generation":"generated"},{"nameUrl":"CodeSystem-cs-thcc-contraceptive.html","title":"รหัสวิธีการคุมกำเนิดปัจจุบัน","generation":"generated"},{"nameUrl":"CodeSystem-cs-thcc-coverage-type.html","title":"ชุดรหัสสิทธิการรักษาพยาบาล","generation":"generated"},{"nameUrl":"CodeSystem-cs-thcc-death-location-type.html","title":"รหัสสถานที่ตาย","generation":"generated"},{"nameUrl":"CodeSystem-cs-thcc-death-pregnancy.html","title":"การเสียชีวิตที่เกี่ยวข้องกับตั้งครรภ์และการคลอด","generation":"generated"},{"nameUrl":"CodeSystem-cs-thcc-disability-reason.html","title":"รหัสสาเหตุความพิการ","generation":"generated"},{"nameUrl":"CodeSystem-cs-thcc-disability-type.html","title":"รหัสประเภทความพิการ","generation":"generated"},{"nameUrl":"CodeSystem-cs-thcc-discharge-status.html","title":"รหัสสถานที่รับบริการ","generation":"generated"},{"nameUrl":"CodeSystem-cs-thcc-disease-cause.html","title":"รหัสสาเหตุการป่วย","generation":"generated"},{"nameUrl":"CodeSystem-cs-thcc-educationlevel.html","title":"ชุดรหัสการศึกษา","generation":"generated"},{"nameUrl":"CodeSystem-cs-thcc-functional-conclusion.html","title":"รหัสภาวะพึ่งพิงของผู้สูงอายุ","generation":"generated"},{"nameUrl":"CodeSystem-cs-thcc-functional-test.html","title":"วิธีประเมินความบกพร่อง","generation":"generated"},{"nameUrl":"CodeSystem-cs-thcc-house-type.html","title":"รหัสลักษณะที่อยู่","generation":"generated"},{"nameUrl":"CodeSystem-cs-thcc-in-municipality.html","title":"รหัสที่ตั้ง","generation":"generated"},{"nameUrl":"CodeSystem-cs-thcc-individual-provider-type.html","title":"รหัสประเภทบุคลากรทางการแพทย์และสาธารณสุข","generation":"generated"},{"nameUrl":"CodeSystem-cs-thcc-marital.html","title":"สถานะการสมรส","generation":"generated"},{"nameUrl":"CodeSystem-cs-thcc-nationality.html","title":"ชุดรหัสเชื้อชาติ-สัญชาติ","generation":"generated"},{"nameUrl":"CodeSystem-cs-thcc-no-contraceptive.html","title":"รหัสสาเหตุที่ไม่คุมกำเนิด","generation":"generated"},{"nameUrl":"CodeSystem-cs-thcc-occupation.html","title":"ชุดรหัสอาชีพ","generation":"generated"},{"nameUrl":"CodeSystem-cs-thcc-participant-type.html","title":"ประเภทแพทย์เพิ่มเติม","generation":"generated"},{"nameUrl":"CodeSystem-cs-thcc-patient-location-type.html","title":"รหัสที่ตั้งของที่อยู่ผู้รับบริการ","generation":"generated"},{"nameUrl":"CodeSystem-cs-thcc-person-status.html","title":"สถานะบุคคล","generation":"generated"},{"nameUrl":"CodeSystem-cs-thcc-pid-remove-reason.html","title":"สถานะ/สาเหตุการจำหน่าย","generation":"generated"},{"nameUrl":"CodeSystem-cs-thcc-provider-type.html","title":"รหัสประเภทสถานพยาบาลที่รักษา","generation":"generated"},{"nameUrl":"CodeSystem-cs-thcc-provider-type-coverage.html","title":"ประเภทสถานพยาบาล ตามสิทธิการรักษา","generation":"generated"},{"nameUrl":"CodeSystem-cs-thcc-qn-type.html","title":"ชนิดแบบสอบถาม 43 แฟ้ม plus","generation":"generated"},{"nameUrl":"CodeSystem-cs-thcc-qualification-issuer.html","title":"รหัสสภาวิชาชีพ","generation":"generated"},{"nameUrl":"CodeSystem-cs-thcc-refer-outcome.html","title":"รหัสผลการส่งต่อไปรับบริการในสถานพยาบาลอื่น","generation":"generated"},{"nameUrl":"CodeSystem-cs-thcc-refer-in-reason.html","title":"รหัสสาเหตุการส่งผู้ป่วยมารับบริการ","generation":"generated"},{"nameUrl":"CodeSystem-cs-thcc-religion.html","title":"ชุดรหัสศาสนา","generation":"generated"},{"nameUrl":"CodeSystem-cs-thcc-service-hour.html","title":"รหัสเวลามารับบริการ","generation":"generated"},{"nameUrl":"CodeSystem-cs-thcc-service-location.html","title":"รหัสสถานที่รับบริการ","generation":"generated"},{"nameUrl":"CodeSystem-cs-thcc-service-location-type.html","title":"รหัสสถานที่ที่ให้บริการ","generation":"generated"},{"nameUrl":"CodeSystem-cs-thcc-service-priority.html","title":"รหัสสถานะความฉุกเฉิน","generation":"generated"},{"nameUrl":"CodeSystem-cs-thcc-service-type-th.html","title":"รหัสประเภทการให้บริการ","generation":"generated"},{"nameUrl":"CodeSystem-cs-thcc-social-obs-type.html","title":"ชนิดประวัติทางสังคม","generation":"generated"},{"nameUrl":"CodeSystem-cs-thcc-status-in-family.html","title":"สถานะในครอบครัว","generation":"generated"},{"nameUrl":"CodeSystem-cs-thcc-status-in-village.html","title":"สถานะในชุมชน","generation":"generated"},{"nameUrl":"CodeSystem-cs-thcc-surveillance-group.html","title":"รหัสกลุ่มอาการที่เฝ้าระวัง","generation":"generated"},{"nameUrl":"CodeSystem-cs-thcc-village-area.html","title":"เขตที่ตั้งของหมู่บ้าน","generation":"generated"},{"nameUrl":"CodeSystem-cs-thcc-43file-type.html","title":"ชุดรหัสการศึกษา ISCED 1997","generation":"generated"},{"nameUrl":"NamingSystem-IDDopaHouseNo.html","title":"รหัสประจำบ้าน","generation":"generated"},{"nameUrl":"NamingSystem-IDHcode.html","title":"เลขรหัสสถานพยาบาล","generation":"generated"},{"nameUrl":"NamingSystem-IDThaiCid.html","title":"เลขประจำตัวประชาชนไทย","generation":"generated"},{"nameUrl":"NamingSystem-IDThaiDentist.html","title":"เลขประจำตัวทันตแพทย์","generation":"generated"},{"nameUrl":"NamingSystem-IDThaiDoctor.html","title":"เลขประจำตัวแพทย์","generation":"generated"},{"nameUrl":"NamingSystem-IDThaiMedTech.html","title":"เลขประจำตัวนักเทคนิคการแพทย์","generation":"generated"},{"nameUrl":"NamingSystem-IDThaiNurse.html","title":"เลขประจำตัวพยาบาล","generation":"generated"},{"nameUrl":"NamingSystem-IDThaiPharmacist.html","title":"เลขประจำตัวเภสัชกร","generation":"generated"},{"nameUrl":"NamingSystem-IDThaiPhysio.html","title":"เลขประจำตัวนักกายภาพบำบัด","generation":"generated"},{"nameUrl":"NamingSystem-IDThaiVet.html","title":"เลขประจำตัวสัตวแพทย์","generation":"generated"},{"nameUrl":"NamingSystem-IDThaiWorkPermit.html","title":"เลขที่ใบอนุญาตทำงานคนต่างด้าว","generation":"generated"}]}]},"parameter":[{"code":"copyrightyear","value":"2022+"},{"code":"releaselabel","value":"ci-build"},{"code":"apply-publisher","value":"true"},{"code":"apply-contact","value":"true"},{"code":"show-inherited-invariants","value":"false"},{"code":"autoload-resources","value":"true"},{"code":"path-resource","value":"input/capabilities"},{"code":"path-resource","value":"input/examples"},{"code":"path-resource","value":"input/extensions"},{"code":"path-resource","value":"input/models"},{"code":"path-resource","value":"input/operations"},{"code":"path-resource","value":"input/profiles"},{"code":"path-resource","value":"input/resources"},{"code":"path-resource","value":"input/vocabulary"},{"code":"path-resource","value":"input/maps"},{"code":"path-resource","value":"input/testing"},{"code":"path-resource","value":"input/history"},{"code":"path-resource","value":"fsh-generated/resources"},{"code":"path-pages","value":"template/config"},{"code":"path-pages","value":"input/images"},{"code":"path-liquid","value":"template/liquid"},{"code":"path-liquid","value":"input/liquid"},{"code":"path-qa","value":"temp/qa"},{"code":"path-temp","value":"temp/pages"},{"code":"path-output","value":"output"},{"code":"path-tx-cache","value":"input-cache/txcache"},{"code":"path-suppressed-warnings","value":"input/ignoreWarnings.txt"},{"code":"path-history","value":"https://terms.sil-th.org/history.html"},{"code":"template-html","value":"template-page.html"},{"code":"template-md","value":"template-page-md.html"},{"code":"apply-context","value":"true"},{"code":"apply-copyright","value":"true"},{"code":"apply-jurisdiction","value":"true"},{"code":"apply-license","value":"true"},{"code":"apply-version","value":"true"},{"code":"active-tables","value":"true"},{"code":"fmm-definition","value":"http://hl7.org/fhir/versions.html#maturity"},{"code":"propagate-status","value":"true"},{"code":"excludelogbinaryformat","value":"true"}]}}