{"resourceType":"NamingSystem","id":"IDThaiVet","text":{"status":"generated","div":"<div xmlns=\"http://www.w3.org/1999/xhtml\"><h3>Summary</h3><table class=\"grid\"><tr><td>Defining URL</td><td>https://terms.sil-th.org/NamingSystem/IDThaiVet</td></tr><tr><td>Version</td><td>0.1.0</td></tr><tr><td>Name</td><td>IDThaiVet</td></tr><tr><td>Status</td><td>active</td></tr><tr><td>Definition</td><td><div><p>เลขที่ใบประกอบวิชาชีพการสัตวแพทย์ (Thai Veterinary License Number)</p>\n</div></td></tr></table><h3>Identifiers</h3><table class=\"grid\"><tr><td><b>Type</b></td><td><b>Value</b></td><td><b>Preferred</b></td></tr><tr><td>URI</td><td>https://terms.sil-th.org/id/th-vet-id</td><td>true</td></tr></table></div>"},"url":"https://terms.sil-th.org/NamingSystem/IDThaiVet","version":"0.1.0","name":"IDThaiVet","status":"active","kind":"identifier","date":"2022-07-31T19:11:26+07:00","type":{"coding":[{"system":"http://terminology.hl7.org/CodeSystem/v2-0203","code":"PRN","display":"Provider number"}]},"description":"เลขที่ใบประกอบวิชาชีพการสัตวแพทย์ (Thai Veterinary License Number)","jurisdiction":[{"coding":[{"system":"urn:iso:std:iso:3166","code":"TH"}]}],"uniqueId":[{"type":"uri","value":"https://terms.sil-th.org/id/th-vet-id","preferred":true}]}