{"resourceType":"NamingSystem","id":"IDThaiWorkPermit","text":{"status":"generated","div":"<div xmlns=\"http://www.w3.org/1999/xhtml\"><h3>Summary</h3><table class=\"grid\"><tr><td>Defining URL</td><td>https://terms.sil-th.org/NamingSystem/IDThaiWorkPermit</td></tr><tr><td>Version</td><td>0.1.0</td></tr><tr><td>Name</td><td>IDThaiWorkPermit</td></tr><tr><td>Status</td><td>active</td></tr><tr><td>Definition</td><td><div><p>เลขที่ใบอนุญาตทำงานคนต่างด้าว ออกโดย กรมการจัดหางาน กระทรวงแรงงาน ดูรายละเอียดเพิ่มเติมได้ที่ https://lb.mol.go.th Alian work permit number issued by Department of Employment, Ministry of Labor. For more information contact https://lb.mol.go.th</p>\n</div></td></tr></table><h3>Identifiers</h3><table class=\"grid\"><tr><td><b>Type</b></td><td><b>Value</b></td><td><b>Preferred</b></td></tr><tr><td>URI</td><td>https://terms.sil-th.org/id/th-mol-wp</td><td>true</td></tr></table></div>"},"url":"https://terms.sil-th.org/NamingSystem/IDThaiWorkPermit","version":"0.1.0","name":"IDThaiWorkPermit","status":"active","kind":"identifier","date":"2022-07-31T19:11:26+07:00","type":{"coding":[{"system":"http://terminology.hl7.org/3.1.0/CodeSystem-v2-0203.html","code":"WP","display":"Work Permit"}]},"description":"เลขที่ใบอนุญาตทำงานคนต่างด้าว ออกโดย กรมการจัดหางาน กระทรวงแรงงาน ดูรายละเอียดเพิ่มเติมได้ที่ https://lb.mol.go.th Alian work permit number issued by Department of Employment, Ministry of Labor. For more information contact https://lb.mol.go.th","jurisdiction":[{"coding":[{"system":"urn:iso:std:iso:3166","code":"TH"}]}],"uniqueId":[{"type":"uri","value":"https://terms.sil-th.org/id/th-mol-wp","preferred":true}]}