{
  "resourceType": "CodeSystem",
  "id": "cs-thcc-ncd-foot-exam",
  "text": {
    "status": "generated",
    "div": "<div xmlns=\"http://www.w3.org/1999/xhtml\"><p>This code system http://terms.sil-th.org/CodeSystem/cs-thcc-ncd-foot-exam defines the following codes:</p><table class=\"codes\"><tr><td style=\"white-space:nowrap\"><b>Code</b></td><td><b>Display</b></td></tr><tr><td style=\"white-space:nowrap\">1<a name=\"cs-thcc-ncd-foot-exam-1\"> </a></td><td>ตรวจ ผลปกติ</td></tr><tr><td style=\"white-space:nowrap\">2<a name=\"cs-thcc-ncd-foot-exam-2\"> </a></td><td>ไม่ตรวจ</td></tr><tr><td style=\"white-space:nowrap\">3<a name=\"cs-thcc-ncd-foot-exam-3\"> </a></td><td>ตรวจ ผลไม่ปกติ</td></tr><tr><td style=\"white-space:nowrap\">9<a name=\"cs-thcc-ncd-foot-exam-9\"> </a></td><td>ไม่ทราบ</td></tr></table></div>"
  },
  "url": "http://terms.sil-th.org/CodeSystem/cs-thcc-ncd-foot-exam",
  "version": "0.1.0",
  "name": "CS_THCC_NcdFootExam",
  "title": "รหัสตรวจเท้า",
  "status": "active",
  "date": "2022-08-16T21:51:46+07:00",
  "description": "รหัสตรวจเท้า ตามโครงสร้างข้อมูล 43 แฟ้ม",
  "jurisdiction": [
    {
      "coding": [
        {
          "system": "urn:iso:std:iso:3166",
          "code": "TH"
        }
      ]
    }
  ],
  "content": "complete",
  "count": 4,
  "concept": [
    {
      "code": "1",
      "display": "ตรวจ ผลปกติ"
    },
    {
      "code": "2",
      "display": "ไม่ตรวจ"
    },
    {
      "code": "3",
      "display": "ตรวจ ผลไม่ปกติ"
    },
    {
      "code": "9",
      "display": "ไม่ทราบ"
    }
  ]
}