{
  "resourceType": "CodeSystem",
  "id": "cs-thcc-accident-admit-source",
  "text": {
    "status": "generated",
    "div": "<div xmlns=\"http://www.w3.org/1999/xhtml\"><p>This code system http://terms.sil-th.org/CodeSystem/cs-thcc-accident-admit-source defines the following codes:</p><table class=\"codes\"><tr><td style=\"white-space:nowrap\"><b>Code</b></td><td><b>Display</b></td></tr><tr><td style=\"white-space:nowrap\">1<a name=\"cs-thcc-accident-admit-source-1\"> </a></td><td>มารับบริการเอง</td></tr><tr><td style=\"white-space:nowrap\">2<a name=\"cs-thcc-accident-admit-source-2\"> </a></td><td>ได้รับการส่งตัวโดย First responder</td></tr><tr><td style=\"white-space:nowrap\">3<a name=\"cs-thcc-accident-admit-source-3\"> </a></td><td>ได้รับการส่งตัวโดย BLS</td></tr><tr><td style=\"white-space:nowrap\">4<a name=\"cs-thcc-accident-admit-source-4\"> </a></td><td>ได้รับการส่งตัวโดย ILS</td></tr><tr><td style=\"white-space:nowrap\">5<a name=\"cs-thcc-accident-admit-source-5\"> </a></td><td>ได้รับการส่งตัวโดย ALS</td></tr><tr><td style=\"white-space:nowrap\">6<a name=\"cs-thcc-accident-admit-source-6\"> </a></td><td>ได้รับการส่งต่อจากสถานพยาบาลอื่น</td></tr><tr><td style=\"white-space:nowrap\">7<a name=\"cs-thcc-accident-admit-source-7\"> </a></td><td>อื่น ๆ</td></tr><tr><td style=\"white-space:nowrap\">9<a name=\"cs-thcc-accident-admit-source-9\"> </a></td><td>ไม่ทราบ</td></tr></table></div>"
  },
  "url": "http://terms.sil-th.org/CodeSystem/cs-thcc-accident-admit-source",
  "version": "0.1.0",
  "name": "CS_THCC_AccidentAdmitSource",
  "title": "ชนิด",
  "status": "active",
  "date": "2022-08-16T23:36:06+07:00",
  "description": "ใช้ระบุชนิด ซึ่งใช้ในโครงสร้างข้อมูล 43 แฟ้ม",
  "jurisdiction": [
    {
      "coding": [
        {
          "system": "urn:iso:std:iso:3166",
          "code": "TH"
        }
      ]
    }
  ],
  "content": "complete",
  "count": 8,
  "concept": [
    {
      "code": "1",
      "display": "มารับบริการเอง"
    },
    {
      "code": "2",
      "display": "ได้รับการส่งตัวโดย First responder"
    },
    {
      "code": "3",
      "display": "ได้รับการส่งตัวโดย BLS"
    },
    {
      "code": "4",
      "display": "ได้รับการส่งตัวโดย ILS"
    },
    {
      "code": "5",
      "display": "ได้รับการส่งตัวโดย ALS"
    },
    {
      "code": "6",
      "display": "ได้รับการส่งต่อจากสถานพยาบาลอื่น"
    },
    {
      "code": "7",
      "display": "อื่น ๆ"
    },
    {
      "code": "9",
      "display": "ไม่ทราบ"
    }
  ]
}