{
  "resourceType": "CodeSystem",
  "id": "cs-thcc-ipd-journey",
  "text": {
    "status": "generated",
    "div": "<div xmlns=\"http://www.w3.org/1999/xhtml\"><p>This code system http://terms.sil-th.org/CodeSystem/cs-thcc-ipd-journey defines the following codes:</p><table class=\"codes\"><tr><td style=\"white-space:nowrap\"><b>Code</b></td><td><b>Display</b></td></tr><tr><td style=\"white-space:nowrap\">first<a name=\"cs-thcc-ipd-journey-first\"> </a></td><td>รหัสแผนกที่รับผู้ป่วย</td></tr><tr><td style=\"white-space:nowrap\">admit<a name=\"cs-thcc-ipd-journey-admit\"> </a></td><td>รหัสแผนกที่ส่งผู้ป่วยให้เป็นผู้ป่วยใน (admit clinic)</td></tr><tr><td style=\"white-space:nowrap\">discharge<a name=\"cs-thcc-ipd-journey-discharge\"> </a></td><td>รหัสแผนกที่จำหน่ายผู้ป่วย (discharge clinic)</td></tr></table></div>"
  },
  "url": "http://terms.sil-th.org/CodeSystem/cs-thcc-ipd-journey",
  "version": "0.1.0",
  "name": "CS_THCC_IpdJourney",
  "title": "รหัสชนิดของแผนกที่ผู้ป่วยในรับบริการ",
  "status": "active",
  "date": "2022-08-17T01:34:31+07:00",
  "description": "รหัสชนิดของแผนกที่ผู้ป่วยในรับบริการ เพื่อใช้ในโครงสร้างข้อมูล 43 แฟ้ม",
  "jurisdiction": [
    {
      "coding": [
        {
          "system": "urn:iso:std:iso:3166",
          "code": "TH"
        }
      ]
    }
  ],
  "content": "complete",
  "count": 3,
  "concept": [
    {
      "code": "first",
      "display": "รหัสแผนกที่รับผู้ป่วย"
    },
    {
      "code": "admit",
      "display": "รหัสแผนกที่ส่งผู้ป่วยให้เป็นผู้ป่วยใน (admit clinic)"
    },
    {
      "code": "discharge",
      "display": "รหัสแผนกที่จำหน่ายผู้ป่วย (discharge clinic)"
    }
  ]
}