{
  "resourceType": "CodeSystem",
  "id": "cs-thcc-pregnancy-outcome",
  "text": {
    "status": "generated",
    "div": "<div xmlns=\"http://www.w3.org/1999/xhtml\"><p>This code system http://terms.sil-th.org/CodeSystem/cs-thcc-pregnancy-outcome defines the following codes:</p><table class=\"codes\"><tr><td style=\"white-space:nowrap\"><b>Code</b></td><td><b>Display</b></td></tr><tr><td style=\"white-space:nowrap\">O000<a name=\"cs-thcc-pregnancy-outcome-O000\"> </a></td><td>Abdominal pregnancy</td></tr><tr><td style=\"white-space:nowrap\">O001<a name=\"cs-thcc-pregnancy-outcome-O001\"> </a></td><td>Tubal pregnancy</td></tr><tr><td style=\"white-space:nowrap\">O002<a name=\"cs-thcc-pregnancy-outcome-O002\"> </a></td><td>Ovarian pregnancy</td></tr><tr><td style=\"white-space:nowrap\">O008<a name=\"cs-thcc-pregnancy-outcome-O008\"> </a></td><td>Other ectopic pregnancy</td></tr><tr><td style=\"white-space:nowrap\">O009<a name=\"cs-thcc-pregnancy-outcome-O009\"> </a></td><td>Ectopic pregnancy, unspecified</td></tr><tr><td style=\"white-space:nowrap\">O010<a name=\"cs-thcc-pregnancy-outcome-O010\"> </a></td><td>Classical hydatidiform mole</td></tr><tr><td style=\"white-space:nowrap\">O011<a name=\"cs-thcc-pregnancy-outcome-O011\"> </a></td><td>Incomplete and partial hydatidiform mole</td></tr><tr><td style=\"white-space:nowrap\">O019<a name=\"cs-thcc-pregnancy-outcome-O019\"> </a></td><td>Hydatidiform mole, unspecified</td></tr><tr><td style=\"white-space:nowrap\">O020<a name=\"cs-thcc-pregnancy-outcome-O020\"> </a></td><td>Blighted ovum and nonhydatidiform mole</td></tr><tr><td style=\"white-space:nowrap\">O021<a name=\"cs-thcc-pregnancy-outcome-O021\"> </a></td><td>Missed abortion</td></tr><tr><td style=\"white-space:nowrap\">O028<a name=\"cs-thcc-pregnancy-outcome-O028\"> </a></td><td>Other specified abnormal products of conception</td></tr><tr><td style=\"white-space:nowrap\">O029<a name=\"cs-thcc-pregnancy-outcome-O029\"> </a></td><td>Abnormal products of conception, unspecified</td></tr><tr><td style=\"white-space:nowrap\">O030<a name=\"cs-thcc-pregnancy-outcome-O030\"> </a></td><td>Spontaneous abortion at incomplete, complicated by genital tract and pelvic infection with condition in O08.0</td></tr><tr><td style=\"white-space:nowrap\">O031<a name=\"cs-thcc-pregnancy-outcome-O031\"> </a></td><td>Spontaneous abortion at incomplete, complicated by delayed  or excessive  haemorrhage with condition in O08.1</td></tr><tr><td style=\"white-space:nowrap\">O032<a name=\"cs-thcc-pregnancy-outcome-O032\"> </a></td><td>Spontaneous abortion at incomplete,complicated  by embolism with condition in O08.2</td></tr><tr><td style=\"white-space:nowrap\">O033<a name=\"cs-thcc-pregnancy-outcome-O033\"> </a></td><td>Spontaneous abortion at incomplete,with other unspecified complication  with condition in O08.3-O08.9</td></tr><tr><td style=\"white-space:nowrap\">O034<a name=\"cs-thcc-pregnancy-outcome-O034\"> </a></td><td>Spontaneous abortion at incomplete,without complication</td></tr><tr><td style=\"white-space:nowrap\">O035<a name=\"cs-thcc-pregnancy-outcome-O035\"> </a></td><td>Spontaneous abortion at complete or unspecified,complicated by genitic tract and pelvic infection  with condition in O08.0</td></tr><tr><td style=\"white-space:nowrap\">O036<a name=\"cs-thcc-pregnancy-outcome-O036\"> </a></td><td>Spontaneous abortion at complete or unspecified,complicated by delayed or excessive haemorrhage with condition in O08.1</td></tr><tr><td style=\"white-space:nowrap\">O037<a name=\"cs-thcc-pregnancy-outcome-O037\"> </a></td><td>Spontaneous abortion at complete or unspecified,complicated by embolism  with condition in O08.2</td></tr><tr><td style=\"white-space:nowrap\">O038<a name=\"cs-thcc-pregnancy-outcome-O038\"> </a></td><td>Spontaneous abortion at complete or unspecified,with other and unspecified condition in O08.3-O08.9</td></tr><tr><td style=\"white-space:nowrap\">O039<a name=\"cs-thcc-pregnancy-outcome-O039\"> </a></td><td>Spontaneous abortion at complete or unspecified,without complication</td></tr><tr><td style=\"white-space:nowrap\">O040<a name=\"cs-thcc-pregnancy-outcome-O040\"> </a></td><td>Medical abortion at incomplete, complicated by genital tract and pelvic infection with condition in O08.0</td></tr><tr><td style=\"white-space:nowrap\">O041<a name=\"cs-thcc-pregnancy-outcome-O041\"> </a></td><td>Medical abortion at incomplete, complicated by delayed  or excessive  haemorrhage with condition in O08.1</td></tr><tr><td style=\"white-space:nowrap\">O042<a name=\"cs-thcc-pregnancy-outcome-O042\"> </a></td><td>Medical abortion at incomplete,complicated  by embolism with condition in O08.2</td></tr><tr><td style=\"white-space:nowrap\">O043<a name=\"cs-thcc-pregnancy-outcome-O043\"> </a></td><td>Medical abortion at incomplete,with other unspecified complication  with condition in O08.3-O08.9</td></tr><tr><td style=\"white-space:nowrap\">O044<a name=\"cs-thcc-pregnancy-outcome-O044\"> </a></td><td>Medical abortion at incomplete,without complication</td></tr><tr><td style=\"white-space:nowrap\">O045<a name=\"cs-thcc-pregnancy-outcome-O045\"> </a></td><td>Medical abortion at complete or unspecified,complicated by genitic tract and pelvic infection  with condition in O08.0</td></tr><tr><td style=\"white-space:nowrap\">O046<a name=\"cs-thcc-pregnancy-outcome-O046\"> </a></td><td>Medical abortion at complete or unspecified,complicated by delayed or excessive haemorrhage with condition in O08.1</td></tr><tr><td style=\"white-space:nowrap\">O047<a name=\"cs-thcc-pregnancy-outcome-O047\"> </a></td><td>Medical abortion at complete or unspecified,complicated by embolism  with condition in O08.2</td></tr><tr><td style=\"white-space:nowrap\">O048<a name=\"cs-thcc-pregnancy-outcome-O048\"> </a></td><td>Medical abortion at complete or unspecified,with other and unspecified condition in O08.3-O08.9</td></tr><tr><td style=\"white-space:nowrap\">O049<a name=\"cs-thcc-pregnancy-outcome-O049\"> </a></td><td>Medical abortion at complete or unspecified,without complication</td></tr><tr><td style=\"white-space:nowrap\">O050<a name=\"cs-thcc-pregnancy-outcome-O050\"> </a></td><td>Other abortion at incomplete, complicated by genital tract and pelvic infection with condition in O08.0</td></tr><tr><td style=\"white-space:nowrap\">O051<a name=\"cs-thcc-pregnancy-outcome-O051\"> </a></td><td>Other abortion at incomplete, complicated by delayed  or excessive  haemorrhage with condition in O08.1</td></tr><tr><td style=\"white-space:nowrap\">O052<a name=\"cs-thcc-pregnancy-outcome-O052\"> </a></td><td>Other abortion at incomplete,complicated  by embolism with condition in O08.2</td></tr><tr><td style=\"white-space:nowrap\">O053<a name=\"cs-thcc-pregnancy-outcome-O053\"> </a></td><td>Other abortion at incomplete,with other unspecified complication  with condition in O08.3-O08.9</td></tr><tr><td style=\"white-space:nowrap\">O054<a name=\"cs-thcc-pregnancy-outcome-O054\"> </a></td><td>Other abortion at incomplete,without complication</td></tr><tr><td style=\"white-space:nowrap\">O055<a name=\"cs-thcc-pregnancy-outcome-O055\"> </a></td><td>Other abortion at complete or unspecified,complicated by genitic tract and pelvic infection  with condition in O08.0</td></tr><tr><td style=\"white-space:nowrap\">O056<a name=\"cs-thcc-pregnancy-outcome-O056\"> </a></td><td>Other abortion at complete or unspecified,complicated by delayed or excessive haemorrhage with condition in O08.1</td></tr><tr><td style=\"white-space:nowrap\">O057<a name=\"cs-thcc-pregnancy-outcome-O057\"> </a></td><td>Other abortion at complete or unspecified,complicated by embolism  with condition in O08.2</td></tr><tr><td style=\"white-space:nowrap\">O058<a name=\"cs-thcc-pregnancy-outcome-O058\"> </a></td><td>Other abortion at complete or unspecified,with other and unspecified condition in O08.3-O08.9</td></tr><tr><td style=\"white-space:nowrap\">O059<a name=\"cs-thcc-pregnancy-outcome-O059\"> </a></td><td>Other abortion at complete or unspecified,without complication</td></tr><tr><td style=\"white-space:nowrap\">O060<a name=\"cs-thcc-pregnancy-outcome-O060\"> </a></td><td>Unspecified abortion at incomplete, complicated by genital tract and pelvic infection with condition in O08.0</td></tr><tr><td style=\"white-space:nowrap\">O061<a name=\"cs-thcc-pregnancy-outcome-O061\"> </a></td><td>Unspecified abortion at incomplete, complicated by delayed  or excessive  haemorrhage with conditions in O08.1</td></tr><tr><td style=\"white-space:nowrap\">O062<a name=\"cs-thcc-pregnancy-outcome-O062\"> </a></td><td>Unspecified abortion at incomplete,complicated  by embolism with condition in O08.2</td></tr><tr><td style=\"white-space:nowrap\">O063<a name=\"cs-thcc-pregnancy-outcome-O063\"> </a></td><td>Unspecified abortion at incomplete,with other unspecified complications with conditions in O08.3-O08.9</td></tr><tr><td style=\"white-space:nowrap\">O064<a name=\"cs-thcc-pregnancy-outcome-O064\"> </a></td><td>Unspecified abortion at incomplete,without complication</td></tr><tr><td style=\"white-space:nowrap\">O065<a name=\"cs-thcc-pregnancy-outcome-O065\"> </a></td><td>Unspecified abortion at complete or unspecified,complicated by genitic tract and pelvic infection  with conditions in O08.0</td></tr><tr><td style=\"white-space:nowrap\">O066<a name=\"cs-thcc-pregnancy-outcome-O066\"> </a></td><td>Unspecified abortion at complete or unspecified,complicated by delayed or excessive haemorrhage with conditions in O08.1</td></tr><tr><td style=\"white-space:nowrap\">O067<a name=\"cs-thcc-pregnancy-outcome-O067\"> </a></td><td>Unspecified abortion at complete or unspecified,complicated by embolism  with conditions in O08.2</td></tr><tr><td style=\"white-space:nowrap\">O068<a name=\"cs-thcc-pregnancy-outcome-O068\"> </a></td><td>Unspecified abortion at complete or unspecified,with other and unspecified complications with conditions in O08.3-O08.9</td></tr><tr><td style=\"white-space:nowrap\">O069<a name=\"cs-thcc-pregnancy-outcome-O069\"> </a></td><td>Unspecified abortion at complete or unspecified,without complication</td></tr><tr><td style=\"white-space:nowrap\">O070<a name=\"cs-thcc-pregnancy-outcome-O070\"> </a></td><td>Failed medical abortion, complicated by genital tract and pelvic infection</td></tr><tr><td style=\"white-space:nowrap\">O071<a name=\"cs-thcc-pregnancy-outcome-O071\"> </a></td><td>Failed medical abortion, complicated by delayed or excessive haemorrhage</td></tr><tr><td style=\"white-space:nowrap\">O072<a name=\"cs-thcc-pregnancy-outcome-O072\"> </a></td><td>Failed medical abortion, complicated by embolism</td></tr><tr><td style=\"white-space:nowrap\">O073<a name=\"cs-thcc-pregnancy-outcome-O073\"> </a></td><td>Failed medical abortion, with other and unspecified complications</td></tr><tr><td style=\"white-space:nowrap\">O074<a name=\"cs-thcc-pregnancy-outcome-O074\"> </a></td><td>Failed medical abortion, without complication</td></tr><tr><td style=\"white-space:nowrap\">O075<a name=\"cs-thcc-pregnancy-outcome-O075\"> </a></td><td>Other and unspecified failed attempted abortion, complicated by genital tract and pelvic infection</td></tr><tr><td style=\"white-space:nowrap\">O076<a name=\"cs-thcc-pregnancy-outcome-O076\"> </a></td><td>Other and unspecified failed attempted abortion, complicated by delayed or excessive haemorrhage</td></tr><tr><td style=\"white-space:nowrap\">O077<a name=\"cs-thcc-pregnancy-outcome-O077\"> </a></td><td>Other and unspecified failed attempted abortion, complicated by embolism</td></tr><tr><td style=\"white-space:nowrap\">O078<a name=\"cs-thcc-pregnancy-outcome-O078\"> </a></td><td>Other and unspecified failed attempted abortion, with other and unspecified complications</td></tr><tr><td style=\"white-space:nowrap\">O079<a name=\"cs-thcc-pregnancy-outcome-O079\"> </a></td><td>Other and unspecified failed attempted abortion, without complication</td></tr><tr><td style=\"white-space:nowrap\">O080<a name=\"cs-thcc-pregnancy-outcome-O080\"> </a></td><td>Genital tract and pelvic infection following abortion and ectopic and molar pregnancy</td></tr><tr><td style=\"white-space:nowrap\">O081<a name=\"cs-thcc-pregnancy-outcome-O081\"> </a></td><td>Delayed or excessive haemorrhage following abortion and ectopic and molar pregnancy</td></tr><tr><td style=\"white-space:nowrap\">O082<a name=\"cs-thcc-pregnancy-outcome-O082\"> </a></td><td>Embolism following abortion and ectopic and molar pregnancy</td></tr><tr><td style=\"white-space:nowrap\">O083<a name=\"cs-thcc-pregnancy-outcome-O083\"> </a></td><td>Shock following abortion and ectopic and molar pregnancy</td></tr><tr><td style=\"white-space:nowrap\">O084<a name=\"cs-thcc-pregnancy-outcome-O084\"> </a></td><td>Renal failure following abortion and ectopic and molar pregnancy</td></tr><tr><td style=\"white-space:nowrap\">O085<a name=\"cs-thcc-pregnancy-outcome-O085\"> </a></td><td>Metabolic disorders following abortion and ectopic and molar pregnancy</td></tr><tr><td style=\"white-space:nowrap\">O086<a name=\"cs-thcc-pregnancy-outcome-O086\"> </a></td><td>Damage to pelvic organs and tissues following abortion and ectopic and molar pregnancy</td></tr><tr><td style=\"white-space:nowrap\">O087<a name=\"cs-thcc-pregnancy-outcome-O087\"> </a></td><td>Other venous complications following abortion and ectopic and molar pregnancy</td></tr><tr><td style=\"white-space:nowrap\">O088<a name=\"cs-thcc-pregnancy-outcome-O088\"> </a></td><td>Other complications following abortion and ectopic and molar pregnancy</td></tr><tr><td style=\"white-space:nowrap\">O089<a name=\"cs-thcc-pregnancy-outcome-O089\"> </a></td><td>Complication following abortion and ectopic and molar pregnancy, unspecified</td></tr><tr><td style=\"white-space:nowrap\">O800<a name=\"cs-thcc-pregnancy-outcome-O800\"> </a></td><td>Spontaneous vertex delivery</td></tr><tr><td style=\"white-space:nowrap\">O801<a name=\"cs-thcc-pregnancy-outcome-O801\"> </a></td><td>Spontaneous breech delivery</td></tr><tr><td style=\"white-space:nowrap\">O808<a name=\"cs-thcc-pregnancy-outcome-O808\"> </a></td><td>Other single spontaneous delivery</td></tr><tr><td style=\"white-space:nowrap\">O809<a name=\"cs-thcc-pregnancy-outcome-O809\"> </a></td><td>Single spontaneous delivery, unspecified</td></tr><tr><td style=\"white-space:nowrap\">O810<a name=\"cs-thcc-pregnancy-outcome-O810\"> </a></td><td>Low forceps delivery</td></tr><tr><td style=\"white-space:nowrap\">O811<a name=\"cs-thcc-pregnancy-outcome-O811\"> </a></td><td>Mid-cavity forceps delivery</td></tr><tr><td style=\"white-space:nowrap\">O812<a name=\"cs-thcc-pregnancy-outcome-O812\"> </a></td><td>Mid-cavity forceps with rotation</td></tr><tr><td style=\"white-space:nowrap\">O813<a name=\"cs-thcc-pregnancy-outcome-O813\"> </a></td><td>Other and unspecified forceps delivery</td></tr><tr><td style=\"white-space:nowrap\">O814<a name=\"cs-thcc-pregnancy-outcome-O814\"> </a></td><td>Vacuum extractor delivery</td></tr><tr><td style=\"white-space:nowrap\">O815<a name=\"cs-thcc-pregnancy-outcome-O815\"> </a></td><td>Delivery by combination of forceps and vacuum extractor</td></tr><tr><td style=\"white-space:nowrap\">O820<a name=\"cs-thcc-pregnancy-outcome-O820\"> </a></td><td>Delivery by elective caesarean section</td></tr><tr><td style=\"white-space:nowrap\">O821<a name=\"cs-thcc-pregnancy-outcome-O821\"> </a></td><td>Delivery by emergency caesarean section</td></tr><tr><td style=\"white-space:nowrap\">O822<a name=\"cs-thcc-pregnancy-outcome-O822\"> </a></td><td>Delivery by caesarean hysterectomy</td></tr><tr><td style=\"white-space:nowrap\">O828<a name=\"cs-thcc-pregnancy-outcome-O828\"> </a></td><td>Other single delivery by caesarean section</td></tr><tr><td style=\"white-space:nowrap\">O829<a name=\"cs-thcc-pregnancy-outcome-O829\"> </a></td><td>Delivery by caesarean section, unspecified</td></tr><tr><td style=\"white-space:nowrap\">O830<a name=\"cs-thcc-pregnancy-outcome-O830\"> </a></td><td>Breech extraction</td></tr><tr><td style=\"white-space:nowrap\">O831<a name=\"cs-thcc-pregnancy-outcome-O831\"> </a></td><td>Other assisted breech delivery</td></tr><tr><td style=\"white-space:nowrap\">O832<a name=\"cs-thcc-pregnancy-outcome-O832\"> </a></td><td>Other manipulation-assisted delivery</td></tr><tr><td style=\"white-space:nowrap\">O833<a name=\"cs-thcc-pregnancy-outcome-O833\"> </a></td><td>Delivery of viable fetus in abdominal pregnancy</td></tr><tr><td style=\"white-space:nowrap\">O834<a name=\"cs-thcc-pregnancy-outcome-O834\"> </a></td><td>Destructive operation for delivery</td></tr><tr><td style=\"white-space:nowrap\">O838<a name=\"cs-thcc-pregnancy-outcome-O838\"> </a></td><td>Other specified assisted single delivery</td></tr><tr><td style=\"white-space:nowrap\">O839<a name=\"cs-thcc-pregnancy-outcome-O839\"> </a></td><td>Assisted single delivery, unspecified</td></tr><tr><td style=\"white-space:nowrap\">O840<a name=\"cs-thcc-pregnancy-outcome-O840\"> </a></td><td>Multiple delivery, all spontaneous</td></tr><tr><td style=\"white-space:nowrap\">O841<a name=\"cs-thcc-pregnancy-outcome-O841\"> </a></td><td>Multiple delivery, all by forceps and vacuum extractor</td></tr><tr><td style=\"white-space:nowrap\">O842<a name=\"cs-thcc-pregnancy-outcome-O842\"> </a></td><td>Multiple delivery, all by caesarean section</td></tr><tr><td style=\"white-space:nowrap\">O848<a name=\"cs-thcc-pregnancy-outcome-O848\"> </a></td><td>Other multiple delivery</td></tr><tr><td style=\"white-space:nowrap\">O849<a name=\"cs-thcc-pregnancy-outcome-O849\"> </a></td><td>Multiple delivery, unspecified</td></tr></table></div>"
  },
  "url": "http://terms.sil-th.org/CodeSystem/cs-thcc-pregnancy-outcome",
  "version": "0.1.0",
  "name": "CS_THCC_PregnancyOutcome",
  "title": "รหัสผลการสิ้นสุดการตั้งครรภ์",
  "status": "active",
  "date": "2022-08-16T23:36:06+07:00",
  "description": "รหัสผลการสิ้นสุดการตั้งครรภ์ ตามโครงสร้างข้อมูล 43 แฟ้ม",
  "jurisdiction": [
    {
      "coding": [
        {
          "system": "urn:iso:std:iso:3166",
          "code": "TH"
        }
      ]
    }
  ],
  "content": "complete",
  "count": 99,
  "concept": [
    {
      "code": "O000",
      "display": "Abdominal pregnancy"
    },
    {
      "code": "O001",
      "display": "Tubal pregnancy"
    },
    {
      "code": "O002",
      "display": "Ovarian pregnancy"
    },
    {
      "code": "O008",
      "display": "Other ectopic pregnancy"
    },
    {
      "code": "O009",
      "display": "Ectopic pregnancy, unspecified"
    },
    {
      "code": "O010",
      "display": "Classical hydatidiform mole"
    },
    {
      "code": "O011",
      "display": "Incomplete and partial hydatidiform mole"
    },
    {
      "code": "O019",
      "display": "Hydatidiform mole, unspecified"
    },
    {
      "code": "O020",
      "display": "Blighted ovum and nonhydatidiform mole"
    },
    {
      "code": "O021",
      "display": "Missed abortion"
    },
    {
      "code": "O028",
      "display": "Other specified abnormal products of conception"
    },
    {
      "code": "O029",
      "display": "Abnormal products of conception, unspecified"
    },
    {
      "code": "O030",
      "display": "Spontaneous abortion at incomplete, complicated by genital tract and pelvic infection with condition in O08.0"
    },
    {
      "code": "O031",
      "display": "Spontaneous abortion at incomplete, complicated by delayed  or excessive  haemorrhage with condition in O08.1"
    },
    {
      "code": "O032",
      "display": "Spontaneous abortion at incomplete,complicated  by embolism with condition in O08.2"
    },
    {
      "code": "O033",
      "display": "Spontaneous abortion at incomplete,with other unspecified complication  with condition in O08.3-O08.9"
    },
    {
      "code": "O034",
      "display": "Spontaneous abortion at incomplete,without complication"
    },
    {
      "code": "O035",
      "display": "Spontaneous abortion at complete or unspecified,complicated by genitic tract and pelvic infection  with condition in O08.0"
    },
    {
      "code": "O036",
      "display": "Spontaneous abortion at complete or unspecified,complicated by delayed or excessive haemorrhage with condition in O08.1"
    },
    {
      "code": "O037",
      "display": "Spontaneous abortion at complete or unspecified,complicated by embolism  with condition in O08.2"
    },
    {
      "code": "O038",
      "display": "Spontaneous abortion at complete or unspecified,with other and unspecified condition in O08.3-O08.9"
    },
    {
      "code": "O039",
      "display": "Spontaneous abortion at complete or unspecified,without complication"
    },
    {
      "code": "O040",
      "display": "Medical abortion at incomplete, complicated by genital tract and pelvic infection with condition in O08.0"
    },
    {
      "code": "O041",
      "display": "Medical abortion at incomplete, complicated by delayed  or excessive  haemorrhage with condition in O08.1"
    },
    {
      "code": "O042",
      "display": "Medical abortion at incomplete,complicated  by embolism with condition in O08.2"
    },
    {
      "code": "O043",
      "display": "Medical abortion at incomplete,with other unspecified complication  with condition in O08.3-O08.9"
    },
    {
      "code": "O044",
      "display": "Medical abortion at incomplete,without complication"
    },
    {
      "code": "O045",
      "display": "Medical abortion at complete or unspecified,complicated by genitic tract and pelvic infection  with condition in O08.0"
    },
    {
      "code": "O046",
      "display": "Medical abortion at complete or unspecified,complicated by delayed or excessive haemorrhage with condition in O08.1"
    },
    {
      "code": "O047",
      "display": "Medical abortion at complete or unspecified,complicated by embolism  with condition in O08.2"
    },
    {
      "code": "O048",
      "display": "Medical abortion at complete or unspecified,with other and unspecified condition in O08.3-O08.9"
    },
    {
      "code": "O049",
      "display": "Medical abortion at complete or unspecified,without complication"
    },
    {
      "code": "O050",
      "display": "Other abortion at incomplete, complicated by genital tract and pelvic infection with condition in O08.0"
    },
    {
      "code": "O051",
      "display": "Other abortion at incomplete, complicated by delayed  or excessive  haemorrhage with condition in O08.1"
    },
    {
      "code": "O052",
      "display": "Other abortion at incomplete,complicated  by embolism with condition in O08.2"
    },
    {
      "code": "O053",
      "display": "Other abortion at incomplete,with other unspecified complication  with condition in O08.3-O08.9"
    },
    {
      "code": "O054",
      "display": "Other abortion at incomplete,without complication"
    },
    {
      "code": "O055",
      "display": "Other abortion at complete or unspecified,complicated by genitic tract and pelvic infection  with condition in O08.0"
    },
    {
      "code": "O056",
      "display": "Other abortion at complete or unspecified,complicated by delayed or excessive haemorrhage with condition in O08.1"
    },
    {
      "code": "O057",
      "display": "Other abortion at complete or unspecified,complicated by embolism  with condition in O08.2"
    },
    {
      "code": "O058",
      "display": "Other abortion at complete or unspecified,with other and unspecified condition in O08.3-O08.9"
    },
    {
      "code": "O059",
      "display": "Other abortion at complete or unspecified,without complication"
    },
    {
      "code": "O060",
      "display": "Unspecified abortion at incomplete, complicated by genital tract and pelvic infection with condition in O08.0"
    },
    {
      "code": "O061",
      "display": "Unspecified abortion at incomplete, complicated by delayed  or excessive  haemorrhage with conditions in O08.1"
    },
    {
      "code": "O062",
      "display": "Unspecified abortion at incomplete,complicated  by embolism with condition in O08.2"
    },
    {
      "code": "O063",
      "display": "Unspecified abortion at incomplete,with other unspecified complications with conditions in O08.3-O08.9"
    },
    {
      "code": "O064",
      "display": "Unspecified abortion at incomplete,without complication"
    },
    {
      "code": "O065",
      "display": "Unspecified abortion at complete or unspecified,complicated by genitic tract and pelvic infection  with conditions in O08.0"
    },
    {
      "code": "O066",
      "display": "Unspecified abortion at complete or unspecified,complicated by delayed or excessive haemorrhage with conditions in O08.1"
    },
    {
      "code": "O067",
      "display": "Unspecified abortion at complete or unspecified,complicated by embolism  with conditions in O08.2"
    },
    {
      "code": "O068",
      "display": "Unspecified abortion at complete or unspecified,with other and unspecified complications with conditions in O08.3-O08.9"
    },
    {
      "code": "O069",
      "display": "Unspecified abortion at complete or unspecified,without complication"
    },
    {
      "code": "O070",
      "display": "Failed medical abortion, complicated by genital tract and pelvic infection"
    },
    {
      "code": "O071",
      "display": "Failed medical abortion, complicated by delayed or excessive haemorrhage"
    },
    {
      "code": "O072",
      "display": "Failed medical abortion, complicated by embolism"
    },
    {
      "code": "O073",
      "display": "Failed medical abortion, with other and unspecified complications"
    },
    {
      "code": "O074",
      "display": "Failed medical abortion, without complication"
    },
    {
      "code": "O075",
      "display": "Other and unspecified failed attempted abortion, complicated by genital tract and pelvic infection"
    },
    {
      "code": "O076",
      "display": "Other and unspecified failed attempted abortion, complicated by delayed or excessive haemorrhage"
    },
    {
      "code": "O077",
      "display": "Other and unspecified failed attempted abortion, complicated by embolism"
    },
    {
      "code": "O078",
      "display": "Other and unspecified failed attempted abortion, with other and unspecified complications"
    },
    {
      "code": "O079",
      "display": "Other and unspecified failed attempted abortion, without complication"
    },
    {
      "code": "O080",
      "display": "Genital tract and pelvic infection following abortion and ectopic and molar pregnancy"
    },
    {
      "code": "O081",
      "display": "Delayed or excessive haemorrhage following abortion and ectopic and molar pregnancy"
    },
    {
      "code": "O082",
      "display": "Embolism following abortion and ectopic and molar pregnancy"
    },
    {
      "code": "O083",
      "display": "Shock following abortion and ectopic and molar pregnancy"
    },
    {
      "code": "O084",
      "display": "Renal failure following abortion and ectopic and molar pregnancy"
    },
    {
      "code": "O085",
      "display": "Metabolic disorders following abortion and ectopic and molar pregnancy"
    },
    {
      "code": "O086",
      "display": "Damage to pelvic organs and tissues following abortion and ectopic and molar pregnancy"
    },
    {
      "code": "O087",
      "display": "Other venous complications following abortion and ectopic and molar pregnancy"
    },
    {
      "code": "O088",
      "display": "Other complications following abortion and ectopic and molar pregnancy"
    },
    {
      "code": "O089",
      "display": "Complication following abortion and ectopic and molar pregnancy, unspecified"
    },
    {
      "code": "O800",
      "display": "Spontaneous vertex delivery"
    },
    {
      "code": "O801",
      "display": "Spontaneous breech delivery"
    },
    {
      "code": "O808",
      "display": "Other single spontaneous delivery"
    },
    {
      "code": "O809",
      "display": "Single spontaneous delivery, unspecified"
    },
    {
      "code": "O810",
      "display": "Low forceps delivery"
    },
    {
      "code": "O811",
      "display": "Mid-cavity forceps delivery"
    },
    {
      "code": "O812",
      "display": "Mid-cavity forceps with rotation"
    },
    {
      "code": "O813",
      "display": "Other and unspecified forceps delivery"
    },
    {
      "code": "O814",
      "display": "Vacuum extractor delivery"
    },
    {
      "code": "O815",
      "display": "Delivery by combination of forceps and vacuum extractor"
    },
    {
      "code": "O820",
      "display": "Delivery by elective caesarean section"
    },
    {
      "code": "O821",
      "display": "Delivery by emergency caesarean section"
    },
    {
      "code": "O822",
      "display": "Delivery by caesarean hysterectomy"
    },
    {
      "code": "O828",
      "display": "Other single delivery by caesarean section"
    },
    {
      "code": "O829",
      "display": "Delivery by caesarean section, unspecified"
    },
    {
      "code": "O830",
      "display": "Breech extraction"
    },
    {
      "code": "O831",
      "display": "Other assisted breech delivery"
    },
    {
      "code": "O832",
      "display": "Other manipulation-assisted delivery"
    },
    {
      "code": "O833",
      "display": "Delivery of viable fetus in abdominal pregnancy"
    },
    {
      "code": "O834",
      "display": "Destructive operation for delivery"
    },
    {
      "code": "O838",
      "display": "Other specified assisted single delivery"
    },
    {
      "code": "O839",
      "display": "Assisted single delivery, unspecified"
    },
    {
      "code": "O840",
      "display": "Multiple delivery, all spontaneous"
    },
    {
      "code": "O841",
      "display": "Multiple delivery, all by forceps and vacuum extractor"
    },
    {
      "code": "O842",
      "display": "Multiple delivery, all by caesarean section"
    },
    {
      "code": "O848",
      "display": "Other multiple delivery"
    },
    {
      "code": "O849",
      "display": "Multiple delivery, unspecified"
    }
  ]
}