{
  "resourceType": "CodeSystem",
  "id": "cs-thcc-child-food",
  "text": {
    "status": "generated",
    "div": "<div xmlns=\"http://www.w3.org/1999/xhtml\"><p>This code system http://terms.sil-th.org/CodeSystem/cs-thcc-child-food defines the following codes:</p><table class=\"codes\"><tr><td style=\"white-space:nowrap\"><b>Code</b></td><td><b>Display</b></td></tr><tr><td style=\"white-space:nowrap\">0<a name=\"cs-thcc-child-food-0\"> </a></td><td>เลิกดื่มนมแล้ว บันทึกเฉพาะอายุเด็ก 0-2 ปี 11 เดือน 29 วัน</td></tr><tr><td style=\"white-space:nowrap\">1<a name=\"cs-thcc-child-food-1\"> </a></td><td>นมแม่อย่างเดียว</td></tr><tr><td style=\"white-space:nowrap\">2<a name=\"cs-thcc-child-food-2\"> </a></td><td>นมแม่และน้ำ</td></tr><tr><td style=\"white-space:nowrap\">3<a name=\"cs-thcc-child-food-3\"> </a></td><td>นมแม่และนมผสม</td></tr><tr><td style=\"white-space:nowrap\">4<a name=\"cs-thcc-child-food-4\"> </a></td><td>นมผสมอย่างเดียว</td></tr><tr><td style=\"white-space:nowrap\">5<a name=\"cs-thcc-child-food-5\"> </a></td><td>นมและอาหารอื่นๆ</td></tr></table></div>"
  },
  "url": "http://terms.sil-th.org/CodeSystem/cs-thcc-child-food",
  "version": "0.1.0",
  "name": "CS_THCC_ChildFood",
  "title": "รหัสอาหารที่รับประทานปัจจุบัน",
  "status": "active",
  "date": "2022-08-17T01:34:31+07:00",
  "description": "รหัสอาหารที่รับประทานปัจจุบัน สำหรับใช้ในโครงสร้างข้อมูล 43 แฟ้ม",
  "jurisdiction": [
    {
      "coding": [
        {
          "system": "urn:iso:std:iso:3166",
          "code": "TH"
        }
      ]
    }
  ],
  "content": "complete",
  "count": 6,
  "concept": [
    {
      "code": "0",
      "display": "เลิกดื่มนมแล้ว บันทึกเฉพาะอายุเด็ก 0-2 ปี 11 เดือน 29 วัน"
    },
    {
      "code": "1",
      "display": "นมแม่อย่างเดียว"
    },
    {
      "code": "2",
      "display": "นมแม่และน้ำ"
    },
    {
      "code": "3",
      "display": "นมแม่และนมผสม"
    },
    {
      "code": "4",
      "display": "นมผสมอย่างเดียว"
    },
    {
      "code": "5",
      "display": "นมและอาหารอื่นๆ"
    }
  ]
}