{
  "resourceType": "CodeSystem",
  "id": "cs-thcc-ncd-fbs-method",
  "text": {
    "status": "generated",
    "div": "<div xmlns=\"http://www.w3.org/1999/xhtml\"><p>This code system http://terms.sil-th.org/CodeSystem/cs-thcc-ncd-fbs-method defines the following codes:</p><table class=\"codes\"><tr><td style=\"white-space:nowrap\"><b>Code</b></td><td><b>Display</b></td></tr><tr><td style=\"white-space:nowrap\">1<a name=\"cs-thcc-ncd-fbs-method-1\"> </a></td><td>ตรวจน้ำตาลในเลือด จากหลอดเลือดดำ หลังอดอาหาร</td></tr><tr><td style=\"white-space:nowrap\">2<a name=\"cs-thcc-ncd-fbs-method-2\"> </a></td><td>ตรวจน้ำตาลในเลือด จากหลอดเลือดดำ โดยไม่อดอาหาร</td></tr><tr><td style=\"white-space:nowrap\">3<a name=\"cs-thcc-ncd-fbs-method-3\"> </a></td><td>ตรวจน้ำตาลในเลือด จากเส้นเลือดฝอย หลังอดอาหาร</td></tr><tr><td style=\"white-space:nowrap\">4<a name=\"cs-thcc-ncd-fbs-method-4\"> </a></td><td>ตรวจน้ำตาลในเลือด จากเส้นเลือดฝอย โดยไม่อดอาหาร</td></tr><tr><td style=\"white-space:nowrap\">9<a name=\"cs-thcc-ncd-fbs-method-9\"> </a></td><td>ไม่ตรวจน้ำตาลในเลือดเนื่องจากคัดกรองแบบสอบถามปากเปล่าปกติ</td></tr></table></div>"
  },
  "url": "http://terms.sil-th.org/CodeSystem/cs-thcc-ncd-fbs-method",
  "version": "0.1.0",
  "name": "CS_THCC_NcdFbsMethod",
  "title": "รหัสวิธีการตรวจน้ำตาลในเลือด",
  "status": "active",
  "date": "2022-08-16T23:36:06+07:00",
  "description": "รหัสวิธีการตรวจน้ำตาลในเลือด ตามโครงสร้างข้อมูล 43 แฟ้ม",
  "jurisdiction": [
    {
      "coding": [
        {
          "system": "urn:iso:std:iso:3166",
          "code": "TH"
        }
      ]
    }
  ],
  "content": "complete",
  "count": 5,
  "concept": [
    {
      "code": "1",
      "display": "ตรวจน้ำตาลในเลือด จากหลอดเลือดดำ หลังอดอาหาร"
    },
    {
      "code": "2",
      "display": "ตรวจน้ำตาลในเลือด จากหลอดเลือดดำ โดยไม่อดอาหาร"
    },
    {
      "code": "3",
      "display": "ตรวจน้ำตาลในเลือด จากเส้นเลือดฝอย หลังอดอาหาร"
    },
    {
      "code": "4",
      "display": "ตรวจน้ำตาลในเลือด จากเส้นเลือดฝอย โดยไม่อดอาหาร"
    },
    {
      "code": "9",
      "display": "ไม่ตรวจน้ำตาลในเลือดเนื่องจากคัดกรองแบบสอบถามปากเปล่าปกติ"
    }
  ]
}