{
  "resourceType": "CodeSystem",
  "id": "cs-thcc-labor-location",
  "text": {
    "status": "generated",
    "div": "<div xmlns=\"http://www.w3.org/1999/xhtml\"><p>This code system http://terms.sil-th.org/CodeSystem/cs-thcc-labor-location defines the following codes:</p><table class=\"codes\"><tr><td style=\"white-space:nowrap\"><b>Code</b></td><td><b>Display</b></td></tr><tr><td style=\"white-space:nowrap\">1<a name=\"cs-thcc-labor-location-1\"> </a></td><td>โรงพยาบาล</td></tr><tr><td style=\"white-space:nowrap\">2<a name=\"cs-thcc-labor-location-2\"> </a></td><td>สถานีอนามัย</td></tr><tr><td style=\"white-space:nowrap\">3<a name=\"cs-thcc-labor-location-3\"> </a></td><td>บ้าน</td></tr><tr><td style=\"white-space:nowrap\">4<a name=\"cs-thcc-labor-location-4\"> </a></td><td>ระหว่างทาง</td></tr><tr><td style=\"white-space:nowrap\">5<a name=\"cs-thcc-labor-location-5\"> </a></td><td>อื่นๆ</td></tr></table></div>"
  },
  "url": "http://terms.sil-th.org/CodeSystem/cs-thcc-labor-location",
  "version": "0.1.0",
  "name": "CS_THCC_LaborLocation",
  "title": "รหัสสถานที่คลอด",
  "status": "active",
  "date": "2022-08-16T00:23:13+07:00",
  "description": "รหัสสถานที่คลอด  ตามโครงสร้างข้อมูล 43 แฟ้ม",
  "jurisdiction": [
    {
      "coding": [
        {
          "system": "urn:iso:std:iso:3166",
          "code": "TH"
        }
      ]
    }
  ],
  "content": "complete",
  "count": 5,
  "concept": [
    {
      "code": "1",
      "display": "โรงพยาบาล"
    },
    {
      "code": "2",
      "display": "สถานีอนามัย"
    },
    {
      "code": "3",
      "display": "บ้าน"
    },
    {
      "code": "4",
      "display": "ระหว่างทาง"
    },
    {
      "code": "5",
      "display": "อื่นๆ"
    }
  ]
}