{
  "resourceType": "CodeSystem",
  "id": "cs-qn-dental",
  "text": {
    "status": "generated",
    "div": "<div xmlns=\"http://www.w3.org/1999/xhtml\"><p>This code system http://terms.sil-th.org/CodeSystem/cs-qn-dental defines the following codes:</p><table class=\"codes\"><tr><td style=\"white-space:nowrap\"><b>Code</b></td><td><b>Display</b></td></tr><tr><td style=\"white-space:nowrap\">Q01-1<a name=\"cs-qn-dental-Q01-1\"> </a></td><td>กลุ่มหญิงตั้งครรภ์</td></tr><tr><td style=\"white-space:nowrap\">Q01-2<a name=\"cs-qn-dental-Q01-2\"> </a></td><td>กลุ่มเด็กก่อนวัยเรียน (อายุ 0-5 ปี)</td></tr><tr><td style=\"white-space:nowrap\">Q01-3<a name=\"cs-qn-dental-Q01-3\"> </a></td><td>กลุ่มเด็กวัยเรียน (อายุ 6-12 ปี)</td></tr><tr><td style=\"white-space:nowrap\">Q01-4<a name=\"cs-qn-dental-Q01-4\"> </a></td><td>กลุ่มผู้สูงอายุ (อายุ 60 ปีขึ้น ไป)</td></tr><tr><td style=\"white-space:nowrap\">Q01-5<a name=\"cs-qn-dental-Q01-5\"> </a></td><td>กลุ่มอื่น ๆ (นอกเหนือจาก 4 กลุ่มแรก)</td></tr><tr><td style=\"white-space:nowrap\">Q10-1<a name=\"cs-qn-dental-Q10-1\"> </a></td><td>ต้องทา/เคลือบฟูลออไรด์</td></tr><tr><td style=\"white-space:nowrap\">Q10-2<a name=\"cs-qn-dental-Q10-2\"> </a></td><td>ไม่ต้องทา/เคลือบฟูลออไรด์</td></tr><tr><td style=\"white-space:nowrap\">Q11-1<a name=\"cs-qn-dental-Q11-1\"> </a></td><td>ต้องขูดหินน้ำลาย</td></tr><tr><td style=\"white-space:nowrap\">Q11-2<a name=\"cs-qn-dental-Q11-2\"> </a></td><td>ไม่ต้องขูดหินน้ำลาย</td></tr><tr><td style=\"white-space:nowrap\">Q17-1<a name=\"cs-qn-dental-Q17-1\"> </a></td><td>ต้องใส่ฟันเทียมบนและล่าง</td></tr><tr><td style=\"white-space:nowrap\">Q17-2<a name=\"cs-qn-dental-Q17-2\"> </a></td><td>ต้องใส่ฟันเทียมบน</td></tr><tr><td style=\"white-space:nowrap\">Q17-3<a name=\"cs-qn-dental-Q17-3\"> </a></td><td>ต้องใส่ฟันเทียมล่าง</td></tr><tr><td style=\"white-space:nowrap\">Q17-4<a name=\"cs-qn-dental-Q17-4\"> </a></td><td>ไม่ต้องใส่ฟันเทียม</td></tr><tr><td style=\"white-space:nowrap\">Q21-0<a name=\"cs-qn-dental-Q21-0\"> </a></td><td>ปกติ</td></tr><tr><td style=\"white-space:nowrap\">Q21-1<a name=\"cs-qn-dental-Q21-1\"> </a></td><td>เหงือกอักเสบ</td></tr><tr><td style=\"white-space:nowrap\">Q21-2<a name=\"cs-qn-dental-Q21-2\"> </a></td><td>มีหินน้ำลายชัดเจน</td></tr><tr><td style=\"white-space:nowrap\">Q21-3<a name=\"cs-qn-dental-Q21-3\"> </a></td><td>ปริทันต์อักเสบหรือมีฟันโยก</td></tr><tr><td style=\"white-space:nowrap\">Q21-9<a name=\"cs-qn-dental-Q21-9\"> </a></td><td>ไม่มีฟันหรือตรวจไม่ได้</td></tr><tr><td style=\"white-space:nowrap\">Q22-1<a name=\"cs-qn-dental-Q22-1\"> </a></td><td>ศพด.</td></tr><tr><td style=\"white-space:nowrap\">Q22-2<a name=\"cs-qn-dental-Q22-2\"> </a></td><td>ประถมศึกษารัฐบาล</td></tr><tr><td style=\"white-space:nowrap\">Q22-3<a name=\"cs-qn-dental-Q22-3\"> </a></td><td>ประถมศึกษาเทศบาล</td></tr><tr><td style=\"white-space:nowrap\">Q22-4<a name=\"cs-qn-dental-Q22-4\"> </a></td><td>ประถมศึกษาท้องถิ่น</td></tr><tr><td style=\"white-space:nowrap\">Q22-5<a name=\"cs-qn-dental-Q22-5\"> </a></td><td>ประถมศึกษาเอกชน</td></tr><tr><td style=\"white-space:nowrap\">Q22-6<a name=\"cs-qn-dental-Q22-6\"> </a></td><td>มัธยมศึกษารัฐบาล</td></tr><tr><td style=\"white-space:nowrap\">Q22-7<a name=\"cs-qn-dental-Q22-7\"> </a></td><td>มัธยมศึกษาเทศบาล</td></tr><tr><td style=\"white-space:nowrap\">Q22-8<a name=\"cs-qn-dental-Q22-8\"> </a></td><td>มัธยมศึกษาท้องถิ่น</td></tr><tr><td style=\"white-space:nowrap\">Q22-9<a name=\"cs-qn-dental-Q22-9\"> </a></td><td>มัธยมศึกษาเอกชน</td></tr></table></div>"
  },
  "url": "http://terms.sil-th.org/CodeSystem/cs-qn-dental",
  "version": "0.1.0",
  "name": "CS_QN_Dental",
  "title": "รหัสคำตอบสำหรับตอบแบบสำรวจทันตกรรม",
  "status": "active",
  "date": "2022-08-17T01:34:31+07:00",
  "description": "รหัสคำตอบสำหรับตอบแบบสำรวจทันตกรรม ตามโครงสร้างข้อมูล 43 แฟ้ม",
  "jurisdiction": [
    {
      "coding": [
        {
          "system": "urn:iso:std:iso:3166",
          "code": "TH"
        }
      ]
    }
  ],
  "content": "complete",
  "count": 27,
  "concept": [
    {
      "code": "Q01-1",
      "display": "กลุ่มหญิงตั้งครรภ์"
    },
    {
      "code": "Q01-2",
      "display": "กลุ่มเด็กก่อนวัยเรียน (อายุ 0-5 ปี)"
    },
    {
      "code": "Q01-3",
      "display": "กลุ่มเด็กวัยเรียน (อายุ 6-12 ปี)"
    },
    {
      "code": "Q01-4",
      "display": "กลุ่มผู้สูงอายุ (อายุ 60 ปีขึ้น ไป)"
    },
    {
      "code": "Q01-5",
      "display": "กลุ่มอื่น ๆ (นอกเหนือจาก 4 กลุ่มแรก)"
    },
    {
      "code": "Q10-1",
      "display": "ต้องทา/เคลือบฟูลออไรด์"
    },
    {
      "code": "Q10-2",
      "display": "ไม่ต้องทา/เคลือบฟูลออไรด์"
    },
    {
      "code": "Q11-1",
      "display": "ต้องขูดหินน้ำลาย"
    },
    {
      "code": "Q11-2",
      "display": "ไม่ต้องขูดหินน้ำลาย"
    },
    {
      "code": "Q17-1",
      "display": "ต้องใส่ฟันเทียมบนและล่าง"
    },
    {
      "code": "Q17-2",
      "display": "ต้องใส่ฟันเทียมบน"
    },
    {
      "code": "Q17-3",
      "display": "ต้องใส่ฟันเทียมล่าง"
    },
    {
      "code": "Q17-4",
      "display": "ไม่ต้องใส่ฟันเทียม"
    },
    {
      "code": "Q21-0",
      "display": "ปกติ"
    },
    {
      "code": "Q21-1",
      "display": "เหงือกอักเสบ"
    },
    {
      "code": "Q21-2",
      "display": "มีหินน้ำลายชัดเจน"
    },
    {
      "code": "Q21-3",
      "display": "ปริทันต์อักเสบหรือมีฟันโยก"
    },
    {
      "code": "Q21-9",
      "display": "ไม่มีฟันหรือตรวจไม่ได้"
    },
    {
      "code": "Q22-1",
      "display": "ศพด."
    },
    {
      "code": "Q22-2",
      "display": "ประถมศึกษารัฐบาล"
    },
    {
      "code": "Q22-3",
      "display": "ประถมศึกษาเทศบาล"
    },
    {
      "code": "Q22-4",
      "display": "ประถมศึกษาท้องถิ่น"
    },
    {
      "code": "Q22-5",
      "display": "ประถมศึกษาเอกชน"
    },
    {
      "code": "Q22-6",
      "display": "มัธยมศึกษารัฐบาล"
    },
    {
      "code": "Q22-7",
      "display": "มัธยมศึกษาเทศบาล"
    },
    {
      "code": "Q22-8",
      "display": "มัธยมศึกษาท้องถิ่น"
    },
    {
      "code": "Q22-9",
      "display": "มัธยมศึกษาเอกชน"
    }
  ]
}