{
  "resourceType": "CodeSystem",
  "id": "cs-thcc-accident-location",
  "text": {
    "status": "generated",
    "div": "<div xmlns=\"http://www.w3.org/1999/xhtml\"><p>This code system http://terms.sil-th.org/CodeSystem/cs-thcc-accident-location defines the following codes:</p><table class=\"codes\"><tr><td style=\"white-space:nowrap\"><b>Code</b></td><td><b>Display</b></td></tr><tr><td style=\"white-space:nowrap\">01<a name=\"cs-thcc-accident-location-01\"> </a></td><td>ที่บ้าน หรืออาคารที่พัก</td></tr><tr><td style=\"white-space:nowrap\">02<a name=\"cs-thcc-accident-location-02\"> </a></td><td>ในสถานที่ทำงาน ยกเว้นโรงงานหรือก่อสร้าง</td></tr><tr><td style=\"white-space:nowrap\">03<a name=\"cs-thcc-accident-location-03\"> </a></td><td>ในโรงงานอุตสาหกรรม หรือบริเวณก่อสร้าง</td></tr><tr><td style=\"white-space:nowrap\">04<a name=\"cs-thcc-accident-location-04\"> </a></td><td>ภายในอาคารอื่นๆ</td></tr><tr><td style=\"white-space:nowrap\">05<a name=\"cs-thcc-accident-location-05\"> </a></td><td>ในสถานที่สาธารณะ</td></tr><tr><td style=\"white-space:nowrap\">06<a name=\"cs-thcc-accident-location-06\"> </a></td><td>ในชุมชน และไร่นา</td></tr><tr><td style=\"white-space:nowrap\">07<a name=\"cs-thcc-accident-location-07\"> </a></td><td>บนถนนสายหลัก</td></tr><tr><td style=\"white-space:nowrap\">08<a name=\"cs-thcc-accident-location-08\"> </a></td><td>บนถนนสายรอง</td></tr><tr><td style=\"white-space:nowrap\">09<a name=\"cs-thcc-accident-location-09\"> </a></td><td>ในแม่น้ำ ลำคลอง หนองน้ำ</td></tr><tr><td style=\"white-space:nowrap\">10<a name=\"cs-thcc-accident-location-10\"> </a></td><td>ในทะเล</td></tr><tr><td style=\"white-space:nowrap\">11<a name=\"cs-thcc-accident-location-11\"> </a></td><td>ในป่า/ภูเขา</td></tr><tr><td style=\"white-space:nowrap\">98<a name=\"cs-thcc-accident-location-98\"> </a></td><td>อื่นๆ</td></tr><tr><td style=\"white-space:nowrap\">99<a name=\"cs-thcc-accident-location-99\"> </a></td><td>ไม่ทราบ</td></tr></table></div>"
  },
  "url": "http://terms.sil-th.org/CodeSystem/cs-thcc-accident-location",
  "version": "0.1.0",
  "name": "CS_THCC_AccidentLocation",
  "title": "รหัสสถานที่เกิดอุบัติเหตุฉุกเฉิน",
  "status": "active",
  "date": "2022-08-14T22:14:52+07:00",
  "description": "ใช้ระบุรหัสสถานที่เกิดอุบัติเหตุฉุกเฉิน ซึ่งใช้ในโครงสร้างข้อมูล 43 แฟ้ม",
  "jurisdiction": [
    {
      "coding": [
        {
          "system": "urn:iso:std:iso:3166",
          "code": "TH"
        }
      ]
    }
  ],
  "content": "complete",
  "count": 13,
  "concept": [
    {
      "code": "01",
      "display": "ที่บ้าน หรืออาคารที่พัก"
    },
    {
      "code": "02",
      "display": "ในสถานที่ทำงาน ยกเว้นโรงงานหรือก่อสร้าง"
    },
    {
      "code": "03",
      "display": "ในโรงงานอุตสาหกรรม หรือบริเวณก่อสร้าง"
    },
    {
      "code": "04",
      "display": "ภายในอาคารอื่นๆ"
    },
    {
      "code": "05",
      "display": "ในสถานที่สาธารณะ"
    },
    {
      "code": "06",
      "display": "ในชุมชน และไร่นา"
    },
    {
      "code": "07",
      "display": "บนถนนสายหลัก"
    },
    {
      "code": "08",
      "display": "บนถนนสายรอง"
    },
    {
      "code": "09",
      "display": "ในแม่น้ำ ลำคลอง หนองน้ำ"
    },
    {
      "code": "10",
      "display": "ในทะเล"
    },
    {
      "code": "11",
      "display": "ในป่า/ภูเขา"
    },
    {
      "code": "98",
      "display": "อื่นๆ"
    },
    {
      "code": "99",
      "display": "ไม่ทราบ"
    }
  ]
}