{
  "resourceType": "CodeSystem",
  "id": "cs-thcc-status-in-family",
  "text": {
    "status": "generated",
    "div": "<div xmlns=\"http://www.w3.org/1999/xhtml\"><p>This code system https://terms.sil-th.org/CodeSystem/cs-thcc-status-in-family defines the following codes:</p><table class=\"codes\"><tr><td style=\"white-space:nowrap\"><b>Code</b></td><td><b>Display</b></td></tr><tr><td style=\"white-space:nowrap\">1<a name=\"cs-thcc-status-in-family-1\"> </a></td><td>เจ้าบ้าน</td></tr><tr><td style=\"white-space:nowrap\">2<a name=\"cs-thcc-status-in-family-2\"> </a></td><td>ผู้อาศัย</td></tr></table></div>"
  },
  "url": "https://terms.sil-th.org/CodeSystem/cs-thcc-status-in-family",
  "version": "0.1.0",
  "name": "CS_THCC_StatusInFamily",
  "title": "สถานะในครอบครัว",
  "status": "active",
  "date": "2022-08-16T21:51:46+07:00",
  "description": "ใช้ระบุสถานะในครอบครัว ซึ่งใช้ในโครงสร้างข้อมูล 43 แฟ้ม",
  "jurisdiction": [
    {
      "coding": [
        {
          "system": "urn:iso:std:iso:3166",
          "code": "TH"
        }
      ]
    }
  ],
  "content": "complete",
  "count": 2,
  "concept": [
    {
      "code": "1",
      "display": "เจ้าบ้าน"
    },
    {
      "code": "2",
      "display": "ผู้อาศัย"
    }
  ]
}