{
  "resourceType": "CodeSystem",
  "id": "cs-thcc-accident-cause-group",
  "text": {
    "status": "generated",
    "div": "<div xmlns=\"http://www.w3.org/1999/xhtml\"><p>This code system http://terms.sil-th.org/CodeSystem/cs-thcc-accident-cause-group defines the following codes:</p><table class=\"codes\"><tr><td style=\"white-space:nowrap\"><b>Code</b></td><td><b>Display</b></td></tr><tr><td style=\"white-space:nowrap\">01<a name=\"cs-thcc-accident-cause-group-01\"> </a></td><td>Transport accidents</td></tr><tr><td style=\"white-space:nowrap\">02<a name=\"cs-thcc-accident-cause-group-02\"> </a></td><td>Falls</td></tr><tr><td style=\"white-space:nowrap\">03<a name=\"cs-thcc-accident-cause-group-03\"> </a></td><td>Exposure to inanimate mechanical forces</td></tr><tr><td style=\"white-space:nowrap\">04<a name=\"cs-thcc-accident-cause-group-04\"> </a></td><td>Exposure to animate mechanical forces</td></tr><tr><td style=\"white-space:nowrap\">05<a name=\"cs-thcc-accident-cause-group-05\"> </a></td><td>Accidental drowning and submersion</td></tr><tr><td style=\"white-space:nowrap\">06<a name=\"cs-thcc-accident-cause-group-06\"> </a></td><td>Other accidental threats to  breathing</td></tr><tr><td style=\"white-space:nowrap\">07<a name=\"cs-thcc-accident-cause-group-07\"> </a></td><td>Exposure to electric current, radiation and extreme ambient air temperature and pressure</td></tr><tr><td style=\"white-space:nowrap\">08<a name=\"cs-thcc-accident-cause-group-08\"> </a></td><td>Exposure to smoke, fire and flames</td></tr><tr><td style=\"white-space:nowrap\">09<a name=\"cs-thcc-accident-cause-group-09\"> </a></td><td>Contact with heat and hot substances</td></tr><tr><td style=\"white-space:nowrap\">10<a name=\"cs-thcc-accident-cause-group-10\"> </a></td><td>Contact with other and unspecified heat and hot substances</td></tr><tr><td style=\"white-space:nowrap\">11<a name=\"cs-thcc-accident-cause-group-11\"> </a></td><td>Exposure to forces of nature</td></tr><tr><td style=\"white-space:nowrap\">12<a name=\"cs-thcc-accident-cause-group-12\"> </a></td><td>Accidental poisoning by and   exposure to noxious substances</td></tr><tr><td style=\"white-space:nowrap\">13<a name=\"cs-thcc-accident-cause-group-13\"> </a></td><td>Overexertion ,Travel and privation</td></tr><tr><td style=\"white-space:nowrap\">14<a name=\"cs-thcc-accident-cause-group-14\"> </a></td><td>Accidental exposure to  other and unspecified factors</td></tr><tr><td style=\"white-space:nowrap\">15<a name=\"cs-thcc-accident-cause-group-15\"> </a></td><td>Intentional self-harm</td></tr><tr><td style=\"white-space:nowrap\">16<a name=\"cs-thcc-accident-cause-group-16\"> </a></td><td>Assault</td></tr><tr><td style=\"white-space:nowrap\">17<a name=\"cs-thcc-accident-cause-group-17\"> </a></td><td>Event of undetermined intent</td></tr><tr><td style=\"white-space:nowrap\">18<a name=\"cs-thcc-accident-cause-group-18\"> </a></td><td>legal intervention and operations of war</td></tr><tr><td style=\"white-space:nowrap\">19<a name=\"cs-thcc-accident-cause-group-19\"> </a></td><td>Unspecified event, undetermined intent</td></tr></table></div>"
  },
  "url": "http://terms.sil-th.org/CodeSystem/cs-thcc-accident-cause-group",
  "version": "0.1.0",
  "name": "CS_THCC_AccidentCauseGroup",
  "title": "รหัสประเภทผู้ป่วยอุบัติเหตุ 19 สาเหตุ",
  "status": "active",
  "date": "2022-08-14T22:14:52+07:00",
  "description": "ใช้ระบุรหัสประเภทผู้ป่วยอุบัติเหตุ 19 สาเหตุ ตามโครงสร้างข้อมูล 43 แฟ้ม",
  "jurisdiction": [
    {
      "coding": [
        {
          "system": "urn:iso:std:iso:3166",
          "code": "TH"
        }
      ]
    }
  ],
  "content": "complete",
  "count": 19,
  "concept": [
    {
      "code": "01",
      "display": "Transport accidents"
    },
    {
      "code": "02",
      "display": "Falls"
    },
    {
      "code": "03",
      "display": "Exposure to inanimate mechanical forces"
    },
    {
      "code": "04",
      "display": "Exposure to animate mechanical forces"
    },
    {
      "code": "05",
      "display": "Accidental drowning and submersion"
    },
    {
      "code": "06",
      "display": "Other accidental threats to  breathing"
    },
    {
      "code": "07",
      "display": "Exposure to electric current, radiation and extreme ambient air temperature and pressure"
    },
    {
      "code": "08",
      "display": "Exposure to smoke, fire and flames"
    },
    {
      "code": "09",
      "display": "Contact with heat and hot substances"
    },
    {
      "code": "10",
      "display": "Contact with other and unspecified heat and hot substances"
    },
    {
      "code": "11",
      "display": "Exposure to forces of nature"
    },
    {
      "code": "12",
      "display": "Accidental poisoning by and   exposure to noxious substances"
    },
    {
      "code": "13",
      "display": "Overexertion ,Travel and privation"
    },
    {
      "code": "14",
      "display": "Accidental exposure to  other and unspecified factors"
    },
    {
      "code": "15",
      "display": "Intentional self-harm"
    },
    {
      "code": "16",
      "display": "Assault"
    },
    {
      "code": "17",
      "display": "Event of undetermined intent"
    },
    {
      "code": "18",
      "display": "legal intervention and operations of war"
    },
    {
      "code": "19",
      "display": "Unspecified event, undetermined intent"
    }
  ]
}