{
  "resourceType": "CodeSystem",
  "id": "cs-thcc-accident-iv-fluid",
  "text": {
    "status": "generated",
    "div": "<div xmlns=\"http://www.w3.org/1999/xhtml\"><p>This code system http://terms.sil-th.org/CodeSystem/cs-thcc-accident-iv-fluid defines the following codes:</p><table class=\"codes\"><tr><td style=\"white-space:nowrap\"><b>Code</b></td><td><b>Display</b></td></tr><tr><td style=\"white-space:nowrap\">1<a name=\"cs-thcc-accident-iv-fluid-1\"> </a></td><td>มีการให้ IV fluid ก่อนมาถึงเหมาะสม</td></tr><tr><td style=\"white-space:nowrap\">2<a name=\"cs-thcc-accident-iv-fluid-2\"> </a></td><td>ไม่มีการให้ IV fluid ก่อนมาถึง</td></tr><tr><td style=\"white-space:nowrap\">3<a name=\"cs-thcc-accident-iv-fluid-3\"> </a></td><td>ไม่จำเป็น</td></tr><tr><td style=\"white-space:nowrap\">4<a name=\"cs-thcc-accident-iv-fluid-4\"> </a></td><td>มีการให้ IV fluid ก่อนมาถึงเหมาะสม</td></tr></table></div>"
  },
  "url": "http://terms.sil-th.org/CodeSystem/cs-thcc-accident-iv-fluid",
  "version": "0.1.0",
  "name": "CS_THCC_AccidentIVFluid",
  "title": "ชนิดการให้น้ำเกลือ",
  "status": "active",
  "date": "2022-08-16T00:23:13+07:00",
  "description": "ใช้ระบุชนิดการให้น้ำเกลือ ซึ่งใช้ในโครงสร้างข้อมูล 43 แฟ้ม",
  "jurisdiction": [
    {
      "coding": [
        {
          "system": "urn:iso:std:iso:3166",
          "code": "TH"
        }
      ]
    }
  ],
  "content": "complete",
  "count": 4,
  "concept": [
    {
      "code": "1",
      "display": "มีการให้ IV fluid ก่อนมาถึงเหมาะสม"
    },
    {
      "code": "2",
      "display": "ไม่มีการให้ IV fluid ก่อนมาถึง"
    },
    {
      "code": "3",
      "display": "ไม่จำเป็น"
    },
    {
      "code": "4",
      "display": "มีการให้ IV fluid ก่อนมาถึงเหมาะสม"
    }
  ]
}