{
  "resourceType": "CodeSystem",
  "id": "cs-thcc-service-type-th",
  "text": {
    "status": "generated",
    "div": "<div xmlns=\"http://www.w3.org/1999/xhtml\"><p>This code system http://terms.sil-th.org/CodeSystem/cs-thcc-service-type-th defines the following codes:</p><table class=\"codes\"><tr><td style=\"white-space:nowrap\"><b>Code</b></td><td><b>Display</b></td></tr><tr><td style=\"white-space:nowrap\">0<a name=\"cs-thcc-service-type-th-0\"> </a></td><td>Refer ในบัญชีเครือข่ายเดียวกัน</td></tr><tr><td style=\"white-space:nowrap\">1<a name=\"cs-thcc-service-type-th-1\"> </a></td><td>Refer นอกบัญชีเครือข่าย</td></tr><tr><td style=\"white-space:nowrap\">2<a name=\"cs-thcc-service-type-th-2\"> </a></td><td>AE ในบัญชีเครือข่าย </td></tr><tr><td style=\"white-space:nowrap\">3<a name=\"cs-thcc-service-type-th-3\"> </a></td><td>AE นอกบัญชีเครือข่าย</td></tr><tr><td style=\"white-space:nowrap\">4<a name=\"cs-thcc-service-type-th-4\"> </a></td><td>OP พิการ</td></tr><tr><td style=\"white-space:nowrap\">5<a name=\"cs-thcc-service-type-th-5\"> </a></td><td>OP บัตรตัวเอง</td></tr><tr><td style=\"white-space:nowrap\">6<a name=\"cs-thcc-service-type-th-6\"> </a></td><td>Clearing House ศบส</td></tr><tr><td style=\"white-space:nowrap\">7<a name=\"cs-thcc-service-type-th-7\"> </a></td><td>OP อื่นๆ (Individual data)</td></tr><tr><td style=\"white-space:nowrap\">8<a name=\"cs-thcc-service-type-th-8\"> </a></td><td>ผู้ป่วยกึ่ง OP / IP (NONI)</td></tr><tr><td style=\"white-space:nowrap\">9<a name=\"cs-thcc-service-type-th-9\"> </a></td><td>บริการแพทย์แผนไทย</td></tr></table></div>"
  },
  "url": "http://terms.sil-th.org/CodeSystem/cs-thcc-service-type-th",
  "version": "0.1.0",
  "name": "CS_THCC_ServiceTypeTH",
  "title": "รหัสประเภทการให้บริการ",
  "status": "active",
  "date": "2022-08-15T02:16:31+07:00",
  "description": "รหัสประเภทการให้บริการ ตามโครงสร้างข้อมูล 43 แฟ้ม",
  "jurisdiction": [
    {
      "coding": [
        {
          "system": "urn:iso:std:iso:3166",
          "code": "TH"
        }
      ]
    }
  ],
  "content": "complete",
  "count": 10,
  "concept": [
    {
      "code": "0",
      "display": "Refer ในบัญชีเครือข่ายเดียวกัน"
    },
    {
      "code": "1",
      "display": "Refer นอกบัญชีเครือข่าย"
    },
    {
      "code": "2",
      "display": "AE ในบัญชีเครือข่าย "
    },
    {
      "code": "3",
      "display": "AE นอกบัญชีเครือข่าย"
    },
    {
      "code": "4",
      "display": "OP พิการ"
    },
    {
      "code": "5",
      "display": "OP บัตรตัวเอง"
    },
    {
      "code": "6",
      "display": "Clearing House ศบส"
    },
    {
      "code": "7",
      "display": "OP อื่นๆ (Individual data)"
    },
    {
      "code": "8",
      "display": "ผู้ป่วยกึ่ง OP / IP (NONI)"
    },
    {
      "code": "9",
      "display": "บริการแพทย์แผนไทย"
    }
  ]
}