{
  "resourceType": "CodeSystem",
  "id": "cs-thcc-fp-case-type",
  "text": {
    "status": "generated",
    "div": "<div xmlns=\"http://www.w3.org/1999/xhtml\"><p>This code system http://terms.sil-th.org/CodeSystem/cs-thcc-fp-case-type defines the following codes:</p><table class=\"codes\"><tr><td style=\"white-space:nowrap\"><b>Code</b></td><td><b>Display</b></td></tr><tr><td style=\"white-space:nowrap\">0<a name=\"cs-thcc-fp-case-type-0\"> </a></td><td>รายเก่า</td></tr><tr><td style=\"white-space:nowrap\">1<a name=\"cs-thcc-fp-case-type-1\"> </a></td><td>รายใหม่</td></tr></table></div>"
  },
  "url": "http://terms.sil-th.org/CodeSystem/cs-thcc-fp-case-type",
  "version": "0.1.0",
  "name": "CS_THCC_FpCaseType",
  "title": "รหัสประเภทการวางแผนครอบครัว",
  "status": "active",
  "date": "2022-08-16T00:23:13+07:00",
  "description": "รหัสประเภทการวางแผนครอบครัว ตามโครงสร้างข้อมูล 43 แฟ้ม",
  "jurisdiction": [
    {
      "coding": [
        {
          "system": "urn:iso:std:iso:3166",
          "code": "TH"
        }
      ]
    }
  ],
  "content": "complete",
  "count": 2,
  "concept": [
    {
      "code": "0",
      "display": "รายเก่า"
    },
    {
      "code": "1",
      "display": "รายใหม่"
    }
  ]
}