{
  "resourceType": "CodeSystem",
  "id": "cs-thcc-rehab-device",
  "text": {
    "status": "generated",
    "div": "<div xmlns=\"http://www.w3.org/1999/xhtml\"><p>This code system http://terms.sil-th.org/CodeSystem/cs-thcc-rehab-device defines the following codes:</p><table class=\"codes\"><tr><td style=\"white-space:nowrap\"><b>Code</b></td><td><b>Display</b></td></tr><tr><td style=\"white-space:nowrap\">8005<a name=\"cs-thcc-rehab-device-8005\"> </a></td><td>นิ้วเทียมหรือถุงมือยางสำหรับมือขาดบางส่วน</td></tr><tr><td style=\"white-space:nowrap\">8101<a name=\"cs-thcc-rehab-device-8101\"> </a></td><td>แขนเทียมต่ำกว่าระดับศอกส่วนปลายชนิดห้านิ้วมีระบบการใช้งาน</td></tr><tr><td style=\"white-space:nowrap\">8102<a name=\"cs-thcc-rehab-device-8102\"> </a></td><td>แขนเทียมต่ำกว่าระดับศอกส่วนปลายชนิดห้านิ้วไม่มีระบบการใช้งาน</td></tr><tr><td style=\"white-space:nowrap\">8103<a name=\"cs-thcc-rehab-device-8103\"> </a></td><td>แขนเทียมต่ำกว่าระดับศอกส่วนปลายชนิดตะขอโลหะ</td></tr><tr><td style=\"white-space:nowrap\">8104<a name=\"cs-thcc-rehab-device-8104\"> </a></td><td>แขนเทียมเหนือศอกส่วนปลายชนิดห้านิ้วมีระบบใช้งานข้อศอกล็อคได้ด้วยมือ</td></tr><tr><td style=\"white-space:nowrap\">8105<a name=\"cs-thcc-rehab-device-8105\"> </a></td><td>แขนเทียมเหนือศอกส่วนปลายชนิดตะขอโลหะข้อศอกล็อคได้ด้วยมือ</td></tr><tr><td style=\"white-space:nowrap\">8106<a name=\"cs-thcc-rehab-device-8106\"> </a></td><td>แขนเทียมชิดไหล่หรือแบบไหล่ส่วนปลายชนิดห้านิ้วไม่มีระบบใช้งานข้อศอกล็อคได้ด้วยมือ(ระบบแกนนอก)</td></tr><tr><td style=\"white-space:nowrap\">8107<a name=\"cs-thcc-rehab-device-8107\"> </a></td><td>แขนเทียมเหนือศอกส่วนปลายชนิดห้านิ้วมีระบบใช้งานข้อศอกล็อคได้ด้วยมือ</td></tr><tr><td style=\"white-space:nowrap\">8108<a name=\"cs-thcc-rehab-device-8108\"> </a></td><td>เบ้าแขนเทียมใต้ศอก (สำหรับเปลี่ยนเฉพาะเบ้า)</td></tr><tr><td style=\"white-space:nowrap\">8109<a name=\"cs-thcc-rehab-device-8109\"> </a></td><td>เบ้าแขนเทียมระดับศอก (สำหรับเปลี่ยนเฉพาะเบ้า)</td></tr><tr><td style=\"white-space:nowrap\">8110<a name=\"cs-thcc-rehab-device-8110\"> </a></td><td>เบ้าแขนเทียมระดับเหนือศอก (สำหรับเปลี่ยนเฉพาะเบ้า)</td></tr><tr><td style=\"white-space:nowrap\">8111<a name=\"cs-thcc-rehab-device-8111\"> </a></td><td>เบ้าแขนเทียมระดับไหล่ (สำหรับเปลี่ยนเฉพาะเบ้า)</td></tr><tr><td style=\"white-space:nowrap\">8112<a name=\"cs-thcc-rehab-device-8112\"> </a></td><td>สายบังคับแขนเทียม (สำหรับเปลี่ยนเฉพาะสาย)</td></tr><tr><td style=\"white-space:nowrap\">8201<a name=\"cs-thcc-rehab-device-8201\"> </a></td><td>ขาเทียมระดับข้อเท้า (Syme)</td></tr><tr><td style=\"white-space:nowrap\">8202<a name=\"cs-thcc-rehab-device-8202\"> </a></td><td>ขาเทียมระดับใต้เข่าแกนนอก</td></tr><tr><td style=\"white-space:nowrap\">8205<a name=\"cs-thcc-rehab-device-8205\"> </a></td><td>ขาเทียมระดับเหนือเข่าแกนนอก</td></tr><tr><td style=\"white-space:nowrap\">8206<a name=\"cs-thcc-rehab-device-8206\"> </a></td><td>ขาเทียมระดับเหนือเข่าแกนนอก</td></tr><tr><td style=\"white-space:nowrap\">8209<a name=\"cs-thcc-rehab-device-8209\"> </a></td><td>เท้าเทียมที่ต้องใส่ร่วมกับขาเทียมแบบต่างๆ</td></tr><tr><td style=\"white-space:nowrap\">8218<a name=\"cs-thcc-rehab-device-8218\"> </a></td><td>เบ้าขาเทียมใต้เข่า/ข้อเท้า</td></tr><tr><td style=\"white-space:nowrap\">8219<a name=\"cs-thcc-rehab-device-8219\"> </a></td><td>เบ้าขาเทียมระดับเข่า</td></tr><tr><td style=\"white-space:nowrap\">8220<a name=\"cs-thcc-rehab-device-8220\"> </a></td><td>เบ้าขาเทียมเหนือเข่า</td></tr><tr><td style=\"white-space:nowrap\">8221<a name=\"cs-thcc-rehab-device-8221\"> </a></td><td>เบ้าขาเทียมสะโพก</td></tr><tr><td style=\"white-space:nowrap\">8222<a name=\"cs-thcc-rehab-device-8222\"> </a></td><td>สายเข็มขัดเทียม</td></tr><tr><td style=\"white-space:nowrap\">8223<a name=\"cs-thcc-rehab-device-8223\"> </a></td><td>แป้นสายเข็มขัด</td></tr><tr><td style=\"white-space:nowrap\">8305<a name=\"cs-thcc-rehab-device-8305\"> </a></td><td>อุปกรณ์พยุงลำตัว</td></tr><tr><td style=\"white-space:nowrap\">8306<a name=\"cs-thcc-rehab-device-8306\"> </a></td><td>โลหะหรือพลาสติกดามหลังคด</td></tr><tr><td style=\"white-space:nowrap\">8501<a name=\"cs-thcc-rehab-device-8501\"> </a></td><td>โลหะ/พลาสติกดามขาเด็กเล็กชนิดยาวไม่มีข้อเข่า(long leg posterior slap)</td></tr><tr><td style=\"white-space:nowrap\">8502<a name=\"cs-thcc-rehab-device-8502\"> </a></td><td>พลาสติกดามขาชนิดยาวมีข้อเข่าล็อกได้ไม่มีข้อเท้า (Hybrid KO)</td></tr><tr><td style=\"white-space:nowrap\">8503<a name=\"cs-thcc-rehab-device-8503\"> </a></td><td>โลหะดามขาชนิดยาวมีข้อเข่าล็อคได้มีข้อเท้า(Metal KAFO)</td></tr><tr><td style=\"white-space:nowrap\">8507<a name=\"cs-thcc-rehab-device-8507\"> </a></td><td>โลหะดามขามีข้อเข่าล็อกได้ (Metal KO)</td></tr><tr><td style=\"white-space:nowrap\">8508<a name=\"cs-thcc-rehab-device-8508\"> </a></td><td>เบ้ารับน้ำหนักที่กระดูกก้นกบ (Ischium seat)</td></tr><tr><td style=\"white-space:nowrap\">8510<a name=\"cs-thcc-rehab-device-8510\"> </a></td><td>พลาสติกดามขาชนิดสั้นไม่มีข้อ (Plastic AFO)</td></tr><tr><td style=\"white-space:nowrap\">8511<a name=\"cs-thcc-rehab-device-8511\"> </a></td><td>โลหะดามขาชนิดสั้น (Metal AFO)</td></tr><tr><td style=\"white-space:nowrap\">8519<a name=\"cs-thcc-rehab-device-8519\"> </a></td><td>พลาสติกดามข้อเท้า (Foot Orthosis)</td></tr><tr><td style=\"white-space:nowrap\">8520<a name=\"cs-thcc-rehab-device-8520\"> </a></td><td>สายรัดกันเท้าตก (Foot sling)</td></tr><tr><td style=\"white-space:nowrap\">8524<a name=\"cs-thcc-rehab-device-8524\"> </a></td><td>PTB brace ชนิดโลหะแบบมีข้อเท้า</td></tr><tr><td style=\"white-space:nowrap\">8526<a name=\"cs-thcc-rehab-device-8526\"> </a></td><td>ที่คลุมเข่า (Knee pad)</td></tr><tr><td style=\"white-space:nowrap\">8605<a name=\"cs-thcc-rehab-device-8605\"> </a></td><td>แผ่นโลหะ/พลาสติกบังคับเชิงกรานเด็กชนิดมีข้อสะโพก(Pelvic band)</td></tr><tr><td style=\"white-space:nowrap\">8606<a name=\"cs-thcc-rehab-device-8606\"> </a></td><td>แผ่นโลหะ/พลาสติกบังคับเชิงกรานผู้ใหญ่ ชนิดมีข้อสะโพก(Pelvic band)</td></tr><tr><td style=\"white-space:nowrap\">8609<a name=\"cs-thcc-rehab-device-8609\"> </a></td><td>อุปกรณ์พยุงส้นเท้าและ/หรือฝ่าเท้าชนิดสำเร็จรูป</td></tr><tr><td style=\"white-space:nowrap\">8610<a name=\"cs-thcc-rehab-device-8610\"> </a></td><td>อุปกรณ์พยุงส้นเท้าและฝ่าเท้าชนิดหล่อพิเศษ เฉพาะราย</td></tr><tr><td style=\"white-space:nowrap\">8612<a name=\"cs-thcc-rehab-device-8612\"> </a></td><td>อุปกรณ์พยุงส้นเท้าและฝ่าเท้าสำหรับผู้ป่วยเบาหวานที่มีความเสี่ยงเพื่อป้องกันการเกิดแผล แผลซ้ำซ้อนและการตัดเท้าชนิดตัดเฉพาะราย</td></tr><tr><td style=\"white-space:nowrap\">8801<a name=\"cs-thcc-rehab-device-8801\"> </a></td><td>รองเท้าคนพิการขนาดเล็กชนิดตัดเฉพาะราย</td></tr><tr><td style=\"white-space:nowrap\">8802<a name=\"cs-thcc-rehab-device-8802\"> </a></td><td>รองเท้าคนพิการขนาดกลางชนิดตัดเฉพาะราย</td></tr><tr><td style=\"white-space:nowrap\">8803<a name=\"cs-thcc-rehab-device-8803\"> </a></td><td>รองเท้าคนพิการขนาดใหญ่ชนิดตัดเฉพาะราย</td></tr><tr><td style=\"white-space:nowrap\">8804<a name=\"cs-thcc-rehab-device-8804\"> </a></td><td>รองเท้าคนพิการขนาดใหญ่พิเศษชนิดตัดเฉพาะราย</td></tr><tr><td style=\"white-space:nowrap\">8805<a name=\"cs-thcc-rehab-device-8805\"> </a></td><td>ค่าดัดแปลงรองเท้าคนพิการ</td></tr><tr><td style=\"white-space:nowrap\">8813<a name=\"cs-thcc-rehab-device-8813\"> </a></td><td>รองเท้าสำหรับผู้ป่วยเบาหวานที่มีความเสี่ยงเพื่อป้องกันการเกิดแผล,แผลซ้ำซ้อน และการตัดเท้า (Extra depth shoes) ชนิดสำเร็จรูป</td></tr><tr><td style=\"white-space:nowrap\">8814<a name=\"cs-thcc-rehab-device-8814\"> </a></td><td>รองเท้าสำหรับผู้ป่วยเบาหวานที่มีความเสี่ยงสูง ที่มีเท้าผิดรูป เนื่องจากบางส่วนถูกตัดหรือมีแผลที่เท้า ชนิดตัดเฉพาะราย</td></tr><tr><td style=\"white-space:nowrap\">8809<a name=\"cs-thcc-rehab-device-8809\"> </a></td><td>เสริมฝ่าเท้าส่วนหน้า</td></tr><tr><td style=\"white-space:nowrap\">8810<a name=\"cs-thcc-rehab-device-8810\"> </a></td><td>T-strap</td></tr><tr><td style=\"white-space:nowrap\">8901<a name=\"cs-thcc-rehab-device-8901\"> </a></td><td>รถนั่งคนพิการชนิดพับได้ทำด้วยโลหะ แบบปรับให้เหมาะสมกับความพิการได้</td></tr><tr><td style=\"white-space:nowrap\">8902<a name=\"cs-thcc-rehab-device-8902\"> </a></td><td>รถนั่งคนพิการชนิดพับได้ทำด้วยโลหะ แบบปรับไม่ได้</td></tr><tr><td style=\"white-space:nowrap\">8903<a name=\"cs-thcc-rehab-device-8903\"> </a></td><td>เบาะรองนั่งสำหรับผู้พิการ</td></tr><tr><td style=\"white-space:nowrap\">8904<a name=\"cs-thcc-rehab-device-8904\"> </a></td><td>รถสามล้อโยกสำหรับคนพิการ</td></tr></table></div>"
  },
  "url": "http://terms.sil-th.org/CodeSystem/cs-thcc-rehab-device",
  "version": "0.1.0",
  "name": "CS_THCC_RehabDevice",
  "title": "รหัสกายอุปกรณ์ที่ได้รับ",
  "status": "active",
  "date": "2022-08-14T22:14:52+07:00",
  "description": "รหัสกายอุปกรณ์ที่ได้รับ ตามโครงสร้างข้อมูล 43 แฟ้ม",
  "jurisdiction": [
    {
      "coding": [
        {
          "system": "urn:iso:std:iso:3166",
          "code": "TH"
        }
      ]
    }
  ],
  "content": "complete",
  "count": 55,
  "concept": [
    {
      "code": "8005",
      "display": "นิ้วเทียมหรือถุงมือยางสำหรับมือขาดบางส่วน"
    },
    {
      "code": "8101",
      "display": "แขนเทียมต่ำกว่าระดับศอกส่วนปลายชนิดห้านิ้วมีระบบการใช้งาน"
    },
    {
      "code": "8102",
      "display": "แขนเทียมต่ำกว่าระดับศอกส่วนปลายชนิดห้านิ้วไม่มีระบบการใช้งาน"
    },
    {
      "code": "8103",
      "display": "แขนเทียมต่ำกว่าระดับศอกส่วนปลายชนิดตะขอโลหะ"
    },
    {
      "code": "8104",
      "display": "แขนเทียมเหนือศอกส่วนปลายชนิดห้านิ้วมีระบบใช้งานข้อศอกล็อคได้ด้วยมือ"
    },
    {
      "code": "8105",
      "display": "แขนเทียมเหนือศอกส่วนปลายชนิดตะขอโลหะข้อศอกล็อคได้ด้วยมือ"
    },
    {
      "code": "8106",
      "display": "แขนเทียมชิดไหล่หรือแบบไหล่ส่วนปลายชนิดห้านิ้วไม่มีระบบใช้งานข้อศอกล็อคได้ด้วยมือ(ระบบแกนนอก)"
    },
    {
      "code": "8107",
      "display": "แขนเทียมเหนือศอกส่วนปลายชนิดห้านิ้วมีระบบใช้งานข้อศอกล็อคได้ด้วยมือ"
    },
    {
      "code": "8108",
      "display": "เบ้าแขนเทียมใต้ศอก (สำหรับเปลี่ยนเฉพาะเบ้า)"
    },
    {
      "code": "8109",
      "display": "เบ้าแขนเทียมระดับศอก (สำหรับเปลี่ยนเฉพาะเบ้า)"
    },
    {
      "code": "8110",
      "display": "เบ้าแขนเทียมระดับเหนือศอก (สำหรับเปลี่ยนเฉพาะเบ้า)"
    },
    {
      "code": "8111",
      "display": "เบ้าแขนเทียมระดับไหล่ (สำหรับเปลี่ยนเฉพาะเบ้า)"
    },
    {
      "code": "8112",
      "display": "สายบังคับแขนเทียม (สำหรับเปลี่ยนเฉพาะสาย)"
    },
    {
      "code": "8201",
      "display": "ขาเทียมระดับข้อเท้า (Syme)"
    },
    {
      "code": "8202",
      "display": "ขาเทียมระดับใต้เข่าแกนนอก"
    },
    {
      "code": "8205",
      "display": "ขาเทียมระดับเหนือเข่าแกนนอก"
    },
    {
      "code": "8206",
      "display": "ขาเทียมระดับเหนือเข่าแกนนอก"
    },
    {
      "code": "8209",
      "display": "เท้าเทียมที่ต้องใส่ร่วมกับขาเทียมแบบต่างๆ"
    },
    {
      "code": "8218",
      "display": "เบ้าขาเทียมใต้เข่า/ข้อเท้า"
    },
    {
      "code": "8219",
      "display": "เบ้าขาเทียมระดับเข่า"
    },
    {
      "code": "8220",
      "display": "เบ้าขาเทียมเหนือเข่า"
    },
    {
      "code": "8221",
      "display": "เบ้าขาเทียมสะโพก"
    },
    {
      "code": "8222",
      "display": "สายเข็มขัดเทียม"
    },
    {
      "code": "8223",
      "display": "แป้นสายเข็มขัด"
    },
    {
      "code": "8305",
      "display": "อุปกรณ์พยุงลำตัว"
    },
    {
      "code": "8306",
      "display": "โลหะหรือพลาสติกดามหลังคด"
    },
    {
      "code": "8501",
      "display": "โลหะ/พลาสติกดามขาเด็กเล็กชนิดยาวไม่มีข้อเข่า(long leg posterior slap)"
    },
    {
      "code": "8502",
      "display": "พลาสติกดามขาชนิดยาวมีข้อเข่าล็อกได้ไม่มีข้อเท้า (Hybrid KO)"
    },
    {
      "code": "8503",
      "display": "โลหะดามขาชนิดยาวมีข้อเข่าล็อคได้มีข้อเท้า(Metal KAFO)"
    },
    {
      "code": "8507",
      "display": "โลหะดามขามีข้อเข่าล็อกได้ (Metal KO)"
    },
    {
      "code": "8508",
      "display": "เบ้ารับน้ำหนักที่กระดูกก้นกบ (Ischium seat)"
    },
    {
      "code": "8510",
      "display": "พลาสติกดามขาชนิดสั้นไม่มีข้อ (Plastic AFO)"
    },
    {
      "code": "8511",
      "display": "โลหะดามขาชนิดสั้น (Metal AFO)"
    },
    {
      "code": "8519",
      "display": "พลาสติกดามข้อเท้า (Foot Orthosis)"
    },
    {
      "code": "8520",
      "display": "สายรัดกันเท้าตก (Foot sling)"
    },
    {
      "code": "8524",
      "display": "PTB brace ชนิดโลหะแบบมีข้อเท้า"
    },
    {
      "code": "8526",
      "display": "ที่คลุมเข่า (Knee pad)"
    },
    {
      "code": "8605",
      "display": "แผ่นโลหะ/พลาสติกบังคับเชิงกรานเด็กชนิดมีข้อสะโพก(Pelvic band)"
    },
    {
      "code": "8606",
      "display": "แผ่นโลหะ/พลาสติกบังคับเชิงกรานผู้ใหญ่ ชนิดมีข้อสะโพก(Pelvic band)"
    },
    {
      "code": "8609",
      "display": "อุปกรณ์พยุงส้นเท้าและ/หรือฝ่าเท้าชนิดสำเร็จรูป"
    },
    {
      "code": "8610",
      "display": "อุปกรณ์พยุงส้นเท้าและฝ่าเท้าชนิดหล่อพิเศษ เฉพาะราย"
    },
    {
      "code": "8612",
      "display": "อุปกรณ์พยุงส้นเท้าและฝ่าเท้าสำหรับผู้ป่วยเบาหวานที่มีความเสี่ยงเพื่อป้องกันการเกิดแผล แผลซ้ำซ้อนและการตัดเท้าชนิดตัดเฉพาะราย"
    },
    {
      "code": "8801",
      "display": "รองเท้าคนพิการขนาดเล็กชนิดตัดเฉพาะราย"
    },
    {
      "code": "8802",
      "display": "รองเท้าคนพิการขนาดกลางชนิดตัดเฉพาะราย"
    },
    {
      "code": "8803",
      "display": "รองเท้าคนพิการขนาดใหญ่ชนิดตัดเฉพาะราย"
    },
    {
      "code": "8804",
      "display": "รองเท้าคนพิการขนาดใหญ่พิเศษชนิดตัดเฉพาะราย"
    },
    {
      "code": "8805",
      "display": "ค่าดัดแปลงรองเท้าคนพิการ"
    },
    {
      "code": "8813",
      "display": "รองเท้าสำหรับผู้ป่วยเบาหวานที่มีความเสี่ยงเพื่อป้องกันการเกิดแผล,แผลซ้ำซ้อน และการตัดเท้า (Extra depth shoes) ชนิดสำเร็จรูป"
    },
    {
      "code": "8814",
      "display": "รองเท้าสำหรับผู้ป่วยเบาหวานที่มีความเสี่ยงสูง ที่มีเท้าผิดรูป เนื่องจากบางส่วนถูกตัดหรือมีแผลที่เท้า ชนิดตัดเฉพาะราย"
    },
    {
      "code": "8809",
      "display": "เสริมฝ่าเท้าส่วนหน้า"
    },
    {
      "code": "8810",
      "display": "T-strap"
    },
    {
      "code": "8901",
      "display": "รถนั่งคนพิการชนิดพับได้ทำด้วยโลหะ แบบปรับให้เหมาะสมกับความพิการได้"
    },
    {
      "code": "8902",
      "display": "รถนั่งคนพิการชนิดพับได้ทำด้วยโลหะ แบบปรับไม่ได้"
    },
    {
      "code": "8903",
      "display": "เบาะรองนั่งสำหรับผู้พิการ"
    },
    {
      "code": "8904",
      "display": "รถสามล้อโยกสำหรับคนพิการ"
    }
  ]
}