{
  "resourceType": "CodeSystem",
  "id": "cs-thcc-coverage-type",
  "text": {
    "status": "generated",
    "div": "<div xmlns=\"http://www.w3.org/1999/xhtml\"><p>This code system https://terms.sil-th.org/CodeSystem/cs-thcc-coverage-type defines the following codes:</p><table class=\"codes\"><tr><td style=\"white-space:nowrap\"><b>Code</b></td><td><b>Display</b></td></tr><tr><td style=\"white-space:nowrap\">0100<a name=\"cs-thcc-coverage-type-0100\"> </a></td><td>หลักประกันสุขภาพ</td></tr><tr><td style=\"white-space:nowrap\">1100<a name=\"cs-thcc-coverage-type-1100\"> </a></td><td>ข้าราชการประจำ</td></tr><tr><td style=\"white-space:nowrap\">1200<a name=\"cs-thcc-coverage-type-1200\"> </a></td><td>ข้าราชการบำนาญ</td></tr><tr><td style=\"white-space:nowrap\">1300<a name=\"cs-thcc-coverage-type-1300\"> </a></td><td>ลูกจ้างประจำ</td></tr><tr><td style=\"white-space:nowrap\">1400<a name=\"cs-thcc-coverage-type-1400\"> </a></td><td>ลูกจ้างประจำบำนาญ</td></tr><tr><td style=\"white-space:nowrap\">1900<a name=\"cs-thcc-coverage-type-1900\"> </a></td><td>ข้าราชการการเมือง</td></tr><tr><td style=\"white-space:nowrap\">2101<a name=\"cs-thcc-coverage-type-2101\"> </a></td><td>ข้าราชการประจำกรุงเทพมหานคร</td></tr><tr><td style=\"white-space:nowrap\">2102<a name=\"cs-thcc-coverage-type-2102\"> </a></td><td>ข้าราชการบำนาญกรุงเทพมหานคร</td></tr><tr><td style=\"white-space:nowrap\">2103<a name=\"cs-thcc-coverage-type-2103\"> </a></td><td>ลูกจ้างประจำกรุงเทพมหานคร</td></tr><tr><td style=\"white-space:nowrap\">2104<a name=\"cs-thcc-coverage-type-2104\"> </a></td><td>ลูกจ้างประจำบำนาญกรุงเทพมหานคร</td></tr><tr><td style=\"white-space:nowrap\">2105<a name=\"cs-thcc-coverage-type-2105\"> </a></td><td>ข้าราชการประจำเมืองพัทยา</td></tr><tr><td style=\"white-space:nowrap\">2106<a name=\"cs-thcc-coverage-type-2106\"> </a></td><td>ข้าราชการบำนาญเมืองพัทยา</td></tr><tr><td style=\"white-space:nowrap\">2107<a name=\"cs-thcc-coverage-type-2107\"> </a></td><td>ลูกจ้างประจำเมืองพัทยา</td></tr><tr><td style=\"white-space:nowrap\">2108<a name=\"cs-thcc-coverage-type-2108\"> </a></td><td>ลูกจ้างประจำบำนาญเมืองพัทยา</td></tr><tr><td style=\"white-space:nowrap\">2201<a name=\"cs-thcc-coverage-type-2201\"> </a></td><td>ข้าราชการประจำเทศบาล</td></tr><tr><td style=\"white-space:nowrap\">2202<a name=\"cs-thcc-coverage-type-2202\"> </a></td><td>ข้าราชการบำนาญเทศบาล</td></tr><tr><td style=\"white-space:nowrap\">2203<a name=\"cs-thcc-coverage-type-2203\"> </a></td><td>ลูกจ้างประจำเทศบาล</td></tr><tr><td style=\"white-space:nowrap\">2204<a name=\"cs-thcc-coverage-type-2204\"> </a></td><td>ลูกจ้างประจำบำนาญเทศบาล</td></tr><tr><td style=\"white-space:nowrap\">2301<a name=\"cs-thcc-coverage-type-2301\"> </a></td><td>ข้าราชการประจำองค์การบริหารส่วนจังหวัด</td></tr><tr><td style=\"white-space:nowrap\">2302<a name=\"cs-thcc-coverage-type-2302\"> </a></td><td>ข้าราชการบำนาญองค์การบริหารส่วนจังหวัด</td></tr><tr><td style=\"white-space:nowrap\">2303<a name=\"cs-thcc-coverage-type-2303\"> </a></td><td>ลูกจ้างประจำองค์การบริหารส่วนจังหวัด</td></tr><tr><td style=\"white-space:nowrap\">2304<a name=\"cs-thcc-coverage-type-2304\"> </a></td><td>ลูกจ้างประจำบำนาญองค์การบริหารส่วนจังหวัด             </td></tr><tr><td style=\"white-space:nowrap\">2401<a name=\"cs-thcc-coverage-type-2401\"> </a></td><td>ข้าราชการประจำองค์การบริหารส่วนตำบล</td></tr><tr><td style=\"white-space:nowrap\">2402<a name=\"cs-thcc-coverage-type-2402\"> </a></td><td>ข้าราชการบำนาญองค์การบริหารส่วนตำบล</td></tr><tr><td style=\"white-space:nowrap\">2403<a name=\"cs-thcc-coverage-type-2403\"> </a></td><td>ลูกจ้างประจำองค์การบริหารส่วนตำบล</td></tr><tr><td style=\"white-space:nowrap\">2404<a name=\"cs-thcc-coverage-type-2404\"> </a></td><td>ลูกจ้างประจำบำนาญองค์การบริหารส่วนตำบล</td></tr><tr><td style=\"white-space:nowrap\">2501<a name=\"cs-thcc-coverage-type-2501\"> </a></td><td>ข้าราชการการเมืองกรุงเทพมหานคร</td></tr><tr><td style=\"white-space:nowrap\">2502<a name=\"cs-thcc-coverage-type-2502\"> </a></td><td>ข้าราชการการเมืองเมืองพัทยา</td></tr><tr><td style=\"white-space:nowrap\">2601<a name=\"cs-thcc-coverage-type-2601\"> </a></td><td>ข้าราชการการเมืองเทศบาล</td></tr><tr><td style=\"white-space:nowrap\">2701<a name=\"cs-thcc-coverage-type-2701\"> </a></td><td>ข้าราชการการเมืององค์การบริหารส่วนจังหวัด</td></tr><tr><td style=\"white-space:nowrap\">2801<a name=\"cs-thcc-coverage-type-2801\"> </a></td><td>ข้าราชการการเมืององค์การบริหารส่วนตำบล</td></tr><tr><td style=\"white-space:nowrap\">3101<a name=\"cs-thcc-coverage-type-3101\"> </a></td><td>การไฟฟ้านครหลวง</td></tr><tr><td style=\"white-space:nowrap\">3102<a name=\"cs-thcc-coverage-type-3102\"> </a></td><td>การไฟฟ้าฝ่ายผลิตแห่งประเทศไทย</td></tr><tr><td style=\"white-space:nowrap\">3103<a name=\"cs-thcc-coverage-type-3103\"> </a></td><td>การไฟฟ้าส่วนภูมิภาค</td></tr><tr><td style=\"white-space:nowrap\">3104<a name=\"cs-thcc-coverage-type-3104\"> </a></td><td>บริษัท ปตท. จำกัด (มหาชน)</td></tr><tr><td style=\"white-space:nowrap\">3201<a name=\"cs-thcc-coverage-type-3201\"> </a></td><td>การทางพิเศษแห่งประเทศไทย</td></tr><tr><td style=\"white-space:nowrap\">3202<a name=\"cs-thcc-coverage-type-3202\"> </a></td><td>การท่าเรือแห่งประเทศไทย</td></tr><tr><td style=\"white-space:nowrap\">3203<a name=\"cs-thcc-coverage-type-3203\"> </a></td><td>การรถไฟฟ้ามวลชนแห่งประเทศไทย</td></tr><tr><td style=\"white-space:nowrap\">3204<a name=\"cs-thcc-coverage-type-3204\"> </a></td><td>การรถไฟแห่งประเทศไทย</td></tr><tr><td style=\"white-space:nowrap\">3205<a name=\"cs-thcc-coverage-type-3205\"> </a></td><td>บริษัท การบินไทย จำกัด (มหาชน)</td></tr><tr><td style=\"white-space:nowrap\">3206<a name=\"cs-thcc-coverage-type-3206\"> </a></td><td>บริษัทขนส่ง จำกัด</td></tr><tr><td style=\"white-space:nowrap\">3207<a name=\"cs-thcc-coverage-type-3207\"> </a></td><td>บริษัท ท่าอากาศยายไทย จำกัด (มหาชน)</td></tr><tr><td style=\"white-space:nowrap\">3208<a name=\"cs-thcc-coverage-type-3208\"> </a></td><td>ไทยเดินเรือทะเล จำกัด</td></tr><tr><td style=\"white-space:nowrap\">3209<a name=\"cs-thcc-coverage-type-3209\"> </a></td><td>บริษัท วิทยุการบินแห่งประเทศไทย จำกัด</td></tr><tr><td style=\"white-space:nowrap\">3210<a name=\"cs-thcc-coverage-type-3210\"> </a></td><td>สถาบันการบินพลเรือน</td></tr><tr><td style=\"white-space:nowrap\">3211<a name=\"cs-thcc-coverage-type-3211\"> </a></td><td>องค์การขนส่งมวลชนกรุงเทพ</td></tr><tr><td style=\"white-space:nowrap\">3301<a name=\"cs-thcc-coverage-type-3301\"> </a></td><td>บริษัท กสท. โทรคมนาคม จำกัด (มหาชน)</td></tr><tr><td style=\"white-space:nowrap\">3302<a name=\"cs-thcc-coverage-type-3302\"> </a></td><td>บริษัท ทีโอที จำกัด (มหาชน)</td></tr><tr><td style=\"white-space:nowrap\">3303<a name=\"cs-thcc-coverage-type-3303\"> </a></td><td>บริษัทไปรษณีย์ไทย จำกัด</td></tr><tr><td style=\"white-space:nowrap\">3304<a name=\"cs-thcc-coverage-type-3304\"> </a></td><td>บริษัท อสมท. จำกัด</td></tr><tr><td style=\"white-space:nowrap\">3401<a name=\"cs-thcc-coverage-type-3401\"> </a></td><td>การเคหะแห่งชาติ</td></tr><tr><td style=\"white-space:nowrap\">3402<a name=\"cs-thcc-coverage-type-3402\"> </a></td><td>การประปานครหลวง</td></tr><tr><td style=\"white-space:nowrap\">3403<a name=\"cs-thcc-coverage-type-3403\"> </a></td><td>การประปาส่วนภูมิภาค</td></tr><tr><td style=\"white-space:nowrap\">3404<a name=\"cs-thcc-coverage-type-3404\"> </a></td><td>องค์การจัดการน้ำเสีย</td></tr><tr><td style=\"white-space:nowrap\">3501<a name=\"cs-thcc-coverage-type-3501\"> </a></td><td>การนิคมอุตสาหกรรมแห่งประเทศไทย</td></tr><tr><td style=\"white-space:nowrap\">3502<a name=\"cs-thcc-coverage-type-3502\"> </a></td><td>บริษัท อู่กรุงเทพ จำกัด</td></tr><tr><td style=\"white-space:nowrap\">3503<a name=\"cs-thcc-coverage-type-3503\"> </a></td><td>โรงงานไพ่ กรมสรรพสามิต</td></tr><tr><td style=\"white-space:nowrap\">3504<a name=\"cs-thcc-coverage-type-3504\"> </a></td><td>โรงงานยาสูบ กระทรวงการคลัง</td></tr><tr><td style=\"white-space:nowrap\">3505<a name=\"cs-thcc-coverage-type-3505\"> </a></td><td>โรงพิมพ์ตำรวจ สำนักงานตำรวจแห่งชาติ</td></tr><tr><td style=\"white-space:nowrap\">3506<a name=\"cs-thcc-coverage-type-3506\"> </a></td><td>องค์การสุรา กรมสรรพสามิต</td></tr><tr><td style=\"white-space:nowrap\">3601<a name=\"cs-thcc-coverage-type-3601\"> </a></td><td>บริษัท ส่งเสริมธุรกิจเกษตรกรไทย จำกัด</td></tr><tr><td style=\"white-space:nowrap\">3602<a name=\"cs-thcc-coverage-type-3602\"> </a></td><td>สำนักงานกองทุนสงเคราะห์การทำสวนยาง</td></tr><tr><td style=\"white-space:nowrap\">3603<a name=\"cs-thcc-coverage-type-3603\"> </a></td><td>องค์การสุรา กรมสรรพสามิต</td></tr><tr><td style=\"white-space:nowrap\">3604<a name=\"cs-thcc-coverage-type-3604\"> </a></td><td>องค์การส่งเสริมกิจการโคนมแห่งประเทศไทย</td></tr><tr><td style=\"white-space:nowrap\">3605<a name=\"cs-thcc-coverage-type-3605\"> </a></td><td>องค์การสวนพฤกษศาสตร์</td></tr><tr><td style=\"white-space:nowrap\">3606<a name=\"cs-thcc-coverage-type-3606\"> </a></td><td>องค์การสวนยาง</td></tr><tr><td style=\"white-space:nowrap\">3607<a name=\"cs-thcc-coverage-type-3607\"> </a></td><td>องค์การสะพานปลา</td></tr><tr><td style=\"white-space:nowrap\">3608<a name=\"cs-thcc-coverage-type-3608\"> </a></td><td>องค์การอุตสาหกรรมป่าไม้</td></tr><tr><td style=\"white-space:nowrap\">3701<a name=\"cs-thcc-coverage-type-3701\"> </a></td><td>บริษัท ธนารักษ์พัฒนาสินทรัพย์ จำกัด</td></tr><tr><td style=\"white-space:nowrap\">3702<a name=\"cs-thcc-coverage-type-3702\"> </a></td><td>สหโรงแรมไทยและการท่องเที่ยว จำกัด</td></tr><tr><td style=\"white-space:nowrap\">3703<a name=\"cs-thcc-coverage-type-3703\"> </a></td><td>สำนักงานสลากกินแบ่งรัฐบาล</td></tr><tr><td style=\"white-space:nowrap\">3704<a name=\"cs-thcc-coverage-type-3704\"> </a></td><td>องค์การคลังสินค้า</td></tr><tr><td style=\"white-space:nowrap\">3705<a name=\"cs-thcc-coverage-type-3705\"> </a></td><td>องค์การตลาด</td></tr><tr><td style=\"white-space:nowrap\">3801<a name=\"cs-thcc-coverage-type-3801\"> </a></td><td>การกีฬาแห่งประเทศไทย</td></tr><tr><td style=\"white-space:nowrap\">3802<a name=\"cs-thcc-coverage-type-3802\"> </a></td><td>การท่องเที่ยวแห่งประเทศไทย</td></tr><tr><td style=\"white-space:nowrap\">3803<a name=\"cs-thcc-coverage-type-3803\"> </a></td><td>สถาบันวิจัยวิทยาศาสตร์และเทคโนโลยีแห่งประเทศไทย</td></tr><tr><td style=\"white-space:nowrap\">3804<a name=\"cs-thcc-coverage-type-3804\"> </a></td><td>สำนักงานธนานุเคราะห์ กรมพัฒนาสังคมและสวัสดิการ</td></tr><tr><td style=\"white-space:nowrap\">3805<a name=\"cs-thcc-coverage-type-3805\"> </a></td><td>องค์การพิพิธภัณฑ์วิทยาศาสตร์แห่งชาติ</td></tr><tr><td style=\"white-space:nowrap\">3806<a name=\"cs-thcc-coverage-type-3806\"> </a></td><td>องค์การเภสัชกรรม</td></tr><tr><td style=\"white-space:nowrap\">3807<a name=\"cs-thcc-coverage-type-3807\"> </a></td><td>องค์การสวนสัตว์</td></tr><tr><td style=\"white-space:nowrap\">3901<a name=\"cs-thcc-coverage-type-3901\"> </a></td><td>ธนาคารกรุงไทย จำกัด (มหาชน)</td></tr><tr><td style=\"white-space:nowrap\">3902<a name=\"cs-thcc-coverage-type-3902\"> </a></td><td>ธนาคารพัฒนาวิสาหกิจขนาดกลางและขนาดย่อมแห่งประเทศไทย  </td></tr><tr><td style=\"white-space:nowrap\">3903<a name=\"cs-thcc-coverage-type-3903\"> </a></td><td>ธนาคารเพื่อการเกษตรและสหกรณ์การเกษตร</td></tr><tr><td style=\"white-space:nowrap\">3904<a name=\"cs-thcc-coverage-type-3904\"> </a></td><td>ธนาคารเพื่อการส่งออกและนำเข้าแห่งประเทศไทย</td></tr><tr><td style=\"white-space:nowrap\">3905<a name=\"cs-thcc-coverage-type-3905\"> </a></td><td>ธนาคารออมสิน</td></tr><tr><td style=\"white-space:nowrap\">3906<a name=\"cs-thcc-coverage-type-3906\"> </a></td><td>ธนาคารอาคารสงเคราะห์</td></tr><tr><td style=\"white-space:nowrap\">3907<a name=\"cs-thcc-coverage-type-3907\"> </a></td><td>ธนาคารอิสลามแห่งประเทศไทย</td></tr><tr><td style=\"white-space:nowrap\">3908<a name=\"cs-thcc-coverage-type-3908\"> </a></td><td>บรรษัทตลาดรองสินเชื่อที่อยู่อาศัย</td></tr><tr><td style=\"white-space:nowrap\">3909<a name=\"cs-thcc-coverage-type-3909\"> </a></td><td>บรรษัทประกันสินเชื่ออุตสาหกรรมขนาดย่อม</td></tr><tr><td style=\"white-space:nowrap\">4100<a name=\"cs-thcc-coverage-type-4100\"> </a></td><td>กองทุนเงินทดแทน</td></tr><tr><td style=\"white-space:nowrap\">4200<a name=\"cs-thcc-coverage-type-4200\"> </a></td><td>กองทุนประกันสังคม</td></tr><tr><td style=\"white-space:nowrap\">5100<a name=\"cs-thcc-coverage-type-5100\"> </a></td><td>ประกันสุขภาพภาคเอกชน</td></tr><tr><td style=\"white-space:nowrap\">6100<a name=\"cs-thcc-coverage-type-6100\"> </a></td><td>กองทุนผู้ประสบภัยจากรถ</td></tr><tr><td style=\"white-space:nowrap\">7100<a name=\"cs-thcc-coverage-type-7100\"> </a></td><td>พนักงาน/เจ้าหน้าที่หรือผู้ปฏิบัติงานสังกัดองค์กรอิสระตามรัฐธรรมนูญ</td></tr><tr><td style=\"white-space:nowrap\">8100<a name=\"cs-thcc-coverage-type-8100\"> </a></td><td>สิทธิพิเศษเฉพาะกลุ่มอนุเคราะห์</td></tr><tr><td style=\"white-space:nowrap\">8200<a name=\"cs-thcc-coverage-type-8200\"> </a></td><td>สิทธิที่โรงพยาบาลให้การอนุเคราะห์</td></tr><tr><td style=\"white-space:nowrap\">8300<a name=\"cs-thcc-coverage-type-8300\"> </a></td><td>บุคคลที่มีปัญหาสถานะ ชำระเงินเอง</td></tr><tr><td style=\"white-space:nowrap\">8301<a name=\"cs-thcc-coverage-type-8301\"> </a></td><td>บุคคลที่มีปัญหาสถานะบุคคลที่มีปัญหาสถานะ และใช้สิทธิ์ตามโครงการคืนสิทธิ์ของกระทรวงสาธารณสุข</td></tr><tr><td style=\"white-space:nowrap\">8302<a name=\"cs-thcc-coverage-type-8302\"> </a></td><td>บุคคลที่มีปัญหาสถานะ ชำระเงินเต็มจำนวน</td></tr><tr><td style=\"white-space:nowrap\">8308<a name=\"cs-thcc-coverage-type-8308\"> </a></td><td>บุคคลที่มีปัญหาสถานะ ใช้สิทธิ์อื่นๆ</td></tr><tr><td style=\"white-space:nowrap\">8400<a name=\"cs-thcc-coverage-type-8400\"> </a></td><td>บุคคลที่มีสิทธิต่างด้าว ชำระเงินเอง</td></tr><tr><td style=\"white-space:nowrap\">8401<a name=\"cs-thcc-coverage-type-8401\"> </a></td><td>ประชากรต่างด้าวเข้าเมืองถูกกฎหมาย และซื้อประกันสุขภาพกับกระทรวงสาธารณสุข</td></tr><tr><td style=\"white-space:nowrap\">8402<a name=\"cs-thcc-coverage-type-8402\"> </a></td><td>ประชากรต่างด้าวเข้าเมืองถูกกฎหมาย และอยู่ในระบบประกันสังคม</td></tr><tr><td style=\"white-space:nowrap\">8403<a name=\"cs-thcc-coverage-type-8403\"> </a></td><td>ประชากรต่างด้าวเข้าเมืองถูกกฎหมาย สามารถเสียค่าใช้จ่ายในการรักษาพยาบาลได้เองบางส่วน</td></tr><tr><td style=\"white-space:nowrap\">8404<a name=\"cs-thcc-coverage-type-8404\"> </a></td><td>ประชากรต่างด้าวเข้าเมืองถูกกฎหมาย ไม่สามารถจ่ายค่ารักษาพยาบาลเองได้</td></tr><tr><td style=\"white-space:nowrap\">8405<a name=\"cs-thcc-coverage-type-8405\"> </a></td><td>ประชากรต่างด้าวเข้าเมืองไม่ถูกกฎหมาย แต่ซื้อประกันสุขภาพกับกระทรวงสาธารณสุขได้</td></tr><tr><td style=\"white-space:nowrap\">8406<a name=\"cs-thcc-coverage-type-8406\"> </a></td><td>ประชากรต่างด้าวเข้าเมืองไม่ถูกกฎหมาย เสียค่าใช้จ่ายในการรักษาพยาบาลได้เองบางส่วน</td></tr><tr><td style=\"white-space:nowrap\">8407<a name=\"cs-thcc-coverage-type-8407\"> </a></td><td>ประชากรต่างด้าวเข้าเมืองไม่ถูกกฎหมาย ไม่สามารถจ่ายค่ารักษาพยาบาลเองได้</td></tr><tr><td style=\"white-space:nowrap\">8408<a name=\"cs-thcc-coverage-type-8408\"> </a></td><td>บุคคลที่มีสิทธิต่างด้าว ที่มีสิทธิ์อื่นๆ</td></tr><tr><td style=\"white-space:nowrap\">9100<a name=\"cs-thcc-coverage-type-9100\"> </a></td><td>ชำระเงินเอง</td></tr></table></div>"
  },
  "url": "https://terms.sil-th.org/CodeSystem/cs-thcc-coverage-type",
  "version": "0.1.0",
  "name": "CS_THCC_CoverageType",
  "title": "ชุดรหัสสิทธิการรักษาพยาบาล",
  "status": "active",
  "date": "2022-08-10T01:32:39+07:00",
  "description": "ชุดรหัสสิทธิการรักษาพยาบาล จาก THCC ซึ่งใช้ในโครงสร้างข้อมูล 43 แฟ้ม",
  "jurisdiction": [
    {
      "coding": [
        {
          "system": "urn:iso:std:iso:3166",
          "code": "TH"
        }
      ]
    }
  ],
  "content": "complete",
  "count": 110,
  "concept": [
    {
      "code": "0100",
      "display": "หลักประกันสุขภาพ"
    },
    {
      "code": "1100",
      "display": "ข้าราชการประจำ"
    },
    {
      "code": "1200",
      "display": "ข้าราชการบำนาญ"
    },
    {
      "code": "1300",
      "display": "ลูกจ้างประจำ"
    },
    {
      "code": "1400",
      "display": "ลูกจ้างประจำบำนาญ"
    },
    {
      "code": "1900",
      "display": "ข้าราชการการเมือง"
    },
    {
      "code": "2101",
      "display": "ข้าราชการประจำกรุงเทพมหานคร"
    },
    {
      "code": "2102",
      "display": "ข้าราชการบำนาญกรุงเทพมหานคร"
    },
    {
      "code": "2103",
      "display": "ลูกจ้างประจำกรุงเทพมหานคร"
    },
    {
      "code": "2104",
      "display": "ลูกจ้างประจำบำนาญกรุงเทพมหานคร"
    },
    {
      "code": "2105",
      "display": "ข้าราชการประจำเมืองพัทยา"
    },
    {
      "code": "2106",
      "display": "ข้าราชการบำนาญเมืองพัทยา"
    },
    {
      "code": "2107",
      "display": "ลูกจ้างประจำเมืองพัทยา"
    },
    {
      "code": "2108",
      "display": "ลูกจ้างประจำบำนาญเมืองพัทยา"
    },
    {
      "code": "2201",
      "display": "ข้าราชการประจำเทศบาล"
    },
    {
      "code": "2202",
      "display": "ข้าราชการบำนาญเทศบาล"
    },
    {
      "code": "2203",
      "display": "ลูกจ้างประจำเทศบาล"
    },
    {
      "code": "2204",
      "display": "ลูกจ้างประจำบำนาญเทศบาล"
    },
    {
      "code": "2301",
      "display": "ข้าราชการประจำองค์การบริหารส่วนจังหวัด"
    },
    {
      "code": "2302",
      "display": "ข้าราชการบำนาญองค์การบริหารส่วนจังหวัด"
    },
    {
      "code": "2303",
      "display": "ลูกจ้างประจำองค์การบริหารส่วนจังหวัด"
    },
    {
      "code": "2304",
      "display": "ลูกจ้างประจำบำนาญองค์การบริหารส่วนจังหวัด             "
    },
    {
      "code": "2401",
      "display": "ข้าราชการประจำองค์การบริหารส่วนตำบล"
    },
    {
      "code": "2402",
      "display": "ข้าราชการบำนาญองค์การบริหารส่วนตำบล"
    },
    {
      "code": "2403",
      "display": "ลูกจ้างประจำองค์การบริหารส่วนตำบล"
    },
    {
      "code": "2404",
      "display": "ลูกจ้างประจำบำนาญองค์การบริหารส่วนตำบล"
    },
    {
      "code": "2501",
      "display": "ข้าราชการการเมืองกรุงเทพมหานคร"
    },
    {
      "code": "2502",
      "display": "ข้าราชการการเมืองเมืองพัทยา"
    },
    {
      "code": "2601",
      "display": "ข้าราชการการเมืองเทศบาล"
    },
    {
      "code": "2701",
      "display": "ข้าราชการการเมืององค์การบริหารส่วนจังหวัด"
    },
    {
      "code": "2801",
      "display": "ข้าราชการการเมืององค์การบริหารส่วนตำบล"
    },
    {
      "code": "3101",
      "display": "การไฟฟ้านครหลวง"
    },
    {
      "code": "3102",
      "display": "การไฟฟ้าฝ่ายผลิตแห่งประเทศไทย"
    },
    {
      "code": "3103",
      "display": "การไฟฟ้าส่วนภูมิภาค"
    },
    {
      "code": "3104",
      "display": "บริษัท ปตท. จำกัด (มหาชน)"
    },
    {
      "code": "3201",
      "display": "การทางพิเศษแห่งประเทศไทย"
    },
    {
      "code": "3202",
      "display": "การท่าเรือแห่งประเทศไทย"
    },
    {
      "code": "3203",
      "display": "การรถไฟฟ้ามวลชนแห่งประเทศไทย"
    },
    {
      "code": "3204",
      "display": "การรถไฟแห่งประเทศไทย"
    },
    {
      "code": "3205",
      "display": "บริษัท การบินไทย จำกัด (มหาชน)"
    },
    {
      "code": "3206",
      "display": "บริษัทขนส่ง จำกัด"
    },
    {
      "code": "3207",
      "display": "บริษัท ท่าอากาศยายไทย จำกัด (มหาชน)"
    },
    {
      "code": "3208",
      "display": "ไทยเดินเรือทะเล จำกัด"
    },
    {
      "code": "3209",
      "display": "บริษัท วิทยุการบินแห่งประเทศไทย จำกัด"
    },
    {
      "code": "3210",
      "display": "สถาบันการบินพลเรือน"
    },
    {
      "code": "3211",
      "display": "องค์การขนส่งมวลชนกรุงเทพ"
    },
    {
      "code": "3301",
      "display": "บริษัท กสท. โทรคมนาคม จำกัด (มหาชน)"
    },
    {
      "code": "3302",
      "display": "บริษัท ทีโอที จำกัด (มหาชน)"
    },
    {
      "code": "3303",
      "display": "บริษัทไปรษณีย์ไทย จำกัด"
    },
    {
      "code": "3304",
      "display": "บริษัท อสมท. จำกัด"
    },
    {
      "code": "3401",
      "display": "การเคหะแห่งชาติ"
    },
    {
      "code": "3402",
      "display": "การประปานครหลวง"
    },
    {
      "code": "3403",
      "display": "การประปาส่วนภูมิภาค"
    },
    {
      "code": "3404",
      "display": "องค์การจัดการน้ำเสีย"
    },
    {
      "code": "3501",
      "display": "การนิคมอุตสาหกรรมแห่งประเทศไทย"
    },
    {
      "code": "3502",
      "display": "บริษัท อู่กรุงเทพ จำกัด"
    },
    {
      "code": "3503",
      "display": "โรงงานไพ่ กรมสรรพสามิต"
    },
    {
      "code": "3504",
      "display": "โรงงานยาสูบ กระทรวงการคลัง"
    },
    {
      "code": "3505",
      "display": "โรงพิมพ์ตำรวจ สำนักงานตำรวจแห่งชาติ"
    },
    {
      "code": "3506",
      "display": "องค์การสุรา กรมสรรพสามิต"
    },
    {
      "code": "3601",
      "display": "บริษัท ส่งเสริมธุรกิจเกษตรกรไทย จำกัด"
    },
    {
      "code": "3602",
      "display": "สำนักงานกองทุนสงเคราะห์การทำสวนยาง"
    },
    {
      "code": "3603",
      "display": "องค์การสุรา กรมสรรพสามิต"
    },
    {
      "code": "3604",
      "display": "องค์การส่งเสริมกิจการโคนมแห่งประเทศไทย"
    },
    {
      "code": "3605",
      "display": "องค์การสวนพฤกษศาสตร์"
    },
    {
      "code": "3606",
      "display": "องค์การสวนยาง"
    },
    {
      "code": "3607",
      "display": "องค์การสะพานปลา"
    },
    {
      "code": "3608",
      "display": "องค์การอุตสาหกรรมป่าไม้"
    },
    {
      "code": "3701",
      "display": "บริษัท ธนารักษ์พัฒนาสินทรัพย์ จำกัด"
    },
    {
      "code": "3702",
      "display": "สหโรงแรมไทยและการท่องเที่ยว จำกัด"
    },
    {
      "code": "3703",
      "display": "สำนักงานสลากกินแบ่งรัฐบาล"
    },
    {
      "code": "3704",
      "display": "องค์การคลังสินค้า"
    },
    {
      "code": "3705",
      "display": "องค์การตลาด"
    },
    {
      "code": "3801",
      "display": "การกีฬาแห่งประเทศไทย"
    },
    {
      "code": "3802",
      "display": "การท่องเที่ยวแห่งประเทศไทย"
    },
    {
      "code": "3803",
      "display": "สถาบันวิจัยวิทยาศาสตร์และเทคโนโลยีแห่งประเทศไทย"
    },
    {
      "code": "3804",
      "display": "สำนักงานธนานุเคราะห์ กรมพัฒนาสังคมและสวัสดิการ"
    },
    {
      "code": "3805",
      "display": "องค์การพิพิธภัณฑ์วิทยาศาสตร์แห่งชาติ"
    },
    {
      "code": "3806",
      "display": "องค์การเภสัชกรรม"
    },
    {
      "code": "3807",
      "display": "องค์การสวนสัตว์"
    },
    {
      "code": "3901",
      "display": "ธนาคารกรุงไทย จำกัด (มหาชน)"
    },
    {
      "code": "3902",
      "display": "ธนาคารพัฒนาวิสาหกิจขนาดกลางและขนาดย่อมแห่งประเทศไทย  "
    },
    {
      "code": "3903",
      "display": "ธนาคารเพื่อการเกษตรและสหกรณ์การเกษตร"
    },
    {
      "code": "3904",
      "display": "ธนาคารเพื่อการส่งออกและนำเข้าแห่งประเทศไทย"
    },
    {
      "code": "3905",
      "display": "ธนาคารออมสิน"
    },
    {
      "code": "3906",
      "display": "ธนาคารอาคารสงเคราะห์"
    },
    {
      "code": "3907",
      "display": "ธนาคารอิสลามแห่งประเทศไทย"
    },
    {
      "code": "3908",
      "display": "บรรษัทตลาดรองสินเชื่อที่อยู่อาศัย"
    },
    {
      "code": "3909",
      "display": "บรรษัทประกันสินเชื่ออุตสาหกรรมขนาดย่อม"
    },
    {
      "code": "4100",
      "display": "กองทุนเงินทดแทน"
    },
    {
      "code": "4200",
      "display": "กองทุนประกันสังคม"
    },
    {
      "code": "5100",
      "display": "ประกันสุขภาพภาคเอกชน"
    },
    {
      "code": "6100",
      "display": "กองทุนผู้ประสบภัยจากรถ"
    },
    {
      "code": "7100",
      "display": "พนักงาน/เจ้าหน้าที่หรือผู้ปฏิบัติงานสังกัดองค์กรอิสระตามรัฐธรรมนูญ"
    },
    {
      "code": "8100",
      "display": "สิทธิพิเศษเฉพาะกลุ่มอนุเคราะห์"
    },
    {
      "code": "8200",
      "display": "สิทธิที่โรงพยาบาลให้การอนุเคราะห์"
    },
    {
      "code": "8300",
      "display": "บุคคลที่มีปัญหาสถานะ ชำระเงินเอง"
    },
    {
      "code": "8301",
      "display": "บุคคลที่มีปัญหาสถานะบุคคลที่มีปัญหาสถานะ และใช้สิทธิ์ตามโครงการคืนสิทธิ์ของกระทรวงสาธารณสุข"
    },
    {
      "code": "8302",
      "display": "บุคคลที่มีปัญหาสถานะ ชำระเงินเต็มจำนวน"
    },
    {
      "code": "8308",
      "display": "บุคคลที่มีปัญหาสถานะ ใช้สิทธิ์อื่นๆ"
    },
    {
      "code": "8400",
      "display": "บุคคลที่มีสิทธิต่างด้าว ชำระเงินเอง"
    },
    {
      "code": "8401",
      "display": "ประชากรต่างด้าวเข้าเมืองถูกกฎหมาย และซื้อประกันสุขภาพกับกระทรวงสาธารณสุข"
    },
    {
      "code": "8402",
      "display": "ประชากรต่างด้าวเข้าเมืองถูกกฎหมาย และอยู่ในระบบประกันสังคม"
    },
    {
      "code": "8403",
      "display": "ประชากรต่างด้าวเข้าเมืองถูกกฎหมาย สามารถเสียค่าใช้จ่ายในการรักษาพยาบาลได้เองบางส่วน"
    },
    {
      "code": "8404",
      "display": "ประชากรต่างด้าวเข้าเมืองถูกกฎหมาย ไม่สามารถจ่ายค่ารักษาพยาบาลเองได้"
    },
    {
      "code": "8405",
      "display": "ประชากรต่างด้าวเข้าเมืองไม่ถูกกฎหมาย แต่ซื้อประกันสุขภาพกับกระทรวงสาธารณสุขได้"
    },
    {
      "code": "8406",
      "display": "ประชากรต่างด้าวเข้าเมืองไม่ถูกกฎหมาย เสียค่าใช้จ่ายในการรักษาพยาบาลได้เองบางส่วน"
    },
    {
      "code": "8407",
      "display": "ประชากรต่างด้าวเข้าเมืองไม่ถูกกฎหมาย ไม่สามารถจ่ายค่ารักษาพยาบาลเองได้"
    },
    {
      "code": "8408",
      "display": "บุคคลที่มีสิทธิต่างด้าว ที่มีสิทธิ์อื่นๆ"
    },
    {
      "code": "9100",
      "display": "ชำระเงินเอง"
    }
  ]
}