{
  "resourceType": "CodeSystem",
  "id": "cs-thcc-pid-remove-reason",
  "text": {
    "status": "generated",
    "div": "<div xmlns=\"http://www.w3.org/1999/xhtml\"><p>This code system https://terms.sil-th.org/CodeSystem/cs-thcc-pid-remove-reason defines the following codes:</p><table class=\"codes\"><tr><td style=\"white-space:nowrap\"><b>Code</b></td><td><b>Display</b></td></tr><tr><td style=\"white-space:nowrap\">1<a name=\"cs-thcc-pid-remove-reason-1\"> </a></td><td>ตาย</td></tr><tr><td style=\"white-space:nowrap\">2<a name=\"cs-thcc-pid-remove-reason-2\"> </a></td><td>ย้าย</td></tr><tr><td style=\"white-space:nowrap\">3<a name=\"cs-thcc-pid-remove-reason-3\"> </a></td><td>สาบสูญ</td></tr><tr><td style=\"white-space:nowrap\">9<a name=\"cs-thcc-pid-remove-reason-9\"> </a></td><td>ไม่จำหน่าย</td></tr></table></div>"
  },
  "url": "https://terms.sil-th.org/CodeSystem/cs-thcc-pid-remove-reason",
  "version": "0.1.0",
  "name": "CS_THCC_PidRemoveReason",
  "title": "สถานะ/สาเหตุการจำหน่าย",
  "status": "active",
  "date": "2022-08-10T01:32:39+07:00",
  "description": "สถานะ/สาเหตุการจำหน่าย จาก THCC ซึ่งใช้ในโครงสร้างข้อมูล 43 แฟ้ม",
  "jurisdiction": [
    {
      "coding": [
        {
          "system": "urn:iso:std:iso:3166",
          "code": "TH"
        }
      ]
    }
  ],
  "content": "complete",
  "count": 4,
  "concept": [
    {
      "code": "1",
      "display": "ตาย"
    },
    {
      "code": "2",
      "display": "ย้าย"
    },
    {
      "code": "3",
      "display": "สาบสูญ"
    },
    {
      "code": "9",
      "display": "ไม่จำหน่าย"
    }
  ]
}