{
  "resourceType": "CodeSystem",
  "id": "cs-thcc-postnatal-perineum",
  "text": {
    "status": "generated",
    "div": "<div xmlns=\"http://www.w3.org/1999/xhtml\"><p>This code system http://terms.sil-th.org/CodeSystem/cs-thcc-postnatal-perineum defines the following codes:</p><table class=\"codes\"><tr><td style=\"white-space:nowrap\"><b>Code</b></td><td><b>Display</b></td></tr><tr><td style=\"white-space:nowrap\">1<a name=\"cs-thcc-postnatal-perineum-1\"> </a></td><td>ปกติ</td></tr><tr><td style=\"white-space:nowrap\">2<a name=\"cs-thcc-postnatal-perineum-2\"> </a></td><td>มีเลือดซึม</td></tr><tr><td style=\"white-space:nowrap\">3<a name=\"cs-thcc-postnatal-perineum-3\"> </a></td><td>มีแผลเป็นหนอง</td></tr><tr><td style=\"white-space:nowrap\">4<a name=\"cs-thcc-postnatal-perineum-4\"> </a></td><td>ผิดปกติอื่นๆ</td></tr></table></div>"
  },
  "url": "http://terms.sil-th.org/CodeSystem/cs-thcc-postnatal-perineum",
  "version": "0.1.0",
  "name": "CS_THCC_PostnatalPerineum",
  "title": "รหัสการตรวจฝีเย็บหลังคลอด",
  "status": "active",
  "date": "2022-08-16T23:36:06+07:00",
  "description": "รหัสการตรวจฝีเย็บหลังคลอด เพื่อใช้ประกอบโครงสร้างข้อมูล 43 แฟ้ม",
  "jurisdiction": [
    {
      "coding": [
        {
          "system": "urn:iso:std:iso:3166",
          "code": "TH"
        }
      ]
    }
  ],
  "content": "complete",
  "count": 4,
  "concept": [
    {
      "code": "1",
      "display": "ปกติ"
    },
    {
      "code": "2",
      "display": "มีเลือดซึม"
    },
    {
      "code": "3",
      "display": "มีแผลเป็นหนอง"
    },
    {
      "code": "4",
      "display": "ผิดปกติอื่นๆ"
    }
  ]
}