{
  "resourceType": "CodeSystem",
  "id": "cs-thcc-accident-patient-type",
  "text": {
    "status": "generated",
    "div": "<div xmlns=\"http://www.w3.org/1999/xhtml\"><p>This code system http://terms.sil-th.org/CodeSystem/cs-thcc-accident-patient-type defines the following codes:</p><table class=\"codes\"><tr><td style=\"white-space:nowrap\"><b>Code</b></td><td><b>Display</b></td></tr><tr><td style=\"white-space:nowrap\">1<a name=\"cs-thcc-accident-patient-type-1\"> </a></td><td>ผู้ขับขี่</td></tr><tr><td style=\"white-space:nowrap\">2<a name=\"cs-thcc-accident-patient-type-2\"> </a></td><td>ผู้โดยสาร</td></tr><tr><td style=\"white-space:nowrap\">3<a name=\"cs-thcc-accident-patient-type-3\"> </a></td><td>คนเดินเท้า</td></tr><tr><td style=\"white-space:nowrap\">8<a name=\"cs-thcc-accident-patient-type-8\"> </a></td><td>อื่นๆ</td></tr><tr><td style=\"white-space:nowrap\">9<a name=\"cs-thcc-accident-patient-type-9\"> </a></td><td>ไม่ทราบ</td></tr></table></div>"
  },
  "url": "http://terms.sil-th.org/CodeSystem/cs-thcc-accident-patient-type",
  "version": "0.1.0",
  "name": "CS_THCC_AccidentPatientType",
  "title": "ประเภทผู้บาดเจ็บ",
  "status": "active",
  "date": "2022-08-16T00:23:13+07:00",
  "description": "ใช้ระบุประเภทผู้บาดเจ็บ ซึ่งใช้ในโครงสร้างข้อมูล 43 แฟ้ม",
  "jurisdiction": [
    {
      "coding": [
        {
          "system": "urn:iso:std:iso:3166",
          "code": "TH"
        }
      ]
    }
  ],
  "content": "complete",
  "count": 5,
  "concept": [
    {
      "code": "1",
      "display": "ผู้ขับขี่"
    },
    {
      "code": "2",
      "display": "ผู้โดยสาร"
    },
    {
      "code": "3",
      "display": "คนเดินเท้า"
    },
    {
      "code": "8",
      "display": "อื่นๆ"
    },
    {
      "code": "9",
      "display": "ไม่ทราบ"
    }
  ]
}