{
  "resourceType": "CodeSystem",
  "id": "cs-thcc-accident-obs",
  "text": {
    "status": "generated",
    "div": "<div xmlns=\"http://www.w3.org/1999/xhtml\"><p>This code system http://terms.sil-th.org/CodeSystem/cs-thcc-accident-obs defines the following codes:</p><table class=\"codes\"><tr><td style=\"white-space:nowrap\"><b>Code</b></td><td><b>Display</b></td></tr><tr><td style=\"white-space:nowrap\">injury<a name=\"cs-thcc-accident-obs-injury\"> </a></td><td>ประเภทผู้บาดเจ็บ (อุบัติเหตุจราจร)</td></tr><tr><td style=\"white-space:nowrap\">vehicle<a name=\"cs-thcc-accident-obs-vehicle\"> </a></td><td>ประเภทยานพาหนะที่เกิดเหตุ</td></tr><tr><td style=\"white-space:nowrap\">seatbelt<a name=\"cs-thcc-accident-obs-seatbelt\"> </a></td><td>การคาดเข็มขัดนิรภัย</td></tr><tr><td style=\"white-space:nowrap\">helmet<a name=\"cs-thcc-accident-obs-helmet\"> </a></td><td>การสวมหมวกนิรภัย</td></tr><tr><td style=\"white-space:nowrap\">breathing<a name=\"cs-thcc-accident-obs-breathing\"> </a></td><td>การดูแลการหายใจ</td></tr><tr><td style=\"white-space:nowrap\">stop-bleed<a name=\"cs-thcc-accident-obs-stop-bleed\"> </a></td><td>การห้ามเลือด</td></tr><tr><td style=\"white-space:nowrap\">splint<a name=\"cs-thcc-accident-obs-splint\"> </a></td><td>การใส่ splint/ slab</td></tr><tr><td style=\"white-space:nowrap\">iv-fluid<a name=\"cs-thcc-accident-obs-iv-fluid\"> </a></td><td>การให้น้ำเกลือ</td></tr></table></div>"
  },
  "url": "http://terms.sil-th.org/CodeSystem/cs-thcc-accident-obs",
  "version": "0.1.0",
  "name": "CS_THCC_AccidentObs",
  "title": "ชนิดประวัติการเกิดอุบัติเหตุ",
  "status": "active",
  "date": "2022-08-16T00:23:13+07:00",
  "description": "ใช้ระบุชนิดประวัติการเกิดอุบัติเหตุ ซึ่งใช้ในโครงสร้างข้อมูล 43 แฟ้ม",
  "jurisdiction": [
    {
      "coding": [
        {
          "system": "urn:iso:std:iso:3166",
          "code": "TH"
        }
      ]
    }
  ],
  "content": "complete",
  "count": 8,
  "concept": [
    {
      "code": "injury",
      "display": "ประเภทผู้บาดเจ็บ (อุบัติเหตุจราจร)"
    },
    {
      "code": "vehicle",
      "display": "ประเภทยานพาหนะที่เกิดเหตุ"
    },
    {
      "code": "seatbelt",
      "display": "การคาดเข็มขัดนิรภัย"
    },
    {
      "code": "helmet",
      "display": "การสวมหมวกนิรภัย"
    },
    {
      "code": "breathing",
      "display": "การดูแลการหายใจ"
    },
    {
      "code": "stop-bleed",
      "display": "การห้ามเลือด"
    },
    {
      "code": "splint",
      "display": "การใส่ splint/ slab"
    },
    {
      "code": "iv-fluid",
      "display": "การให้น้ำเกลือ"
    }
  ]
}