{
  "resourceType": "CodeSystem",
  "id": "cs-thcc-village-area",
  "text": {
    "status": "generated",
    "div": "<div xmlns=\"http://www.w3.org/1999/xhtml\"><p>This code system https://terms.sil-th.org/CodeSystem/cs-thcc-village-area defines the following codes:</p><table class=\"codes\"><tr><td style=\"white-space:nowrap\"><b>Code</b></td><td><b>Display</b></td></tr><tr><td style=\"white-space:nowrap\">1<a name=\"cs-thcc-village-area-1\"> </a></td><td>เทศบาล</td></tr><tr><td style=\"white-space:nowrap\">2<a name=\"cs-thcc-village-area-2\"> </a></td><td>อบต.</td></tr><tr><td style=\"white-space:nowrap\">3<a name=\"cs-thcc-village-area-3\"> </a></td><td>ทั้งสองเขต</td></tr></table></div>"
  },
  "url": "https://terms.sil-th.org/CodeSystem/cs-thcc-village-area",
  "version": "0.1.0",
  "name": "CS_THCC_VillageArea",
  "title": "เขตที่ตั้งของหมู่บ้าน",
  "status": "active",
  "date": "2022-08-16T21:51:46+07:00",
  "description": "เขตที่ตั้งของหมู่บ้าน จาก THCC ซึ่งใช้ในโครงสร้างข้อมูล 43 แฟ้ม",
  "jurisdiction": [
    {
      "coding": [
        {
          "system": "urn:iso:std:iso:3166",
          "code": "TH"
        }
      ]
    }
  ],
  "content": "complete",
  "count": 3,
  "concept": [
    {
      "code": "1",
      "display": "เทศบาล"
    },
    {
      "code": "2",
      "display": "อบต."
    },
    {
      "code": "3",
      "display": "ทั้งสองเขต"
    }
  ]
}